# Blender 4.1.1
# www.blender.org
mtllib cannon.mtl
o Circle
v 0.186155 0.184949 0.935861
v 0.365155 0.184949 0.881562
v 0.530123 0.184949 0.793384
v 0.674719 0.184949 0.674718
v 0.793385 0.184949 0.530122
v 0.881562 0.184949 0.365154
v 0.935861 0.184949 0.186153
v 0.954195 0.184949 -0.000001
v 0.935861 0.184949 -0.186155
v 0.881561 0.184949 -0.365156
v 0.793384 0.184949 -0.530124
v 0.674717 0.184949 -0.674719
v 0.530122 0.184949 -0.793385
v 0.365154 0.184949 -0.881562
v 0.186153 0.184949 -0.935861
v 0.177247 0.278736 0.891079
v 0.347682 0.278736 0.839378
v 0.504756 0.278736 0.755420
v 0.642433 0.278736 0.642432
v 0.755421 0.278736 0.504755
v 0.839379 0.278736 0.347681
v 0.891079 0.278736 0.177246
v 0.908537 0.278736 -0.000001
v 0.891079 0.278736 -0.177248
v 0.839378 0.278736 -0.347683
v 0.755420 0.278736 -0.504757
v 0.642432 0.278736 -0.642433
v 0.504755 0.278736 -0.755421
v 0.347681 0.278736 -0.839379
v 0.177245 0.278736 -0.891080
v 0.742645 0.705597 0.251698
v 0.717514 1.282432 -0.057212
v 0.676138 1.286065 -0.006797
v 0.659358 0.708764 0.353181
v 0.804798 0.704185 0.135917
v 0.748564 1.280812 -0.114730
v 0.843427 0.704582 0.010287
v 0.768092 1.281267 -0.177140
v 0.857049 0.706773 -0.120364
v 0.775350 1.283781 -0.242045
v 0.845141 0.710673 -0.251015
v 0.770059 1.288256 -0.306949
v 0.808159 0.716132 -0.376645
v 0.752420 1.294520 -0.369360
v 0.747524 0.722941 -0.492426
v 0.723113 1.302333 -0.426878
v 0.665568 0.730838 -0.593909
v 0.683264 1.311395 -0.477292
v 0.558138 0.713563 0.436466
v 0.626024 1.291572 0.034578
v 0.668823 1.314433 -0.479200
v 0.628031 0.281356 -0.645808
v 0.490404 0.277699 0.752045
v 0.613710 1.289294 0.032670
v 0.636587 0.734373 -0.597617
v 0.529653 0.714250 0.432759
v 0.000000 0.184949 -0.954195
v 0.000000 0.184949 0.954195
v -0.186155 0.184949 0.935861
v -0.365155 0.184949 0.881562
v -0.530123 0.184949 0.793384
v -0.674719 0.184949 0.674718
v -0.793385 0.184949 0.530122
v -0.881562 0.184949 0.365154
v -0.935861 0.184949 0.186153
v -0.954195 0.184949 -0.000001
v -0.935861 0.184949 -0.186155
v -0.881561 0.184949 -0.365156
v -0.793384 0.184949 -0.530124
v -0.674717 0.184949 -0.674719
v -0.530122 0.184949 -0.793385
v -0.365154 0.184949 -0.881562
v -0.186153 0.184949 -0.935861
v 0.000000 0.278736 -0.908537
v 0.000000 0.278736 0.908536
v -0.177247 0.278736 0.891079
v -0.347682 0.278736 0.839378
v -0.504756 0.278736 0.755420
v -0.642433 0.278736 0.642432
v -0.755421 0.278736 0.504755
v -0.839379 0.278736 0.347681
v -0.891079 0.278736 0.177246
v -0.908537 0.278736 -0.000001
v -0.891079 0.278736 -0.177248
v -0.839378 0.278736 -0.347683
v -0.755420 0.278736 -0.504757
v -0.642432 0.278736 -0.642433
v -0.504755 0.278736 -0.755421
v -0.347681 0.278736 -0.839379
v -0.177245 0.278736 -0.891080
v -0.742645 0.705597 0.251698
v -0.717514 1.282432 -0.057212
v -0.676138 1.286065 -0.006797
v -0.659358 0.708764 0.353181
v -0.804798 0.704185 0.135917
v -0.748564 1.280812 -0.114730
v -0.843427 0.704582 0.010287
v -0.768092 1.281267 -0.177140
v -0.857049 0.706773 -0.120364
v -0.775350 1.283781 -0.242045
v -0.845141 0.710673 -0.251015
v -0.770059 1.288256 -0.306949
v -0.808159 0.716132 -0.376645
v -0.752420 1.294520 -0.369360
v -0.747524 0.722941 -0.492426
v -0.723113 1.302333 -0.426878
v -0.665568 0.730838 -0.593909
v -0.683264 1.311395 -0.477292
v -0.558138 0.713563 0.436466
v -0.626024 1.291572 0.034578
v -0.668823 1.314433 -0.479200
v -0.628031 0.281356 -0.645808
v -0.490404 0.277699 0.752045
v -0.613710 1.289294 0.032670
v -0.636587 0.734373 -0.597617
v -0.529653 0.714250 0.432759
vn -0.3611 0.7768 0.5160
vn 0.2117 0.8330 0.5111
vn 0.2117 0.8330 -0.5111
vn 0.7163 -0.5077 0.4786
vn 0.6334 0.4267 0.6456
vn 0.6092 -0.5077 0.6092
vn 0.7959 -0.5077 0.3297
vn 0.7591 0.3916 0.5199
vn 0.9271 0.3195 0.1961
vn 0.8593 0.3551 0.3681
vn 0.8450 -0.5077 0.1681
vn 0.9576 0.2881 0.0102
vn 0.8450 -0.5077 -0.1681
vn 0.8615 -0.5077 -0.0000
vn 0.7959 -0.5077 -0.3297
vn 0.9476 0.2635 -0.1805
vn 0.8076 0.2424 -0.5376
vn 0.8969 0.2479 -0.3662
vn 0.7163 -0.5077 -0.4786
vn 0.5653 0.3484 -0.7477
vn 0.6092 -0.5077 -0.6092
vn 0.3073 0.8330 -0.4600
vn 0.3297 -0.5077 -0.7959
vn 0.4786 -0.5077 -0.7163
vn -0.3318 -0.4789 0.8127
vn 0.1079 0.8330 0.5426
vn 0.1681 -0.5077 -0.8450
vn 0.1681 -0.5077 0.8450
vn -0.3319 -0.4789 -0.8127
vn 0.1079 0.8330 -0.5426
vn 0.4786 -0.5077 0.7163
vn 0.3297 -0.5077 0.7959
vn 0.3250 0.5936 0.7362
vn 0.5022 0.1106 -0.8577
vn -0.4911 -0.4887 -0.7211
vn -0.5990 0.1410 -0.7882
vn -0.3320 -0.4789 -0.8127
vn -0.3613 0.7768 0.5158
vn -0.3613 0.7768 -0.5159
vn 0.2427 0.5463 0.8017
vn 0.6603 0.3921 0.6405
vn 0.2649 0.7990 0.5399
vn -0.6707 -0.4024 0.6231
vn 0.8354 0.0629 -0.5461
vn 0.4361 0.6730 -0.5974
vn 0.6491 0.6855 -0.3299
vn 0.9252 0.0667 -0.3735
vn 0.7028 0.6781 -0.2150
vn 0.9784 0.0898 -0.1864
vn 0.7287 0.6786 -0.0922
vn 0.9915 0.1300 0.0065
vn 0.7263 0.6867 0.0315
vn 0.9631 0.1853 0.1951
vn 0.6969 0.7015 0.1489
vn 0.8948 0.2510 0.3693
vn 0.6439 0.7217 0.2539
vn 0.7913 0.3218 0.5199
vn 0.5720 0.7455 0.3420
vn 0.4868 0.7711 0.4105
vn -0.5911 0.7334 0.3358
vn -0.7759 0.4217 0.4692
vn -0.4621 0.7000 -0.5445
vn -0.3611 0.7768 0.5159
vn -0.3074 0.8330 -0.4600
vn -0.3251 0.5936 0.7362
vn -0.6334 0.4267 0.6456
vn -0.7163 -0.5077 0.4786
vn -0.6092 -0.5077 0.6092
vn -0.7590 0.3916 0.5201
vn -0.7960 -0.5077 0.3297
vn -0.9271 0.3195 0.1961
vn -0.8450 -0.5077 0.1681
vn -0.9576 0.2881 0.0102
vn -0.8615 -0.5077 -0.0000
vn -0.8450 -0.5077 -0.1681
vn -0.9476 0.2635 -0.1806
vn -0.7960 -0.5077 -0.3297
vn -0.8076 0.2424 -0.5376
vn -0.7163 -0.5077 -0.4786
vn -0.5653 0.3484 -0.7477
vn -0.6092 -0.5077 -0.6092
vn -0.4786 -0.5077 -0.7163
vn -0.3297 -0.5077 -0.7960
vn -0.1079 0.8330 0.5426
vn -0.1681 -0.5077 0.8450
vn -0.2117 0.8330 -0.5111
vn -0.1681 -0.5077 -0.8450
vn -0.2117 0.8330 0.5111
vn -0.3297 -0.5077 0.7960
vn -0.1079 0.8330 -0.5426
vn -0.3318 -0.4789 -0.8127
vn -0.4786 -0.5077 0.7163
vn -0.5022 0.1106 -0.8577
vn 0.4911 -0.4887 -0.7211
vn -0.2427 0.5463 0.8017
vn -0.2649 0.7990 0.5399
vn -0.6603 0.3921 0.6405
vn 0.6707 -0.4024 0.6231
vn -0.8353 0.0629 -0.5462
vn -0.4361 0.6730 -0.5974
vn -0.9252 0.0667 -0.3735
vn -0.8969 0.2479 -0.3662
vn -0.7028 0.6781 -0.2150
vn -0.9784 0.0898 -0.1864
vn -0.7287 0.6786 -0.0922
vn -0.9915 0.1300 0.0065
vn -0.7263 0.6867 0.0315
vn -0.9631 0.1853 0.1951
vn -0.6969 0.7015 0.1489
vn -0.8948 0.2510 0.3693
vn -0.8593 0.3551 0.3681
vn -0.6439 0.7217 0.2539
vn -0.7913 0.3218 0.5199
vn -0.5720 0.7455 0.3420
vn -0.4868 0.7711 0.4105
vn 0.5911 0.7334 0.3358
vn 0.5990 0.1410 -0.7882
vn 0.4621 0.7000 -0.5445
vn 0.7759 0.4217 0.4692
vn -0.3611 0.7768 -0.5159
vn -0.3320 -0.4789 0.8127
vn -0.6491 0.6855 -0.3299
s 1
f 75//1 17//2 29//3
f 5//4 19//5 4//6
f 6//7 20//8 5//4
f 6//7 22//9 21//10
f 7//11 23//12 22//9
f 9//13 23//12 8//14
f 10//15 24//16 9//13
f 10//15 26//17 25//18
f 11//19 27//20 26//17
f 12//21 28//22 27//20
f 14//23 28//22 13//24
f 58//25 16//26 75//1
f 15//27 29//3 14//23
f 1//28 17//2 16//26
f 57//29 30//30 15//27
f 3//31 17//2 2//32
f 3//31 19//5 18//33
f 47//34 52//35 55//36
f 57//37 75//38 74//39
f 58//25 13//24 9//13
f 19//5 49//40 18//33
f 34//41 50//42 49//40
f 27//20 53//43 52//35
f 49//40 53//43 18//33
f 26//17 47//34 45//44
f 45//44 48//45 46//46
f 26//17 43//47 25//18
f 45//44 44//48 43//47
f 25//18 41//49 24//16
f 43//47 42//50 41//49
f 24//16 39//51 23//12
f 41//49 40//52 39//51
f 23//12 37//53 22//9
f 39//51 38//54 37//53
f 22//9 35//55 21//10
f 37//53 36//56 35//55
f 21//10 31//57 20//8
f 35//55 32//58 31//57
f 20//8 34//41 19//5
f 31//57 33//59 34//41
f 54//60 55//36 56//61
f 49//40 54//60 56//61
f 51//62 54//60 38//54
f 48//45 55//36 51//62
f 56//61 52//35 53//43
f 75//63 88//64 78//65
f 79//66 63//67 62//68
f 80//69 64//70 63//67
f 64//70 82//71 65//72
f 65//72 83//73 66//74
f 83//73 67//75 66//74
f 84//76 68//77 67//75
f 68//77 86//78 69//79
f 69//79 87//80 70//81
f 70//81 88//64 71//82
f 88//64 72//83 71//82
f 58//25 76//84 59//85
f 89//86 73//87 72//83
f 59//85 77//88 60//89
f 90//90 57//91 73//87
f 77//88 61//92 60//89
f 61//92 79//66 62//68
f 107//93 112//94 87//80
f 57//91 60//89 68//77
f 109//95 79//66 78//65
f 110//96 94//97 109//95
f 87//80 113//98 78//65
f 113//98 109//95 78//65
f 86//78 107//93 87//80
f 105//99 108//100 107//93
f 103//101 86//78 85//102
f 104//103 105//99 103//101
f 101//104 85//102 84//76
f 102//105 103//101 101//104
f 99//106 84//76 83//73
f 100//107 101//104 99//106
f 97//108 83//73 82//71
f 98//109 99//106 97//108
f 95//110 82//71 81//111
f 96//112 97//108 95//110
f 91//113 81//111 80//69
f 92//114 95//110 91//113
f 94//97 80//69 79//66
f 93//115 91//113 94//97
f 114//116 115//117 111//118
f 109//95 114//116 110//96
f 98//109 96//112 114//116
f 108//100 115//117 107//93
f 112//94 116//119 113//98
f 75//1 16//26 17//2
f 17//2 18//33 27//20
f 27//20 28//22 17//2
f 28//22 29//3 17//2
f 29//3 30//30 74//120
f 74//120 75//1 29//3
f 5//4 20//8 19//5
f 6//7 21//10 20//8
f 6//7 7//11 22//9
f 7//11 8//14 23//12
f 9//13 24//16 23//12
f 10//15 25//18 24//16
f 10//15 11//19 26//17
f 11//19 12//21 27//20
f 12//21 13//24 28//22
f 14//23 29//3 28//22
f 58//25 1//28 16//26
f 15//27 30//30 29//3
f 1//28 2//32 17//2
f 57//29 74//120 30//30
f 3//31 18//33 17//2
f 3//31 4//6 19//5
f 47//34 27//20 52//35
f 57//37 58//121 75//38
f 2//32 1//28 3//31
f 1//28 58//25 3//31
f 58//25 57//29 13//24
f 57//29 15//27 13//24
f 15//27 14//23 13//24
f 13//24 12//21 11//19
f 11//19 10//15 13//24
f 10//15 9//13 13//24
f 9//13 8//14 5//4
f 8//14 7//11 5//4
f 7//11 6//7 5//4
f 5//4 4//6 3//31
f 5//4 3//31 9//13
f 3//31 58//25 9//13
f 19//5 34//41 49//40
f 34//41 33//59 50//42
f 27//20 18//33 53//43
f 49//40 56//61 53//43
f 26//17 27//20 47//34
f 45//44 47//34 48//45
f 26//17 45//44 43//47
f 45//44 46//46 44//48
f 25//18 43//47 41//49
f 43//47 44//48 42//50
f 24//16 41//49 39//51
f 41//49 42//50 40//52
f 23//12 39//51 37//53
f 39//51 40//52 38//54
f 22//9 37//53 35//55
f 37//53 38//54 36//56
f 21//10 35//55 31//57
f 35//55 36//56 32//58
f 20//8 31//57 34//41
f 31//57 32//58 33//59
f 54//60 51//62 55//36
f 49//40 50//42 54//60
f 50//42 33//59 54//60
f 33//59 32//58 54//60
f 32//58 36//56 54//60
f 36//56 38//54 54//60
f 38//54 40//52 51//62
f 40//52 42//50 51//62
f 42//50 44//48 51//62
f 44//48 46//46 51//62
f 46//46 48//45 51//62
f 48//45 47//34 55//36
f 56//61 55//36 52//35
f 77//88 76//84 75//63
f 75//63 74//120 88//64
f 74//120 90//90 88//64
f 90//90 89//86 88//64
f 88//64 87//80 78//65
f 78//65 77//88 75//63
f 79//66 80//69 63//67
f 80//69 81//111 64//70
f 64//70 81//111 82//71
f 65//72 82//71 83//73
f 83//73 84//76 67//75
f 84//76 85//102 68//77
f 68//77 85//102 86//78
f 69//79 86//78 87//80
f 70//81 87//80 88//64
f 88//64 89//86 72//83
f 58//25 75//63 76//84
f 89//86 90//90 73//87
f 59//85 76//84 77//88
f 90//90 74//120 57//91
f 77//88 78//65 61//92
f 61//92 78//65 79//66
f 107//93 115//117 112//94
f 58//25 59//85 60//89
f 60//89 61//92 64//70
f 61//92 62//68 64//70
f 62//68 63//67 64//70
f 64//70 65//72 66//74
f 66//74 67//75 68//77
f 68//77 69//79 70//81
f 70//81 71//82 72//83
f 72//83 73//87 57//91
f 57//91 58//25 60//89
f 64//70 66//74 60//89
f 66//74 68//77 60//89
f 68//77 70//81 72//83
f 72//83 57//91 68//77
f 109//95 94//97 79//66
f 110//96 93//115 94//97
f 87//80 112//94 113//98
f 113//98 116//119 109//95
f 86//78 105//99 107//93
f 105//99 106//122 108//100
f 103//101 105//99 86//78
f 104//103 106//122 105//99
f 101//104 103//101 85//102
f 102//105 104//103 103//101
f 99//106 101//104 84//76
f 100//107 102//105 101//104
f 97//108 99//106 83//73
f 98//109 100//107 99//106
f 95//110 97//108 82//71
f 96//112 98//109 97//108
f 91//113 95//110 81//111
f 92//114 96//112 95//110
f 94//97 91//113 80//69
f 93//115 92//114 91//113
f 114//116 116//119 115//117
f 109//95 116//119 114//116
f 92//114 93//115 114//116
f 93//115 110//96 114//116
f 114//116 111//118 98//109
f 92//114 114//116 96//112
f 111//118 108//100 106//122
f 106//122 104//103 111//118
f 104//103 102//105 111//118
f 102//105 100//107 111//118
f 100//107 98//109 111//118
f 108//100 111//118 115//117
f 112//94 115//117 116//119
o Cylinder
v -0.113348 1.371285 -0.913962
v -0.222341 1.341174 -0.900307
v -0.322790 1.292277 -0.878131
v -0.410834 1.226473 -0.848287
v -0.483090 1.146290 -0.811922
v -0.536781 1.054810 -0.770433
v -0.569844 0.955548 -0.725416
v -0.581008 0.852319 -0.678599
v -0.569844 0.749090 -0.631782
v -0.536782 0.649828 -0.586765
v -0.483091 0.558348 -0.545276
v -0.410835 0.478165 -0.508911
v -0.322791 0.412360 -0.479068
v -0.222342 0.363463 -0.456892
v -0.113349 0.333352 -0.443236
v 0.000000 0.323185 -0.438625
v 0.113349 0.333352 -0.443236
v 0.222342 0.363462 -0.456891
v 0.322791 0.412360 -0.479067
v 0.410835 0.478164 -0.508911
v 0.483090 0.558347 -0.545276
v 0.536781 0.649828 -0.586765
v 0.569844 0.749090 -0.631782
v 0.581008 0.852318 -0.678599
v 0.569844 0.955547 -0.725416
v 0.536781 1.054809 -0.770433
v 0.483090 1.146289 -0.811922
v 0.410835 1.226472 -0.848287
v 0.322791 1.292277 -0.878130
v 0.222342 1.341174 -0.900307
v 0.113349 1.371285 -0.913962
v 0.000000 1.381452 -0.918573
v 0.000011 1.438903 0.074664
v 0.043534 1.434999 0.076435
v 0.085385 1.423438 0.081678
v 0.123954 1.404662 0.090193
v 0.157761 1.379395 0.101652
v 0.185505 1.348607 0.115615
v 0.206121 1.313481 0.131546
v 0.218816 1.275367 0.148831
v 0.223102 1.235730 0.166808
v 0.218816 1.196093 0.184784
v 0.206121 1.157979 0.202070
v 0.185505 1.122854 0.218000
v 0.157761 1.092065 0.231963
v 0.123954 1.066798 0.243422
v 0.085385 1.048023 0.251937
v 0.043534 1.036461 0.257181
v 0.000011 1.032557 0.258951
v -0.043512 1.036461 0.257181
v -0.085362 1.048023 0.251937
v -0.123932 1.066798 0.243422
v -0.157738 1.092065 0.231963
v -0.185482 1.122854 0.218000
v -0.206098 1.157979 0.202070
v -0.218793 1.196093 0.184784
v -0.223080 1.235730 0.166808
v -0.218793 1.275367 0.148831
v -0.206098 1.313481 0.131546
v -0.185482 1.348607 0.115615
v -0.157738 1.379395 0.101652
v -0.123931 1.404663 0.090193
v -0.085362 1.423438 0.081678
v -0.043511 1.434999 0.076435
v 0.000497 1.235731 0.166808
v 0.000000 1.520268 -0.516080
v 0.105580 1.510797 -0.511785
v 0.207103 1.482750 -0.499065
v 0.300668 1.437204 -0.478409
v 0.382677 1.375910 -0.450611
v 0.449981 1.301222 -0.416738
v 0.499992 1.216012 -0.378093
v 0.530789 1.123553 -0.336161
v 0.541187 1.027399 -0.292553
v 0.530789 0.931245 -0.248945
v 0.499992 0.838787 -0.207013
v 0.449981 0.753576 -0.168368
v 0.382677 0.678889 -0.134495
v 0.300668 0.617594 -0.106697
v 0.207103 0.572048 -0.086041
v 0.105580 0.544001 -0.073321
v 0.000000 0.534531 -0.069026
v -0.105581 0.544001 -0.073321
v -0.207104 0.572048 -0.086041
v -0.300668 0.617594 -0.106697
v -0.382677 0.678889 -0.134495
v -0.449981 0.753577 -0.168368
v -0.499992 0.838787 -0.207013
v -0.530789 0.931246 -0.248945
v -0.541187 1.027400 -0.292553
v -0.530788 1.123554 -0.336161
v -0.499992 1.216012 -0.378094
v -0.449980 1.301223 -0.416739
v -0.382677 1.375910 -0.450611
v -0.300667 1.437205 -0.478409
v -0.207103 1.482750 -0.499066
v -0.105580 1.510798 -0.511786
v -0.000011 1.726936 0.142770
v 0.089138 1.718940 0.146396
v 0.174862 1.695258 0.157137
v 0.253864 1.656800 0.174578
v 0.323111 1.605044 0.198050
v 0.379940 1.541981 0.226651
v 0.422168 1.470031 0.259282
v 0.448172 1.391962 0.294688
v 0.456952 1.310772 0.331510
v 0.448172 1.229583 0.368331
v 0.422168 1.151513 0.403737
v 0.379940 1.079564 0.436368
v 0.323111 1.016500 0.464969
v 0.253864 0.964745 0.488441
v 0.174861 0.926287 0.505883
v 0.089138 0.902605 0.516623
v -0.000011 0.894609 0.520250
v -0.089160 0.902605 0.516623
v -0.174883 0.926287 0.505883
v -0.253886 0.964745 0.488441
v -0.323132 1.016500 0.464969
v -0.379962 1.079564 0.436368
v -0.422189 1.151514 0.403737
v -0.448193 1.229583 0.368331
v -0.456974 1.310773 0.331509
v -0.448193 1.391962 0.294688
v -0.422189 1.470032 0.259282
v -0.379961 1.541981 0.226651
v -0.323132 1.605045 0.198050
v -0.253885 1.656800 0.174578
v -0.174882 1.695258 0.157136
v -0.089159 1.718940 0.146396
v -0.000019 2.369940 1.943572
v 0.058221 2.364716 1.945942
v 0.114223 2.349244 1.952958
v 0.165835 2.324120 1.964352
v 0.211073 2.290309 1.979687
v 0.248199 2.249110 1.998371
v 0.275786 2.202106 2.019689
v 0.292774 2.151104 2.042819
v 0.298510 2.098064 2.066874
v 0.292774 2.045024 2.090929
v 0.275786 1.994022 2.114060
v 0.248199 1.947019 2.135377
v 0.211073 1.905820 2.154062
v 0.165835 1.872008 2.169396
v 0.114223 1.846884 2.180790
v 0.058221 1.831413 2.187807
v -0.000019 1.826189 2.190176
v -0.058259 1.831413 2.187807
v -0.114261 1.846884 2.180790
v -0.165873 1.872009 2.169396
v -0.211111 1.905820 2.154062
v -0.248237 1.947019 2.135377
v -0.275824 1.994022 2.114060
v -0.292811 2.045024 2.090929
v -0.298548 2.098065 2.066874
v -0.292811 2.151105 2.042819
v -0.275823 2.202107 2.019688
v -0.248236 2.249110 1.998371
v -0.211110 2.290309 1.979686
v -0.165872 2.324121 1.964352
v -0.114260 2.349245 1.952958
v -0.058258 2.364716 1.945942
v 0.062313 2.414752 2.006461
v 0.068564 2.431517 1.967343
v -0.000019 2.437669 1.964553
v -0.000019 2.420342 2.003926
v 0.122250 2.398193 2.013971
v 0.134512 2.413298 1.975606
v 0.177488 2.371304 2.026166
v 0.195289 2.383712 1.989024
v 0.225904 2.335117 2.042578
v 0.248561 2.343897 2.007081
v 0.265639 2.291023 2.062575
v 0.292280 2.295381 2.029084
v 0.295164 2.240717 2.085390
v 0.324767 2.240030 2.054187
v 0.313346 2.186132 2.110146
v 0.344772 2.179970 2.081426
v 0.319485 2.129365 2.135891
v 0.351526 2.117511 2.109752
v 0.313346 2.072598 2.161636
v 0.344772 2.055051 2.138079
v 0.295164 2.018013 2.186392
v 0.324767 1.994992 2.165318
v 0.265639 1.967707 2.209207
v 0.292280 1.939640 2.190421
v 0.225904 1.923613 2.229204
v 0.248561 1.891125 2.212424
v 0.177488 1.887426 2.245616
v 0.195289 1.851309 2.230481
v 0.122250 1.860537 2.257811
v 0.134512 1.821723 2.243899
v 0.062313 1.843979 2.265320
v 0.068564 1.803504 2.252162
v -0.000019 1.838388 2.267856
v -0.000019 1.797353 2.254952
v -0.062351 1.843979 2.265320
v -0.068602 1.803504 2.252162
v -0.122288 1.860537 2.257811
v -0.134549 1.821723 2.243899
v -0.177526 1.887426 2.245616
v -0.195327 1.851309 2.230481
v -0.225942 1.923613 2.229204
v -0.248599 1.891125 2.212424
v -0.265677 1.967707 2.209207
v -0.292318 1.939641 2.190421
v -0.295202 2.018013 2.186392
v -0.324804 1.994992 2.165318
v -0.313383 2.072598 2.161636
v -0.344809 2.055051 2.138079
v -0.319522 2.129365 2.135891
v -0.351564 2.117511 2.109752
v -0.313383 2.186132 2.110146
v -0.344809 2.179971 2.081425
v -0.295202 2.240717 2.085390
v -0.324804 2.240030 2.054187
v -0.265676 2.291024 2.062575
v -0.292318 2.295381 2.029084
v -0.225942 2.335117 2.042577
v -0.248598 2.343897 2.007081
v -0.177525 2.371304 2.026166
v -0.195326 2.383713 1.989024
v -0.122287 2.398193 2.013971
v -0.134549 2.413298 1.975606
v -0.062350 2.414752 2.006461
v -0.068601 2.431517 1.967343
v -0.000199 2.434135 1.942435
v -0.000019 2.402846 1.944203
v 0.064017 2.397102 1.946809
v 0.068502 2.427972 1.945229
v 0.125592 2.380092 1.954523
v 0.134563 2.409722 1.953506
v 0.182340 2.352468 1.967052
v 0.195445 2.380086 1.966947
v 0.232080 2.315292 1.983912
v 0.248808 2.340201 1.985036
v 0.272900 2.269993 2.004456
v 0.292603 2.291602 2.007077
v 0.303233 2.218311 2.027894
v 0.325145 2.236156 2.032223
v 0.321911 2.162234 2.053327
v 0.345184 2.175993 2.059508
v 0.328218 2.103916 2.079776
v 0.351951 2.113426 2.087883
v 0.321911 2.045597 2.106225
v 0.345184 2.050859 2.116259
v 0.303233 1.989520 2.131657
v 0.325145 1.990696 2.143544
v 0.272900 1.937838 2.155096
v 0.292603 1.935250 2.168691
v 0.232080 1.892540 2.175640
v 0.248808 1.886651 2.190732
v 0.182340 1.855364 2.192500
v 0.195445 1.846766 2.208820
v 0.125592 1.827739 2.205028
v 0.134563 1.817130 2.222261
v 0.064017 1.810729 2.212743
v 0.068502 1.798880 2.230538
v -0.000019 1.804985 2.215348
v -0.000199 1.792717 2.233332
v -0.064055 1.810729 2.212743
v -0.068900 1.798880 2.230538
v -0.125630 1.827739 2.205028
v -0.134961 1.817130 2.222261
v -0.182378 1.855364 2.192500
v -0.195843 1.846766 2.208820
v -0.232118 1.892540 2.175640
v -0.249207 1.886651 2.190731
v -0.272938 1.937839 2.155096
v -0.293001 1.935250 2.168690
v -0.303270 1.989520 2.131657
v -0.325543 1.990696 2.143544
v -0.321949 2.045597 2.106224
v -0.345583 2.050859 2.116259
v -0.328256 2.103916 2.079776
v -0.352349 2.113426 2.087883
v -0.321949 2.162234 2.053327
v -0.345582 2.175993 2.059508
v -0.303270 2.218312 2.027894
v -0.325543 2.236156 2.032223
v -0.272938 2.269993 2.004456
v -0.293001 2.291603 2.007076
v -0.232117 2.315292 1.983912
v -0.249206 2.340202 1.985035
v -0.182377 2.352468 1.967052
v -0.195843 2.380086 1.966947
v -0.125629 2.380092 1.954523
v -0.134961 2.409723 1.953506
v -0.064054 2.397103 1.946808
v -0.068900 2.427973 1.945229
v 0.000000 1.132531 -1.102428
v 0.083937 1.125002 -1.099013
v 0.164649 1.102704 -1.088901
v 0.239034 1.066495 -1.072479
v 0.304232 1.017765 -1.050379
v 0.357739 0.958388 -1.023450
v 0.397498 0.890645 -0.992727
v 0.421982 0.817139 -0.959391
v 0.430249 0.740696 -0.924722
v 0.421982 0.664253 -0.890053
v 0.397498 0.590747 -0.856717
v 0.357739 0.523004 -0.825993
v 0.304232 0.463627 -0.799064
v 0.239034 0.414897 -0.776964
v 0.164649 0.378688 -0.760542
v 0.083937 0.356390 -0.750430
v 0.000000 0.348861 -0.747015
v -0.083938 0.356390 -0.750430
v -0.164649 0.378688 -0.760543
v -0.239034 0.414897 -0.776964
v -0.304232 0.463627 -0.799064
v -0.357739 0.523004 -0.825993
v -0.397498 0.590747 -0.856717
v -0.421982 0.664253 -0.890053
v -0.430249 0.740696 -0.924722
v -0.421982 0.817140 -0.959391
v -0.397498 0.890645 -0.992727
v -0.357739 0.958388 -1.023450
v -0.304232 1.017766 -1.050379
v -0.239033 1.066495 -1.072479
v -0.164649 1.102705 -1.088901
v -0.083937 1.125002 -1.099014
v 0.000000 0.797933 -1.062739
v 0.021291 0.796023 -1.061873
v 0.041763 0.790367 -1.059308
v 0.060631 0.781183 -1.055143
v 0.077168 0.768823 -1.049537
v 0.090740 0.753762 -1.042707
v 0.100825 0.736579 -1.034914
v 0.107035 0.717934 -1.026458
v 0.109132 0.698544 -1.017664
v 0.107035 0.679155 -1.008871
v 0.100825 0.660510 -1.000415
v 0.090740 0.643327 -0.992622
v 0.077168 0.628266 -0.985792
v 0.060631 0.615906 -0.980186
v 0.041763 0.606721 -0.976021
v 0.021291 0.601066 -0.973455
v 0.000000 0.599156 -0.972589
v -0.021291 0.601066 -0.973455
v -0.041763 0.606721 -0.976021
v -0.060631 0.615906 -0.980186
v -0.077168 0.628266 -0.985792
v -0.090740 0.643327 -0.992622
v -0.100825 0.660510 -1.000415
v -0.107035 0.679155 -1.008871
v -0.109132 0.698545 -1.017664
v -0.107035 0.717934 -1.026458
v -0.100825 0.736579 -1.034914
v -0.090740 0.753762 -1.042707
v -0.077168 0.768823 -1.049537
v -0.060630 0.781183 -1.055143
v -0.041763 0.790368 -1.059308
v -0.021290 0.796023 -1.061873
v 0.000000 0.802195 -1.154679
v 0.029456 0.799553 -1.153481
v 0.057781 0.791728 -1.149932
v 0.083884 0.779021 -1.144169
v 0.106764 0.761920 -1.136414
v 0.125542 0.741083 -1.126964
v 0.139494 0.717309 -1.116182
v 0.148086 0.691514 -1.104483
v 0.150988 0.664688 -1.092317
v 0.148086 0.637862 -1.080150
v 0.139494 0.612066 -1.068452
v 0.125542 0.588293 -1.057670
v 0.106764 0.567456 -1.048220
v 0.083884 0.550355 -1.040464
v 0.057781 0.537648 -1.034701
v 0.029456 0.529823 -1.031152
v 0.000000 0.527181 -1.029954
v -0.029456 0.529823 -1.031152
v -0.057780 0.537648 -1.034701
v -0.083884 0.550355 -1.040464
v -0.106764 0.567456 -1.048220
v -0.125542 0.588293 -1.057670
v -0.139494 0.612066 -1.068452
v -0.148086 0.637862 -1.080150
v -0.150988 0.664688 -1.092317
v -0.148086 0.691514 -1.104483
v -0.139494 0.717310 -1.116182
v -0.125541 0.741083 -1.126964
v -0.106764 0.761920 -1.136414
v -0.083884 0.779021 -1.144169
v -0.057780 0.791728 -1.149932
v -0.029456 0.799553 -1.153481
v 0.000000 0.679644 -1.182060
v 0.009889 0.678757 -1.181658
v 0.019397 0.676130 -1.180466
v 0.028161 0.671864 -1.178532
v 0.035842 0.666123 -1.175928
v 0.042145 0.659128 -1.172755
v 0.046829 0.651147 -1.169136
v 0.049714 0.642488 -1.165209
v 0.050688 0.633482 -1.161124
v 0.049714 0.624476 -1.157040
v 0.046829 0.615817 -1.153113
v 0.042145 0.607836 -1.149493
v 0.035842 0.600841 -1.146321
v 0.028161 0.595100 -1.143717
v 0.019397 0.590834 -1.141782
v 0.009889 0.588207 -1.140591
v 0.000000 0.587320 -1.140189
v -0.009889 0.588207 -1.140591
v -0.019397 0.590834 -1.141782
v -0.028160 0.595100 -1.143717
v -0.035841 0.600841 -1.146321
v -0.042145 0.607836 -1.149493
v -0.046829 0.615817 -1.153113
v -0.049714 0.624476 -1.157040
v -0.050687 0.633482 -1.161124
v -0.049714 0.642488 -1.165209
v -0.046829 0.651147 -1.169136
v -0.042145 0.659128 -1.172755
v -0.035841 0.666124 -1.175928
v -0.028160 0.671864 -1.178532
v -0.019397 0.676130 -1.180466
v -0.009888 0.678757 -1.181658
v 0.086847 1.766795 0.279753
v 0.170368 1.743722 0.290217
v 0.247341 1.706252 0.307210
v 0.314808 1.655827 0.330080
v 0.370177 1.594383 0.357946
v 0.411320 1.524282 0.389738
v 0.436656 1.448219 0.424235
v 0.445211 1.369115 0.460110
v 0.436656 1.290012 0.495985
v 0.411320 1.213948 0.530482
v 0.370177 1.143847 0.562274
v 0.314808 1.082404 0.590140
v 0.247341 1.031978 0.613010
v 0.170368 0.994509 0.630003
v 0.086847 0.971435 0.640467
v -0.000011 0.963644 0.644001
v -0.086870 0.971435 0.640467
v -0.170391 0.994509 0.630003
v -0.247364 1.031978 0.613009
v -0.314831 1.082404 0.590140
v -0.370200 1.143848 0.562274
v -0.411343 1.213948 0.530482
v -0.436679 1.290012 0.495985
v -0.445233 1.369115 0.460110
v -0.436678 1.448219 0.424234
v -0.411343 1.524283 0.389738
v -0.370200 1.594383 0.357946
v -0.314830 1.655827 0.330079
v -0.247363 1.706252 0.307210
v -0.170390 1.743722 0.290217
v -0.086869 1.766795 0.279753
v -0.000011 1.774586 0.276219
v 0.092008 1.792157 0.272857
v 0.094435 1.741458 0.131577
v 0.180491 1.767713 0.283943
v 0.185252 1.716369 0.142955
v 0.262038 1.728017 0.301946
v 0.268949 1.675627 0.161433
v 0.333514 1.674595 0.326174
v 0.342310 1.620796 0.186300
v 0.392173 1.609501 0.355696
v 0.402516 1.553985 0.216600
v 0.435760 1.535235 0.389377
v 0.447252 1.477761 0.251170
v 0.462601 1.454652 0.425924
v 0.474801 1.395053 0.288680
v 0.471664 1.370848 0.463930
v 0.484103 1.309039 0.327689
v 0.462601 1.287045 0.501937
v 0.474801 1.223026 0.366698
v 0.435760 1.206462 0.538484
v 0.447252 1.140318 0.404208
v 0.392173 1.132196 0.572165
v 0.402516 1.064093 0.438778
v 0.333514 1.067102 0.601687
v 0.342310 0.997282 0.469078
v 0.262038 1.013680 0.625915
v 0.268949 0.942452 0.493945
v 0.180491 0.973984 0.643918
v 0.185252 0.901709 0.512423
v 0.092008 0.949539 0.655004
v 0.094435 0.876620 0.523801
v -0.000011 0.941286 0.658747
v -0.000011 0.868148 0.527643
v -0.092031 0.949539 0.655004
v -0.094457 0.876620 0.523801
v -0.180514 0.973984 0.643918
v -0.185273 0.901709 0.512423
v -0.262060 1.013680 0.625915
v -0.268970 0.942452 0.493945
v -0.333537 1.067102 0.601687
v -0.342331 0.997282 0.469078
v -0.392195 1.132196 0.572165
v -0.402537 1.064093 0.438778
v -0.435783 1.206462 0.538484
v -0.447274 1.140318 0.404208
v -0.462624 1.287045 0.501937
v -0.474823 1.223026 0.366698
v -0.471687 1.370849 0.463930
v -0.484125 1.309039 0.327689
v -0.462624 1.454652 0.425923
v -0.474822 1.395053 0.288680
v -0.435783 1.535235 0.389377
v -0.447274 1.477761 0.251170
v -0.392195 1.609501 0.355696
v -0.402537 1.553985 0.216600
v -0.333536 1.674596 0.326174
v -0.342331 1.620796 0.186300
v -0.262060 1.728017 0.301946
v -0.268969 1.675627 0.161433
v -0.180513 1.767713 0.283943
v -0.185272 1.716369 0.142955
v -0.092030 1.792158 0.272857
v -0.094456 1.741458 0.131577
v -0.000011 1.749930 0.127735
v -0.000011 1.800411 0.269114
v -0.000015 2.096865 1.178796
v -0.071381 2.090463 1.181699
v -0.140006 2.071505 1.190297
v -0.203250 2.040719 1.204259
v -0.258684 1.999287 1.223049
v -0.304178 1.948802 1.245945
v -0.337983 1.891204 1.272067
v -0.358800 1.828707 1.300411
v -0.365829 1.763712 1.329888
v -0.358800 1.698717 1.359364
v -0.337983 1.636220 1.387708
v -0.304178 1.578622 1.413830
v -0.258685 1.528138 1.436726
v -0.203251 1.486706 1.455517
v -0.140006 1.455919 1.469479
v -0.071382 1.436961 1.478077
v -0.000015 1.430559 1.480980
v 0.071351 1.436961 1.478077
v 0.139975 1.455919 1.469479
v 0.203220 1.486706 1.455517
v 0.258654 1.528137 1.436726
v 0.304148 1.578622 1.413830
v 0.337952 1.636220 1.387708
v 0.358769 1.698717 1.359365
v 0.365798 1.763712 1.329888
v 0.358769 1.828707 1.300411
v 0.337952 1.891204 1.272067
v 0.304148 1.948802 1.245946
v 0.258654 1.999286 1.223049
v 0.203220 2.040718 1.204259
v 0.139976 2.071505 1.190297
v 0.071351 2.090463 1.181699
v -0.069595 2.127793 1.285724
v -0.136501 2.109310 1.294107
v -0.198162 2.079294 1.307720
v -0.252209 2.038899 1.326039
v -0.296564 1.989679 1.348362
v -0.329522 1.933523 1.373830
v -0.349818 1.872591 1.401464
v -0.356671 1.809223 1.430203
v -0.349818 1.745855 1.458942
v -0.329522 1.684923 1.486576
v -0.296564 1.628767 1.512044
v -0.252209 1.579546 1.534367
v -0.198163 1.539151 1.552687
v -0.136502 1.509135 1.566300
v -0.069596 1.490652 1.574683
v -0.000016 1.484411 1.577513
v 0.069564 1.490652 1.574683
v 0.136470 1.509135 1.566300
v 0.198131 1.539151 1.552687
v 0.252178 1.579546 1.534367
v 0.296532 1.628767 1.512044
v 0.329491 1.684922 1.486576
v 0.349786 1.745855 1.458942
v 0.356639 1.809222 1.430203
v 0.349786 1.872590 1.401465
v 0.329491 1.933523 1.373830
v 0.296532 1.989678 1.348362
v 0.252178 2.038899 1.326040
v 0.198131 2.079294 1.307720
v 0.136470 2.109309 1.294107
v 0.069564 2.127793 1.285724
v -0.000016 2.134034 1.282894
v -0.074219 2.150476 1.279456
v -0.076124 2.110665 1.168518
v -0.145571 2.130764 1.288396
v -0.149308 2.090446 1.177687
v -0.211330 2.098753 1.302913
v -0.216756 2.057614 1.192577
v -0.268968 2.055675 1.322451
v -0.275874 2.013429 1.212616
v -0.316270 2.003183 1.346257
v -0.324391 1.959589 1.237034
v -0.351419 1.943295 1.373417
v -0.360442 1.898164 1.264892
v -0.373063 1.878314 1.402888
v -0.382642 1.831514 1.295119
v -0.380372 1.810735 1.433536
v -0.390138 1.762200 1.326555
v -0.373063 1.743156 1.464185
v -0.382642 1.692886 1.357990
v -0.351419 1.678175 1.493656
v -0.360442 1.626236 1.388217
v -0.316270 1.618287 1.520816
v -0.324391 1.564810 1.416075
v -0.268968 1.565795 1.544622
v -0.275874 1.510971 1.440493
v -0.211330 1.522717 1.564160
v -0.216756 1.466786 1.460532
v -0.145572 1.490706 1.578677
v -0.149309 1.433953 1.475422
v -0.074220 1.470994 1.587617
v -0.076125 1.413735 1.484592
v -0.000016 1.464338 1.590636
v -0.000015 1.406908 1.487688
v 0.074188 1.470994 1.587617
v 0.076094 1.413735 1.484592
v 0.145540 1.490706 1.578677
v 0.149278 1.433953 1.475422
v 0.211299 1.522717 1.564160
v 0.216725 1.466785 1.460532
v 0.268937 1.565795 1.544622
v 0.275843 1.510970 1.440493
v 0.316239 1.618287 1.520816
v 0.324360 1.564810 1.416075
v 0.351387 1.678174 1.493656
v 0.360411 1.626235 1.388218
v 0.373032 1.743156 1.464185
v 0.382612 1.692886 1.357990
v 0.380340 1.810735 1.433537
v 0.390108 1.762200 1.326555
v 0.373032 1.878313 1.402888
v 0.382612 1.831514 1.295119
v 0.351387 1.943295 1.373417
v 0.360411 1.898164 1.264892
v 0.316239 2.003182 1.346257
v 0.324360 1.959589 1.237034
v 0.268937 2.055674 1.322451
v 0.275843 2.013429 1.212616
v 0.211299 2.098753 1.302914
v 0.216726 2.057614 1.192578
v 0.145540 2.130764 1.288396
v 0.149278 2.090446 1.177687
v 0.074188 2.150476 1.279456
v 0.076094 2.110664 1.168518
v -0.000016 2.157131 1.276438
v -0.000015 2.117491 1.165422
v 0.106650 1.459135 -0.638721
v 0.209202 1.430804 -0.625872
v 0.303714 1.384796 -0.605007
v 0.386555 1.322881 -0.576926
v 0.454541 1.247436 -0.542711
v 0.505059 1.161362 -0.503674
v 0.536167 1.067967 -0.461317
v 0.546671 0.970839 -0.417267
v 0.536167 0.873710 -0.373217
v 0.505059 0.780315 -0.330860
v 0.454541 0.694241 -0.291823
v 0.386555 0.618796 -0.257608
v 0.303714 0.556881 -0.229527
v 0.209202 0.510873 -0.208662
v 0.106650 0.482542 -0.195813
v 0.000000 0.472976 -0.191475
v -0.106650 0.482542 -0.195813
v -0.209202 0.510873 -0.208662
v -0.303715 0.556881 -0.229528
v -0.386555 0.618797 -0.257608
v -0.454541 0.694241 -0.291824
v -0.505059 0.780315 -0.330860
v -0.536167 0.873711 -0.373217
v -0.546671 0.970839 -0.417267
v -0.536167 1.067967 -0.461317
v -0.505058 1.161363 -0.503674
v -0.454540 1.247437 -0.542711
v -0.386554 1.322881 -0.576927
v -0.303714 1.384797 -0.605007
v -0.209201 1.430804 -0.625872
v -0.106649 1.459135 -0.638721
v 0.000000 1.468701 -0.643059
v 0.000000 1.488437 -0.655170
v 0.000000 1.542171 -0.522854
v -0.110017 1.532303 -0.518379
v -0.215807 1.503077 -0.505124
v -0.313304 1.455617 -0.483600
v -0.398760 1.391747 -0.454633
v -0.468893 1.313920 -0.419337
v -0.521006 1.225128 -0.379068
v -0.553097 1.128783 -0.335373
v -0.563933 1.028588 -0.289932
v -0.553097 0.928393 -0.244492
v -0.521006 0.832048 -0.200797
v -0.468893 0.743257 -0.160528
v -0.398761 0.665430 -0.125232
v -0.313305 0.601559 -0.096265
v -0.215808 0.554099 -0.074740
v -0.110018 0.524873 -0.061486
v 0.000000 0.515005 -0.057010
v 0.110018 0.524873 -0.061486
v 0.215808 0.554099 -0.074740
v 0.313304 0.601559 -0.096265
v 0.398761 0.665430 -0.125232
v 0.468893 0.743256 -0.160528
v 0.521006 0.832048 -0.200797
v 0.553097 0.928393 -0.244491
v 0.563933 1.028588 -0.289932
v 0.553097 1.128783 -0.335373
v 0.521006 1.225128 -0.379068
v 0.468893 1.313919 -0.419337
v 0.398761 1.391746 -0.454633
v 0.313304 1.455617 -0.483600
v 0.215808 1.503077 -0.505124
v 0.110018 1.532303 -0.518379
v 0.111133 1.478469 -0.650649
v 0.217995 1.448947 -0.637260
v 0.316479 1.401006 -0.615518
v 0.402802 1.336488 -0.586257
v 0.473645 1.257873 -0.550604
v 0.526286 1.168181 -0.509926
v 0.558702 1.070860 -0.465789
v 0.569647 0.969650 -0.419888
v 0.558702 0.868440 -0.373987
v 0.526286 0.771119 -0.329849
v 0.473645 0.681427 -0.289172
v 0.402802 0.602812 -0.253518
v 0.316479 0.538294 -0.224258
v 0.217995 0.490353 -0.202515
v 0.111133 0.460831 -0.189126
v 0.000000 0.450862 -0.184606
v -0.111133 0.460831 -0.189126
v -0.217995 0.490353 -0.202515
v -0.316479 0.538294 -0.224258
v -0.402802 0.602812 -0.253518
v -0.473645 0.681427 -0.289172
v -0.526286 0.771119 -0.329849
v -0.558702 0.868440 -0.373987
v -0.569647 0.969650 -0.419888
v -0.558702 1.070861 -0.465789
v -0.526285 1.168182 -0.509927
v -0.473644 1.257873 -0.550604
v -0.402801 1.336489 -0.586258
v -0.316478 1.401006 -0.615518
v -0.217994 1.448947 -0.637260
v -0.111132 1.478469 -0.650649
v -0.000019 2.372123 2.023291
v -0.000018 2.327066 2.005022
v 0.045654 2.322969 2.006880
v 0.052186 2.367440 2.025414
v 0.089571 2.310837 2.012382
v 0.102384 2.353572 2.031704
v 0.130045 2.291134 2.021317
v 0.148647 2.331052 2.041918
v 0.165521 2.264619 2.033343
v 0.189196 2.300745 2.055662
v 0.194636 2.232311 2.047995
v 0.222475 2.263815 2.072411
v 0.216270 2.195450 2.064713
v 0.247203 2.221683 2.091519
v 0.229592 2.155454 2.082852
v 0.262430 2.175967 2.112252
v 0.234090 2.113859 2.101716
v 0.267572 2.128423 2.133814
v 0.229592 2.072265 2.120580
v 0.262430 2.080880 2.155376
v 0.216270 2.032269 2.138719
v 0.247203 2.035164 2.176110
v 0.194636 1.995408 2.155436
v 0.222475 1.993031 2.195218
v 0.165521 1.963100 2.170089
v 0.189196 1.956102 2.211966
v 0.130045 1.936585 2.182114
v 0.148647 1.925795 2.225711
v 0.089571 1.916882 2.191050
v 0.102384 1.903275 2.235924
v 0.045654 1.904750 2.196552
v 0.052186 1.889407 2.242214
v -0.000019 1.900653 2.198410
v -0.000019 1.884724 2.244338
v -0.045691 1.904750 2.196552
v -0.052223 1.889407 2.242214
v -0.089608 1.916882 2.191049
v -0.102421 1.903275 2.235924
v -0.130082 1.936585 2.182114
v -0.148684 1.925795 2.225711
v -0.165558 1.963100 2.170089
v -0.189234 1.956102 2.211966
v -0.194673 1.995408 2.155436
v -0.222512 1.993031 2.195218
v -0.216307 2.032269 2.138719
v -0.247240 2.035164 2.176110
v -0.229629 2.072265 2.120580
v -0.262468 2.080880 2.155376
v -0.234127 2.113860 2.101716
v -0.267609 2.128423 2.133814
v -0.229629 2.155454 2.082851
v -0.262468 2.175967 2.112252
v -0.216306 2.195450 2.064712
v -0.247240 2.221683 2.091519
v -0.194672 2.232311 2.047995
v -0.222512 2.263815 2.072411
v -0.165558 2.264619 2.033343
v -0.189234 2.300745 2.055662
v -0.130082 2.291134 2.021317
v -0.148684 2.331052 2.041917
v -0.089608 2.310837 2.012382
v -0.102421 2.353572 2.031704
v -0.045690 2.322969 2.006880
v -0.052223 2.367440 2.025414
v 0.000000 1.387994 -1.016764
v 0.122423 1.377013 -1.011784
v 0.240142 1.344491 -0.997035
v 0.348632 1.291680 -0.973084
v 0.443725 1.220607 -0.940850
v 0.521765 1.134005 -0.901574
v 0.579754 1.035201 -0.856765
v 0.615464 0.927992 -0.808143
v 0.627522 0.816499 -0.757578
v 0.615464 0.705006 -0.707014
v 0.579754 0.597798 -0.658392
v 0.521765 0.498994 -0.613582
v 0.443725 0.412392 -0.574306
v 0.348632 0.341319 -0.542073
v 0.240142 0.288507 -0.518122
v 0.122423 0.255986 -0.503372
v 0.000000 0.245005 -0.498392
v -0.122424 0.255986 -0.503372
v -0.240142 0.288508 -0.518122
v -0.348632 0.341319 -0.542073
v -0.443725 0.412392 -0.574306
v -0.521765 0.498994 -0.613582
v -0.579755 0.597798 -0.658392
v -0.615464 0.705007 -0.707014
v -0.627521 0.816500 -0.757579
v -0.615464 0.927993 -0.808143
v -0.579754 1.035201 -0.856765
v -0.521765 1.134005 -0.901575
v -0.443724 1.220607 -0.940851
v -0.348631 1.291680 -0.973084
v -0.240141 1.344492 -0.997035
v -0.122422 1.377013 -1.011784
v 0.000000 1.174009 -1.132332
v 0.093717 1.165603 -1.128520
v 0.183832 1.140708 -1.117229
v 0.266882 1.100280 -1.098894
v 0.339677 1.045873 -1.074219
v 0.399418 0.979577 -1.044153
v 0.443809 0.903942 -1.009851
v 0.471145 0.821873 -0.972630
v 0.480375 0.736523 -0.933922
v 0.471145 0.651174 -0.895214
v 0.443809 0.569105 -0.857994
v 0.399418 0.493469 -0.823692
v 0.339677 0.427174 -0.793625
v 0.266882 0.372767 -0.768950
v 0.183832 0.332339 -0.750615
v 0.093717 0.307443 -0.739325
v 0.000000 0.299037 -0.735512
v -0.093717 0.307443 -0.739325
v -0.183832 0.332339 -0.750615
v -0.266882 0.372767 -0.768950
v -0.339677 0.427174 -0.793625
v -0.399418 0.493469 -0.823692
v -0.443809 0.569105 -0.857994
v -0.471145 0.651174 -0.895215
v -0.480375 0.736524 -0.933922
v -0.471145 0.821873 -0.972630
v -0.443809 0.903942 -1.009851
v -0.399417 0.979578 -1.044153
v -0.339676 1.045873 -1.074220
v -0.266882 1.100280 -1.098894
v -0.183831 1.140708 -1.117229
v -0.093716 1.165603 -1.128520
v 0.112562 1.362013 -0.924827
v 0.220798 1.332111 -0.911266
v 0.320549 1.283554 -0.889244
v 0.407982 1.218206 -0.859607
v 0.479736 1.138579 -0.823495
v 0.533054 1.047734 -0.782294
v 0.565887 0.949162 -0.737589
v 0.576974 0.846650 -0.691098
v 0.565887 0.744138 -0.644606
v 0.533054 0.645565 -0.599901
v 0.479736 0.554720 -0.558701
v 0.407982 0.475094 -0.522588
v 0.320549 0.409746 -0.492952
v 0.220798 0.361189 -0.470930
v 0.112562 0.331287 -0.457368
v 0.000000 0.321190 -0.452789
v -0.112562 0.331287 -0.457368
v -0.220798 0.361189 -0.470930
v -0.320550 0.409747 -0.492952
v -0.407982 0.475094 -0.522588
v -0.479736 0.554721 -0.558701
v -0.533054 0.645566 -0.599901
v -0.565887 0.744138 -0.644606
v -0.576973 0.846650 -0.691098
v -0.565887 0.949162 -0.737589
v -0.533054 1.047735 -0.782294
v -0.479736 1.138580 -0.823495
v -0.407981 1.218206 -0.859607
v -0.320549 1.283554 -0.889244
v -0.220797 1.332112 -0.911266
v -0.112561 1.362013 -0.924827
v 0.000000 1.372109 -0.929406
v -0.000018 2.282530 1.903606
v -0.045952 2.278409 1.905475
v 0.045918 2.278409 1.905475
v 0.090087 2.266207 1.911009
v 0.130795 2.246391 1.919996
v 0.166475 2.219724 1.932090
v 0.195757 2.187229 1.946827
v 0.217515 2.150156 1.963641
v 0.230914 2.109930 1.981884
v 0.235438 2.068096 2.000857
v 0.230914 2.026263 2.019830
v 0.217515 1.986036 2.038073
v 0.195757 1.948964 2.054886
v 0.166475 1.916469 2.069623
v 0.130795 1.889802 2.081718
v 0.090087 1.869986 2.090705
v 0.045918 1.857783 2.096239
v -0.000018 1.853663 2.098108
v -0.045953 1.857783 2.096239
v -0.090123 1.869986 2.090705
v -0.130830 1.889802 2.081718
v -0.166510 1.916469 2.069623
v -0.195792 1.948964 2.054886
v -0.217550 1.986036 2.038073
v -0.230949 2.026263 2.019830
v -0.235473 2.068097 2.000857
v -0.230949 2.109931 1.981884
v -0.217550 2.150157 1.963641
v -0.195792 2.187229 1.946827
v -0.166510 2.219724 1.932090
v -0.130829 2.246391 1.919996
v -0.090122 2.266207 1.911009
v 0.093819 1.800363 0.268906
v 0.095267 1.759131 0.160425
v 0.184043 1.775438 0.280210
v 0.186882 1.733821 0.171903
v 0.267195 1.734961 0.298567
v 0.271316 1.692719 0.190544
v 0.340077 1.680488 0.323272
v 0.345322 1.637406 0.215630
v 0.399891 1.614112 0.353375
v 0.406057 1.570007 0.246197
v 0.444336 1.538385 0.387719
v 0.451187 1.493112 0.281071
v 0.471705 1.456216 0.424984
v 0.478977 1.409676 0.318911
v 0.480947 1.370763 0.463739
v 0.488360 1.322906 0.358263
v 0.471705 1.285311 0.502494
v 0.478975 1.236136 0.397615
v 0.444336 1.203142 0.539760
v 0.451183 1.152701 0.435454
v 0.399891 1.127414 0.574104
v 0.406053 1.075808 0.470327
v 0.340077 1.061039 0.604207
v 0.345317 1.008410 0.500894
v 0.267195 1.006566 0.628911
v 0.271312 0.953098 0.525979
v 0.184043 0.966089 0.647269
v 0.186879 0.911997 0.544619
v 0.093819 0.941163 0.658573
v 0.095265 0.886688 0.556097
v -0.000011 0.932747 0.662390
v -0.000011 0.878142 0.559973
v -0.093842 0.941163 0.658573
v -0.095286 0.886688 0.556097
v -0.184066 0.966089 0.647269
v -0.186901 0.911998 0.544619
v -0.267217 1.006566 0.628911
v -0.271333 0.953098 0.525979
v -0.340100 1.061039 0.604207
v -0.345339 1.008410 0.500894
v -0.399913 1.127415 0.574104
v -0.406074 1.075808 0.470327
v -0.444359 1.203142 0.539759
v -0.451205 1.152701 0.435454
v -0.471728 1.285311 0.502494
v -0.478997 1.236136 0.397615
v -0.480969 1.370764 0.463739
v -0.493652 1.307738 0.324817
v -0.471728 1.456216 0.424984
v -0.484167 1.395444 0.285040
v -0.444358 1.538385 0.387719
v -0.456075 1.479780 0.246791
v -0.400502 1.599639 0.320508
v -0.410458 1.557504 0.211542
v -0.340600 1.666112 0.290361
v -0.349067 1.625630 0.180645
v -0.267610 1.720664 0.265620
v -0.274262 1.681539 0.155289
v -0.184336 1.761200 0.247236
v -0.188918 1.723084 0.136447
v -0.093979 1.786162 0.235915
v -0.096315 1.748667 0.124845
v -0.000011 1.767677 0.156549
v -0.000011 1.794591 0.232093
v -0.075679 2.165733 1.295314
v -0.076682 2.133842 1.212826
v -0.148436 2.145633 1.304430
v -0.150403 2.113476 1.222062
v -0.215489 2.112993 1.319233
v -0.218344 2.080403 1.237062
v -0.274261 2.069066 1.339155
v -0.277895 2.035893 1.257248
v -0.322494 2.015542 1.363429
v -0.330774 1.971090 1.252057
v -0.358334 1.954476 1.391124
v -0.367535 1.908456 1.280463
v -0.380405 1.888215 1.421175
v -0.390172 1.840495 1.311285
v -0.387857 1.819307 1.452426
v -0.397816 1.769816 1.343339
v -0.380405 1.750398 1.483678
v -0.390172 1.699138 1.375393
v -0.359395 1.666807 1.476582
v -0.367535 1.631176 1.406216
v -0.323450 1.605560 1.504359
v -0.330775 1.568542 1.434622
v -0.275074 1.551876 1.528706
v -0.281303 1.513643 1.459520
v -0.216128 1.507819 1.548687
v -0.221022 1.468588 1.479953
v -0.148877 1.475081 1.563534
v -0.152247 1.435110 1.495137
v -0.075905 1.454921 1.572677
v -0.077623 1.414494 1.504486
v -0.000016 1.448114 1.575764
v -0.000016 1.407532 1.507643
v 0.075873 1.454921 1.572677
v 0.077592 1.414494 1.504486
v 0.148845 1.475081 1.563534
v 0.152216 1.435110 1.495136
v 0.216096 1.507818 1.548687
v 0.220991 1.468588 1.479953
v 0.275042 1.551876 1.528706
v 0.281272 1.513643 1.459520
v 0.323418 1.605559 1.504359
v 0.330744 1.568542 1.434622
v 0.359364 1.666807 1.476582
v 0.367504 1.631176 1.406216
v 0.381499 1.733263 1.446442
v 0.390142 1.699138 1.375393
v 0.388972 1.802376 1.415098
v 0.397785 1.769816 1.343339
v 0.381497 1.871488 1.383754
v 0.390141 1.840494 1.311285
v 0.359361 1.937944 1.353615
v 0.367504 1.908456 1.280463
v 0.323414 1.999190 1.325838
v 0.330744 1.971090 1.252057
v 0.275038 2.052872 1.301492
v 0.281272 2.025989 1.227159
v 0.216092 2.096928 1.281512
v 0.220991 2.071044 1.206726
v 0.148842 2.129664 1.266665
v 0.152216 2.104523 1.191542
v 0.075871 2.149823 1.257522
v 0.077592 2.125139 1.182192
v -0.000016 2.156629 1.254435
v -0.000015 2.140719 1.209707
v 0.000000 1.503715 -0.638575
v 0.000000 1.545457 -0.542465
v -0.111936 1.521032 -0.566583
v -0.219572 1.491296 -0.553097
v -0.318769 1.443008 -0.531197
v -0.405716 1.378023 -0.501725
v -0.477072 1.298839 -0.465813
v -0.530095 1.208498 -0.424841
v -0.562746 1.110473 -0.380385
v -0.573771 1.008530 -0.334151
v -0.562746 0.906587 -0.287917
v -0.530095 0.808561 -0.243461
v -0.477073 0.718221 -0.202489
v -0.405717 0.639036 -0.166577
v -0.318770 0.574051 -0.137105
v -0.219573 0.525763 -0.115205
v -0.111937 0.496027 -0.101719
v 0.000000 0.485987 -0.097165
v 0.111937 0.496027 -0.101719
v 0.219573 0.525763 -0.115205
v 0.318770 0.574051 -0.137105
v 0.405717 0.639036 -0.166577
v 0.477073 0.718220 -0.202489
v 0.530095 0.808561 -0.243460
v 0.562746 0.906586 -0.287917
v 0.573771 1.008529 -0.334151
v 0.562746 1.110472 -0.380384
v 0.530095 1.208498 -0.424841
v 0.477073 1.298838 -0.465813
v 0.405717 1.378023 -0.501725
v 0.318770 1.443008 -0.531197
v 0.219573 1.491296 -0.553097
v 0.111937 1.521032 -0.566583
v 0.112511 1.493623 -0.633998
v 0.220698 1.463735 -0.620444
v 0.320403 1.415199 -0.598432
v 0.407796 1.349881 -0.568808
v 0.479517 1.270291 -0.532712
v 0.532811 1.179488 -0.491531
v 0.565629 1.080960 -0.446846
v 0.576711 0.978495 -0.400376
v 0.565629 0.876029 -0.353905
v 0.532811 0.777502 -0.309221
v 0.479517 0.686698 -0.268039
v 0.407796 0.607108 -0.231943
v 0.320403 0.541790 -0.202320
v 0.222285 0.472940 -0.215822
v 0.113320 0.442837 -0.202169
v 0.000000 0.432672 -0.197560
v -0.113320 0.442837 -0.202169
v -0.222285 0.472940 -0.215822
v -0.322707 0.521825 -0.237992
v -0.410729 0.587612 -0.267828
v -0.482966 0.667775 -0.304184
v -0.536643 0.759231 -0.345662
v -0.569697 0.858468 -0.390668
v -0.580858 0.961670 -0.437472
v -0.569696 1.064872 -0.484277
v -0.536642 1.164108 -0.529283
v -0.482965 1.255565 -0.570761
v -0.410728 1.335727 -0.607116
v -0.322706 1.401515 -0.636952
v -0.222284 1.450399 -0.659122
v -0.113319 1.480502 -0.672775
v -0.095287 1.759131 0.160425
v -0.000011 1.757305 0.120927
v -0.186903 1.733821 0.171903
v -0.271336 1.692720 0.190544
v -0.345343 1.637407 0.215630
v -0.406078 1.570007 0.246197
v -0.451208 1.493112 0.281070
v -0.478998 1.409676 0.318910
v -0.488382 1.322906 0.358263
v -0.484167 1.220032 0.364593
v -0.456076 1.135696 0.402842
v -0.410459 1.057971 0.438091
v -0.349068 0.989846 0.468988
v -0.274263 0.933936 0.494344
v -0.188919 0.892392 0.513186
v -0.096315 0.866809 0.524788
v -0.000011 0.858170 0.528706
v 0.096294 0.866808 0.524788
v 0.188898 0.892391 0.513186
v 0.274242 0.933936 0.494345
v 0.349046 0.989845 0.468988
v 0.410437 1.057971 0.438092
v 0.456054 1.135696 0.402842
v 0.484145 1.220031 0.364594
v 0.493631 1.307738 0.324817
v 0.484145 1.395444 0.285040
v 0.456054 1.479779 0.246792
v 0.410437 1.557504 0.211542
v 0.349046 1.625630 0.180645
v 0.274242 1.681539 0.155289
v 0.188898 1.723083 0.136448
v 0.096294 1.748667 0.124845
v -0.000011 1.808780 0.265089
v 0.093957 1.786162 0.235915
v 0.184314 1.761200 0.247236
v 0.267588 1.720664 0.265620
v 0.340578 1.666111 0.290362
v 0.400480 1.599638 0.320509
v 0.444991 1.523800 0.354903
v 0.472402 1.441510 0.392224
v 0.481658 1.355931 0.431036
v 0.472404 1.270352 0.469848
v 0.444995 1.188061 0.507169
v 0.400484 1.112221 0.541564
v 0.340583 1.045747 0.571712
v 0.267592 0.991192 0.596454
v 0.184317 0.950655 0.614838
v 0.093958 0.925692 0.626160
v -0.000011 0.917263 0.629982
v -0.093981 0.925692 0.626160
v -0.184340 0.950655 0.614838
v -0.267615 0.991193 0.596453
v -0.340605 1.045747 0.571712
v -0.400507 1.112221 0.541564
v -0.445017 1.188061 0.507169
v -0.472426 1.270352 0.469848
v -0.481680 1.355932 0.431036
v -0.472424 1.441510 0.392224
v -0.445014 1.523800 0.354903
v -0.399913 1.614113 0.353375
v -0.340100 1.680488 0.323272
v -0.267217 1.734961 0.298567
v -0.184065 1.775438 0.280210
v -0.093841 1.800364 0.268905
v -0.075902 2.149823 1.257522
v -0.000016 2.172520 1.292236
v -0.148873 2.129664 1.266665
v -0.216123 2.096928 1.281511
v -0.275069 2.052872 1.301492
v -0.323445 1.999190 1.325838
v -0.359392 1.937944 1.353614
v -0.381528 1.871488 1.383754
v -0.389004 1.802376 1.415098
v -0.381530 1.733264 1.446442
v -0.358335 1.684138 1.513729
v -0.322494 1.623072 1.541424
v -0.274261 1.569547 1.565698
v -0.215489 1.525620 1.585620
v -0.148437 1.492980 1.600423
v -0.075680 1.472880 1.609539
v -0.000016 1.466093 1.612617
v 0.075648 1.472880 1.609539
v 0.148404 1.492980 1.600423
v 0.215457 1.525620 1.585620
v 0.274229 1.569547 1.565699
v 0.322462 1.623071 1.541424
v 0.358303 1.684137 1.513729
v 0.380373 1.750398 1.483678
v 0.387825 1.819306 1.452427
v 0.380373 1.888215 1.421175
v 0.358303 1.954475 1.391124
v 0.322462 2.015541 1.363430
v 0.274229 2.069066 1.339155
v 0.215457 2.112993 1.319233
v 0.148404 2.145633 1.304430
v 0.075648 2.165733 1.295314
v -0.000015 2.132100 1.179035
v 0.076652 2.133842 1.212826
v 0.150372 2.113476 1.222063
v 0.218314 2.080402 1.237062
v 0.277865 2.035893 1.257248
v 0.326736 1.981658 1.281845
v 0.363051 1.919783 1.309906
v 0.385413 1.852644 1.340355
v 0.392963 1.782823 1.372021
v 0.385411 1.713002 1.403686
v 0.363048 1.645864 1.434135
v 0.326732 1.583990 1.462196
v 0.277860 1.529757 1.486792
v 0.218310 1.485249 1.506977
v 0.150369 1.452177 1.521976
v 0.076650 1.431811 1.531212
v -0.000016 1.424935 1.534331
v -0.076681 1.431811 1.531213
v -0.150400 1.452177 1.521976
v -0.218341 1.485249 1.506977
v -0.277891 1.529757 1.486792
v -0.326763 1.583990 1.462196
v -0.363079 1.645864 1.434135
v -0.385442 1.713002 1.403686
v -0.392994 1.782823 1.372021
v -0.385444 1.852645 1.340355
v -0.363082 1.919783 1.309906
v -0.326767 1.981659 1.281844
v -0.281303 2.025990 1.227159
v -0.221021 2.071044 1.206726
v -0.152247 2.104523 1.191542
v -0.077622 2.125139 1.182192
v -0.112182 1.535395 -0.537901
v 0.000000 1.531072 -0.571136
v -0.220054 1.505594 -0.524386
v -0.319469 1.457200 -0.502438
v -0.406607 1.392073 -0.472901
v -0.478120 1.312714 -0.436910
v -0.531259 1.222175 -0.395849
v -0.563981 1.123935 -0.351294
v -0.575031 1.021768 -0.304959
v -0.563982 0.919601 -0.258624
v -0.531259 0.821360 -0.214070
v -0.478121 0.730821 -0.173008
v -0.406608 0.651463 -0.137017
v -0.319470 0.586335 -0.107480
v -0.220055 0.537941 -0.085532
v -0.112183 0.508140 -0.072017
v 0.000000 0.498077 -0.067453
v 0.112183 0.508140 -0.072017
v 0.220055 0.537940 -0.085532
v 0.319470 0.586335 -0.107480
v 0.406608 0.651462 -0.137017
v 0.478121 0.730820 -0.173008
v 0.531259 0.821360 -0.214070
v 0.563982 0.919600 -0.258624
v 0.575031 1.021767 -0.304959
v 0.563982 1.123934 -0.351294
v 0.531259 1.222175 -0.395849
v 0.478121 1.312714 -0.436910
v 0.406608 1.392072 -0.472901
v 0.319470 1.457200 -0.502438
v 0.220055 1.505594 -0.524386
v 0.112183 1.535395 -0.537901
v 0.000000 1.490666 -0.677385
v 0.113320 1.480502 -0.672775
v 0.222285 1.450399 -0.659122
v 0.322708 1.401514 -0.636952
v 0.410729 1.335727 -0.607116
v 0.482966 1.255564 -0.570760
v 0.536643 1.164108 -0.529283
v 0.569697 1.064872 -0.484277
v 0.580858 0.961669 -0.437472
v 0.569697 0.858467 -0.390667
v 0.536643 0.759231 -0.345662
v 0.482966 0.667774 -0.304184
v 0.410729 0.587612 -0.267828
v 0.322707 0.521824 -0.237992
v 0.220698 0.493255 -0.180308
v 0.112511 0.463367 -0.166753
v 0.000000 0.453275 -0.162176
v -0.112511 0.463367 -0.166753
v -0.220698 0.493255 -0.180308
v -0.320403 0.541791 -0.202320
v -0.407796 0.607108 -0.231943
v -0.479517 0.686699 -0.268039
v -0.532811 0.777502 -0.309221
v -0.565629 0.876030 -0.353906
v -0.576710 0.978495 -0.400376
v -0.565629 1.080961 -0.446846
v -0.532811 1.179488 -0.491531
v -0.479517 1.270292 -0.532713
v -0.407795 1.349882 -0.568809
v -0.320402 1.415200 -0.598432
v -0.220697 1.463735 -0.620444
v -0.112510 1.493623 -0.633999
vn -0.0004 -0.9839 -0.1789
vn -0.1841 -0.7273 0.6612
vn -0.1633 -0.9692 -0.1841
vn -0.3608 -0.6741 0.6445
vn -0.3205 -0.9259 -0.2001
vn -0.5224 -0.5882 0.6173
vn -0.4664 -0.8551 -0.2264
vn -0.6622 -0.4734 0.5809
vn -0.5959 -0.7592 -0.2618
vn -0.7746 -0.3344 0.5368
vn -0.7041 -0.6413 -0.3049
vn -0.8551 -0.1774 0.4872
vn -0.7870 -0.5051 -0.3542
vn -0.9008 -0.0091 0.4342
vn -0.8409 -0.3554 -0.4081
vn -0.9104 0.1632 0.3802
vn -0.8631 -0.1975 -0.4647
vn -0.8845 0.3325 0.3272
vn -0.8521 -0.0375 -0.5220
vn -0.8251 0.4922 0.2773
vn -0.8076 0.1183 -0.5777
vn -0.7356 0.6363 0.2323
vn -0.7307 0.2633 -0.6298
vn 0.0003 0.9929 0.1187
vn 0.1729 0.6241 -0.7620
vn -0.0004 0.6410 -0.7675
vn -0.6202 0.7602 0.1934
vn -0.6243 0.3915 -0.6760
vn 0.1689 0.9780 0.1226
vn 0.3389 0.5749 -0.7447
vn 0.2194 0.6785 0.7011
vn -0.1367 0.0853 0.9869
vn 0.1511 0.7117 0.6860
vn -0.3283 0.1797 0.9273
vn 0.3300 0.5103 0.7942
vn 0.2970 0.5665 0.7687
vn 0.2792 0.6338 0.7214
vn -0.1984 0.1153 0.9733
vn -0.3873 0.3093 0.8685
vn -0.3648 0.2419 0.8991
vn 0.3283 0.5793 0.7461
vn -0.2525 0.1558 0.9550
vn -0.3949 0.3795 0.8367
vn 0.3503 0.4492 0.8219
vn 0.3648 0.5171 0.7743
vn -0.2970 0.2051 0.9326
vn -0.3873 0.4496 0.8049
vn 0.3572 0.3858 0.8507
vn -0.3503 0.3223 0.8794
vn -0.3300 0.2613 0.9071
vn -0.3648 0.5171 0.7743
vn 0.3503 0.3223 0.8794
vn 0.3873 0.4496 0.8049
vn -0.3571 0.3858 0.8507
vn -0.3283 0.5793 0.7461
vn 0.3300 0.2613 0.9071
vn 0.3873 0.3093 0.8685
vn 0.3949 0.3795 0.8367
vn 0.2525 0.1558 0.9550
vn 0.2970 0.2051 0.9326
vn -0.3300 0.5103 0.7942
vn -0.3503 0.4492 0.8219
vn -0.2194 0.6785 0.7011
vn -0.2792 0.6338 0.7214
vn 0.3648 0.2419 0.8991
vn -0.2970 0.5665 0.7687
vn -0.1511 0.7117 0.6860
vn 0.1984 0.1153 0.9733
vn 0.2792 0.1252 0.9520
vn 0.3283 0.1797 0.9273
vn -0.0770 0.7322 0.6767
vn 0.1367 0.0853 0.9869
vn 0.0770 0.0268 0.9967
vn -0.0000 0.7111 0.7031
vn -0.0697 0.7048 0.7060
vn -0.1984 0.6562 0.7280
vn -0.2526 0.6158 0.7463
vn -0.0000 0.7391 0.6736
vn 0.0697 0.0668 0.9953
vn -0.2193 0.0805 0.9723
vn 0.1367 0.6863 0.7144
vn -0.1511 0.0473 0.9874
vn 0.2194 0.0805 0.9723
vn -0.1367 0.6863 0.7144
vn -0.0697 0.0668 0.9953
vn -0.0000 0.0605 0.9982
vn 0.2525 0.6158 0.7463
vn 0.1984 0.6563 0.7280
vn 0.1511 0.0473 0.9874
vn 0.0770 0.7322 0.6767
vn -0.2792 0.1252 0.9520
vn -0.3770 0.2105 -0.9020
vn 0.2184 -0.8194 -0.5300
vn -0.2597 0.2676 -0.9279
vn 0.2240 0.8273 0.5151
vn 0.2445 0.7042 0.6666
vn 0.1684 0.7412 0.6498
vn 0.3770 0.2106 -0.9019
vn -0.2184 -0.8194 -0.5300
vn -0.3171 -0.7713 -0.5518
vn -0.3252 0.7781 0.5375
vn -0.1684 0.7412 0.6498
vn -0.2445 0.7042 0.6666
vn 0.4036 -0.7067 -0.5811
vn 0.3171 -0.7713 -0.5518
vn 0.3252 0.7781 0.5375
vn 0.3113 0.6543 0.6892
vn 0.2597 0.2676 -0.9279
vn -0.1113 -0.8490 -0.5166
vn -0.1142 0.8577 0.5013
vn -0.2240 0.8273 0.5151
vn -0.5643 0.0400 -0.8246
vn -0.4799 0.1337 -0.8671
vn 0.4866 0.6310 0.6042
vn 0.4138 0.7118 0.5676
vn 0.1324 0.3028 -0.9438
vn -0.0000 -0.8589 -0.5121
vn -0.0000 0.8679 0.4967
vn -0.0859 0.7640 0.6394
vn -0.6270 -0.0668 -0.7762
vn 0.4745 -0.6279 -0.6169
vn 0.4066 0.5243 0.7482
vn 0.3659 0.5936 0.7168
vn 0.5597 -0.4406 -0.7018
vn 0.5273 -0.5381 -0.6576
vn 0.5406 0.5389 0.6460
vn 0.4316 0.4491 0.7823
vn -0.6786 -0.3034 -0.6689
vn -0.6656 -0.1828 -0.7236
vn 0.5739 0.4389 0.6914
vn 0.4401 0.3709 0.8178
vn -0.6656 -0.4239 -0.6142
vn 0.5707 -0.3392 -0.7479
vn 0.5851 0.3349 0.7386
vn 0.4316 0.2927 0.8533
vn -0.6270 -0.5399 -0.5616
vn 0.5597 -0.2378 -0.7938
vn 0.5738 0.2310 0.7857
vn 0.4066 0.2175 0.8873
vn -0.5643 -0.6467 -0.5132
vn 0.5272 -0.1403 -0.8381
vn 0.4864 0.0390 0.8729
vn 0.5405 0.1311 0.8311
vn -0.4799 -0.7404 -0.4707
vn 0.4745 -0.0505 -0.8788
vn 0.3112 0.0875 0.9463
vn 0.3659 0.1483 0.9188
vn -0.3770 -0.8172 -0.4358
vn 0.4035 0.0283 -0.9146
vn 0.3250 -0.1080 0.9395
vn 0.4136 -0.0417 0.9095
vn -0.2597 -0.8744 -0.4099
vn 0.3170 0.0929 -0.9439
vn 0.2238 -0.1571 0.9619
vn 0.2445 0.0377 0.9689
vn 0.1113 0.1705 -0.9791
vn 0.2184 0.1409 -0.9656
vn 0.0858 -0.0221 0.9961
vn 0.1684 0.0007 0.9857
vn -0.0770 0.0268 0.9967
vn 0.0697 0.7048 0.7060
vn 0.1847 -0.7282 0.6600
vn 0.1624 -0.9693 -0.1848
vn 0.3616 -0.6758 0.6423
vn 0.3194 -0.9259 -0.2016
vn 0.5235 -0.5907 0.6140
vn 0.4651 -0.8552 -0.2286
vn 0.6638 -0.4765 0.5765
vn 0.5942 -0.7596 -0.2647
vn 0.7767 -0.3379 0.5315
vn 0.7020 -0.6419 -0.3084
vn 0.8577 -0.1811 0.4811
vn 0.7845 -0.5062 -0.3583
vn 0.9039 -0.0127 0.4276
vn 0.8381 -0.3570 -0.4124
vn 0.9138 0.1600 0.3732
vn 0.8603 -0.1995 -0.4691
vn 0.8880 0.3300 0.3202
vn 0.8494 -0.0398 -0.5262
vn 0.8285 0.4903 0.2706
vn 0.8052 0.1158 -0.5816
vn -0.1738 0.6248 -0.7612
vn 0.7385 0.6352 0.2261
vn 0.7287 0.2609 -0.6332
vn 0.6225 0.7597 0.1880
vn 0.6226 0.3893 -0.6789
vn -0.3400 0.5762 -0.7432
vn -0.1683 0.9779 0.1241
vn 0.3324 0.9333 0.1357
vn 0.4909 0.4955 -0.7166
vn -0.4837 0.8601 0.1619
vn -0.4922 0.4973 -0.7144
vn -0.3313 0.9333 0.1387
vn 0.4854 0.8600 0.1577
vn 0.0003 -0.7456 0.6664
vn 0.0001 -0.0208 -0.9998
vn -0.0773 -0.0274 -0.9966
vn -0.1522 -0.0464 -0.9873
vn -0.2225 -0.0775 -0.9718
vn -0.2858 -0.1200 -0.9508
vn -0.3399 -0.1726 -0.9245
vn -0.3829 -0.2340 -0.8937
vn -0.4129 -0.3025 -0.8591
vn -0.4281 -0.3760 -0.8218
vn -0.4273 -0.4520 -0.7830
vn -0.4097 -0.5277 -0.7441
vn -0.3750 -0.5999 -0.7068
vn -0.3239 -0.6652 -0.6727
vn -0.2578 -0.7205 -0.6438
vn -0.1794 -0.7626 -0.6215
vn -0.0920 -0.7890 -0.6075
vn 0.0002 -0.7982 -0.6025
vn 0.0924 -0.7895 -0.6068
vn 0.1802 -0.7634 -0.6203
vn 0.2591 -0.7215 -0.6421
vn 0.3258 -0.6662 -0.6708
vn 0.3774 -0.6006 -0.7048
vn 0.4124 -0.5281 -0.7423
vn 0.4302 -0.4520 -0.7814
vn 0.4309 -0.3755 -0.8206
vn 0.4154 -0.3017 -0.8582
vn 0.3851 -0.2329 -0.8930
vn 0.3416 -0.1713 -0.9241
vn 0.2870 -0.1187 -0.9505
vn 0.2233 -0.0765 -0.9717
vn 0.1527 -0.0457 -0.9872
vn 0.0775 -0.0270 -0.9966
vn -0.0322 -0.4323 -0.9011
vn -0.2698 -0.6275 -0.7303
vn -0.3173 -0.5749 -0.7542
vn -0.0215 -0.4421 -0.8967
vn -0.0274 -0.4377 -0.8987
vn -0.0148 -0.4453 -0.8952
vn -0.2120 -0.6707 -0.7107
vn -0.0076 -0.4473 -0.8943
vn -0.1460 -0.7029 -0.6962
vn -0.0000 -0.4480 -0.8940
vn -0.0744 -0.7226 -0.6872
vn 0.0076 -0.4473 -0.8943
vn -0.0000 -0.7293 -0.6842
vn 0.0148 -0.4453 -0.8952
vn 0.0744 -0.7226 -0.6872
vn 0.2120 -0.6707 -0.7107
vn 0.1460 -0.7029 -0.6962
vn 0.0215 -0.4421 -0.8967
vn 0.2698 -0.6275 -0.7303
vn 0.0322 -0.4323 -0.9011
vn 0.0274 -0.4377 -0.8987
vn 0.0358 -0.4262 -0.9039
vn 0.3173 -0.5749 -0.7542
vn 0.3743 -0.4496 -0.8110
vn 0.3526 -0.5148 -0.7815
vn 0.0380 -0.4196 -0.9069
vn 0.3816 -0.3818 -0.8418
vn -0.0000 -0.9999 0.0107
vn -0.1905 -0.9614 0.1985
vn -0.0000 -0.9785 0.2063
vn 0.5084 0.5264 -0.6815
vn 0.6904 0.5394 -0.4822
vn 0.5424 0.6500 -0.5323
vn -0.3502 0.6034 -0.7165
vn -0.1905 0.7827 -0.5925
vn -0.3736 0.7321 -0.5696
vn -0.3502 -0.9365 -0.0181
vn -0.1785 -0.9839 0.0034
vn 0.7609 0.2964 -0.5773
vn 0.6471 0.4227 -0.6345
vn -0.1785 0.6508 -0.7380
vn -0.0000 0.7998 -0.6003
vn -0.5424 -0.8286 0.1383
vn -0.3736 -0.9108 0.1756
vn 0.9020 0.2509 -0.3513
vn 0.8118 0.4046 -0.4210
vn -0.6471 -0.7559 -0.1000
vn -0.5084 -0.8595 -0.0530
vn 0.8454 0.1523 -0.5119
vn 0.9576 0.0841 -0.2757
vn -0.8118 -0.5833 0.0270
vn -0.6904 -0.7181 0.0882
vn 0.9151 -0.1666 -0.3673
vn 0.8975 -0.0040 -0.4410
vn -0.8454 -0.4855 -0.2226
vn -0.7609 -0.6296 -0.1573
vn 0.9576 -0.2628 -0.1183
vn 0.9763 -0.0893 -0.1970
vn -0.9576 -0.2628 -0.1183
vn -0.9020 -0.4296 -0.0427
vn 0.8454 -0.4855 -0.2226
vn 0.8975 -0.3291 -0.2935
vn -0.9151 -0.1666 -0.3673
vn -0.8975 -0.3291 -0.2935
vn 0.8118 -0.5833 0.0270
vn 0.9020 -0.4296 -0.0427
vn -0.8975 -0.0040 -0.4410
vn -0.9763 -0.0893 -0.1970
vn 0.6471 -0.7559 -0.1000
vn 0.7609 -0.6296 -0.1573
vn -0.8454 0.1523 -0.5119
vn -0.9576 0.0841 -0.2757
vn 0.5424 -0.8286 0.1383
vn 0.6904 -0.7181 0.0882
vn -0.7609 0.2964 -0.5773
vn -0.9020 0.2509 -0.3513
vn 0.3502 -0.9365 -0.0181
vn 0.5084 -0.8595 -0.0530
vn 0.1785 0.6508 -0.7380
vn -0.0000 0.6668 -0.7452
vn -0.6904 0.5394 -0.4822
vn -0.8118 0.4047 -0.4210
vn 0.1905 -0.9614 0.1985
vn 0.3736 -0.9108 0.1756
vn 0.3736 0.7321 -0.5696
vn 0.1905 0.7827 -0.5925
vn -0.6470 0.4227 -0.6345
vn -0.5424 0.6500 -0.5323
vn 0.1785 -0.9839 0.0034
vn 0.3502 0.6034 -0.7164
vn -0.5084 0.5264 -0.6815
vn -0.1860 -0.6427 -0.7432
vn 0.3284 -0.3297 -0.8851
vn 0.3092 -0.2725 -0.9111
vn -0.2785 -0.5586 -0.7813
vn -0.2366 -0.6047 -0.7605
vn 0.3346 -0.3892 -0.8582
vn -0.3284 -0.4487 -0.8312
vn -0.3093 -0.5059 -0.8052
vn 0.3285 -0.4487 -0.8311
vn 0.2784 -0.5586 -0.7813
vn 0.3092 -0.5059 -0.8053
vn -0.3283 -0.3298 -0.8852
vn -0.3348 -0.3892 -0.8582
vn 0.1860 -0.6427 -0.7432
vn 0.2369 -0.6050 -0.7602
vn -0.2784 -0.2198 -0.9350
vn -0.3092 -0.2725 -0.9111
vn 0.1281 -0.6709 -0.7304
vn -0.0000 -0.0841 -0.9965
vn -0.2368 -0.1735 -0.9559
vn 0.0653 -0.0902 -0.9938
vn 0.0653 -0.6883 -0.7225
vn 0.1282 -0.1074 -0.9859
vn -0.1282 -0.1074 -0.9859
vn -0.1859 -0.1358 -0.9731
vn -0.0654 -0.6883 -0.7225
vn -0.0000 -0.6941 -0.7199
vn 0.1860 -0.1357 -0.9731
vn 0.2784 -0.2198 -0.9350
vn 0.2367 -0.1737 -0.9559
vn -0.0653 -0.0901 -0.9938
vn -0.1282 -0.6710 -0.7303
vn 0.2559 -0.8697 -0.4220
vn -0.0467 -0.1874 -0.9812
vn 0.1305 -0.9044 -0.4062
vn -0.1146 0.8589 0.4991
vn -0.0000 0.3560 0.9345
vn 0.0120 0.3571 0.9340
vn 0.4884 0.6315 0.6023
vn -0.0437 0.3725 0.9270
vn 0.4153 0.7125 0.5655
vn -0.0000 -0.1832 -0.9831
vn -0.0000 -0.9161 -0.4009
vn 0.0236 0.3603 0.9325
vn -0.2248 0.8285 0.5129
vn -0.0343 0.3655 0.9302
vn 0.3263 0.7791 0.5353
vn -0.1305 -0.9044 -0.4063
vn 0.0467 -0.1874 -0.9812
vn 0.0343 0.3655 0.9302
vn -0.3263 0.7791 0.5353
vn 0.2248 0.8285 0.5129
vn -0.0236 0.3603 0.9325
vn 0.0915 -0.1998 -0.9756
vn -0.2559 -0.8697 -0.4220
vn 0.0437 0.3725 0.9270
vn -0.4153 0.7125 0.5655
vn 0.1146 0.8589 0.4991
vn -0.0120 0.3571 0.9340
vn 0.1329 -0.2199 -0.9664
vn -0.3715 -0.8135 -0.4475
vn 0.0513 0.3810 0.9231
vn -0.4884 0.6315 0.6023
vn -0.0000 0.8692 0.4944
vn 0.1691 -0.2470 -0.9541
vn -0.4728 -0.7377 -0.4819
vn 0.0570 0.3907 0.9187
vn -0.5427 0.5390 0.6442
vn 0.1989 -0.2800 -0.9392
vn -0.5560 -0.6454 -0.5238
vn 0.0605 0.4013 0.9140
vn -0.5761 0.4386 0.6897
vn 0.2210 -0.3177 -0.9221
vn -0.6177 -0.5401 -0.5716
vn 0.0617 0.4122 0.9090
vn -0.5873 0.3343 0.7371
vn 0.2346 -0.3585 -0.9036
vn -0.6557 -0.4259 -0.6234
vn 0.0606 0.4232 0.9040
vn -0.5760 0.2299 0.7844
vn 0.2391 -0.4010 -0.8843
vn -0.6685 -0.3071 -0.6773
vn 0.0570 0.4337 0.8992
vn -0.5426 0.1296 0.8299
vn 0.2346 -0.4435 -0.8650
vn -0.6557 -0.1884 -0.7312
vn 0.0513 0.4435 0.8948
vn -0.4883 0.0371 0.8719
vn 0.2210 -0.4844 -0.8465
vn -0.6176 -0.0742 -0.7830
vn 0.0437 0.4520 0.8909
vn -0.4153 -0.0439 0.9086
vn 0.1988 -0.5220 -0.8294
vn -0.5558 0.0310 -0.8307
vn 0.0343 0.4590 0.8878
vn -0.3263 -0.1104 0.9388
vn 0.1304 0.2898 -0.9482
vn -0.0000 -0.6189 -0.7855
vn -0.0467 -0.6147 -0.7874
vn 0.1421 0.9336 0.3289
vn -0.0000 0.9464 0.3231
vn 0.8011 0.5981 0.0229
vn -0.1113 0.1705 -0.9791
vn 0.1385 -0.6895 -0.7110
vn 0.0706 -0.7082 -0.7025
vn -0.0000 0.1197 -0.9928
vn 0.1937 0.8376 -0.5108
vn 0.1013 0.1106 -0.9887
vn 0.8901 0.4464 0.0917
vn -0.2184 0.1409 -0.9656
vn 0.2010 -0.6590 -0.7248
vn 0.1309 0.2931 -0.9471
vn 0.9449 0.2818 0.1664
vn -0.3170 0.0929 -0.9439
vn 0.2558 -0.6180 -0.7434
vn -0.0000 -0.2829 0.9591
vn 0.0424 0.5972 0.8010
vn -0.0000 0.6009 0.7993
vn 0.2568 0.2583 -0.9313
vn -0.0915 -0.6023 -0.7930
vn 0.9634 0.1107 0.2440
vn -0.4035 0.0283 -0.9146
vn 0.3008 -0.5681 -0.7660
vn -0.1276 -0.2715 0.9539
vn 0.0831 0.5859 0.8061
vn 0.3728 0.2019 -0.9057
vn -0.1329 -0.5822 -0.8021
vn 0.9449 -0.0605 0.3216
vn -0.4745 -0.0505 -0.8788
vn 0.3342 -0.5111 -0.7919
vn -0.2502 -0.2377 0.9386
vn 0.1207 0.5676 0.8144
vn 0.4745 0.1258 -0.8712
vn -0.1691 -0.5551 -0.8144
vn 0.8901 -0.2251 0.3963
vn -0.5272 -0.1403 -0.8381
vn 0.3548 -0.4493 -0.8199
vn -0.3633 -0.1826 0.9136
vn 0.1536 0.5430 0.8256
vn 0.5579 0.0333 -0.8292
vn -0.1988 -0.5220 -0.8294
vn 0.8011 -0.3768 0.4651
vn -0.5597 -0.2378 -0.7939
vn 0.3617 -0.3851 -0.8491
vn -0.4624 -0.1086 0.8800
vn 0.1805 0.5130 0.8392
vn 0.6199 -0.0724 -0.7813
vn -0.2210 -0.4844 -0.8465
vn 0.6812 -0.5097 0.5254
vn -0.5707 -0.3392 -0.7479
vn 0.3547 -0.3208 -0.8782
vn -0.5437 -0.0184 0.8391
vn 0.2006 0.4788 0.8547
vn 0.6581 -0.1870 -0.7293
vn -0.2346 -0.4435 -0.8650
vn 0.5352 -0.6188 0.5749
vn -0.0570 0.3907 0.9187
vn -0.0513 0.3810 0.9231
vn 0.3715 -0.8135 -0.4475
vn -0.0915 -0.1998 -0.9756
vn 0.5426 0.5390 0.6442
vn -0.0605 0.4013 0.9140
vn 0.4728 -0.7377 -0.4819
vn -0.1329 -0.2199 -0.9664
vn 0.5761 0.4386 0.6898
vn -0.0617 0.4122 0.9090
vn -0.1989 -0.2800 -0.9392
vn -0.1691 -0.2470 -0.9541
vn 0.5873 0.3343 0.7371
vn -0.0606 0.4232 0.9040
vn 0.5560 -0.6454 -0.5238
vn -0.2210 -0.3177 -0.9221
vn 0.5760 0.2299 0.7844
vn -0.0570 0.4338 0.8992
vn 0.6557 -0.4259 -0.6234
vn 0.6177 -0.5401 -0.5715
vn 0.5426 0.1296 0.8299
vn -0.0513 0.4435 0.8948
vn -0.2391 -0.4010 -0.8843
vn -0.2346 -0.3586 -0.9036
vn 0.4883 0.0371 0.8719
vn -0.0437 0.4520 0.8909
vn 0.6685 -0.3071 -0.6773
vn 0.4153 -0.0439 0.9086
vn -0.0343 0.4590 0.8878
vn 0.6557 -0.1884 -0.7312
vn 0.3263 -0.1104 0.9388
vn -0.0236 0.4642 0.8854
vn 0.6176 -0.0742 -0.7830
vn -0.1304 0.2898 -0.9482
vn -0.0000 0.3015 -0.9535
vn 0.1146 -0.1903 0.9750
vn 0.2247 -0.1598 0.9612
vn 0.5558 0.0310 -0.8307
vn -0.2558 0.2552 -0.9325
vn 0.0467 -0.6147 -0.7874
vn -0.0000 0.4685 0.8835
vn -0.0120 0.4674 0.8840
vn 0.4726 0.1233 -0.8726
vn 0.1329 -0.5822 -0.8021
vn 0.0915 -0.6023 -0.7930
vn -0.1146 -0.1903 0.9750
vn -0.0000 -0.2006 0.9797
vn 0.3713 0.1989 -0.9069
vn -0.4726 0.1232 -0.8726
vn -0.3713 0.1989 -0.9069
vn 0.0236 0.4642 0.8854
vn 0.0120 0.4674 0.8840
vn 0.2558 0.2551 -0.9325
vn -0.2247 -0.1598 0.9612
vn 0.1691 -0.5551 -0.8144
vn 0.5891 0.3338 0.7359
vn -0.6414 0.4287 0.6363
vn -0.6539 0.3125 0.6890
vn 0.4634 -0.7340 -0.4965
vn 0.4317 -0.6157 -0.6592
vn 0.3672 -0.6874 -0.6267
vn 0.5778 0.2291 0.7834
vn -0.6042 0.5404 0.5856
vn 0.5449 -0.6435 -0.5375
vn 0.4797 -0.5340 -0.6963
vn 0.5442 0.1285 0.8291
vn -0.5437 0.6434 0.5389
vn 0.6055 -0.5404 -0.5843
vn 0.5092 -0.4453 -0.7365
vn 0.4165 -0.0456 0.9080
vn 0.4898 0.0357 0.8711
vn 0.6427 -0.4284 -0.6351
vn 0.5192 -0.3530 -0.7784
vn -0.3633 0.8077 0.4644
vn -0.4624 0.7336 0.4980
vn 0.6553 -0.3120 -0.6879
vn 0.5092 -0.2608 -0.8202
vn 0.3272 -0.1123 0.9382
vn -0.2503 0.8627 0.4394
vn 0.6427 -0.1956 -0.7407
vn 0.4796 -0.1721 -0.8604
vn 0.2254 -0.1618 0.9607
vn -0.1276 0.8966 0.4240
vn 0.6054 -0.0836 -0.7915
vn 0.4316 -0.0904 -0.8975
vn -0.1278 0.2733 -0.9534
vn -0.0000 0.2847 -0.9586
vn 0.1149 -0.1924 0.9746
vn -0.0000 0.9081 0.4188
vn 0.5448 0.0195 -0.8383
vn 0.3671 -0.0187 -0.9300
vn -0.1987 0.0837 -0.9765
vn -0.1013 0.1106 -0.9887
vn -0.1149 -0.1924 0.9746
vn -0.0000 -0.2027 0.9792
vn 0.4633 0.1100 -0.8793
vn 0.2884 0.0401 -0.9567
vn -0.3640 0.1842 -0.9130
vn -0.2507 0.2393 -0.9380
vn -0.2254 -0.1618 0.9607
vn 0.1276 0.8966 0.4240
vn 0.3641 0.1842 -0.9130
vn 0.1986 0.0837 -0.9765
vn -0.4633 0.1100 -0.8793
vn -0.2884 0.0401 -0.9567
vn -0.3272 -0.1123 0.9382
vn 0.2503 0.8627 0.4394
vn 0.2507 0.2393 -0.9380
vn -0.5448 0.0196 -0.8383
vn -0.3671 -0.0187 -0.9300
vn -0.4165 -0.0456 0.9080
vn 0.3633 0.8077 0.4644
vn 0.1278 0.2733 -0.9534
vn -0.6054 -0.0836 -0.7915
vn -0.4317 -0.0903 -0.8975
vn 0.5437 0.6434 0.5389
vn 0.4624 0.7336 0.4980
vn -0.6427 -0.1956 -0.7407
vn -0.4796 -0.1721 -0.8604
vn -0.5597 -0.4406 -0.7019
vn 0.3341 -0.2590 -0.9062
vn -0.6041 0.0846 0.7924
vn 0.2129 0.4417 0.8715
vn 0.6710 -0.3062 -0.6752
vn 0.3687 -0.6999 0.6117
vn -0.5273 -0.5381 -0.6576
vn 0.3007 -0.2021 -0.9321
vn -0.6413 0.1963 0.7417
vn 0.2170 0.4032 0.8890
vn 0.6581 -0.4255 -0.6212
vn -0.0000 -0.0298 0.9996
vn 0.1880 -0.7498 0.6344
vn -0.4745 -0.6279 -0.6169
vn 0.2557 -0.1522 -0.9547
vn 0.2128 0.3646 0.9065
vn 0.6199 -0.5401 -0.5692
vn -0.1880 -0.7498 0.6343
vn -0.0000 -0.7667 0.6420
vn -0.4036 -0.7067 -0.5811
vn 0.2009 -0.1112 -0.9733
vn 0.2005 0.3275 0.9233
vn 0.5579 -0.6458 -0.5213
vn -0.0858 -0.0221 0.9961
vn -0.3687 -0.6999 0.6117
vn 0.1384 -0.0808 -0.9871
vn 0.4745 -0.7384 -0.4793
vn 0.1804 0.2934 0.9388
vn -0.1684 0.0007 0.9857
vn -0.5352 -0.6188 0.5749
vn 0.0705 -0.0621 -0.9956
vn 0.3728 -0.8144 -0.4447
vn 0.1534 0.2635 0.9524
vn -0.2445 0.0377 0.9689
vn -0.6812 -0.5097 0.5254
vn -0.0000 -0.0558 -0.9984
vn 0.2568 -0.8708 -0.4192
vn 0.1205 0.2389 0.9635
vn -0.3112 0.0875 0.9463
vn -0.8011 -0.3768 0.4651
vn 0.1309 -0.9056 -0.4034
vn 0.0830 0.2207 0.9718
vn -0.3659 0.1483 0.9188
vn -0.8901 -0.2251 0.3963
vn -0.0000 -0.9174 -0.3981
vn 0.3641 -0.8082 -0.4628
vn 0.2885 -0.7462 -0.6000
vn 0.5778 0.4384 0.6884
vn 0.2508 -0.8634 -0.4378
vn 0.1987 -0.7899 -0.5802
vn 0.5443 0.5391 0.6428
vn 0.1013 -0.8168 -0.5680
vn 0.1279 -0.8973 -0.4224
vn 0.4898 0.6318 0.6007
vn -0.1149 0.8600 0.4972
vn 0.1276 -0.2715 0.9539
vn -0.0000 -0.8259 -0.5638
vn -0.0000 -0.9088 -0.4172
vn 0.4166 0.7131 0.5638
vn 0.2502 -0.2376 0.9386
vn -0.2255 0.8294 0.5111
vn -0.1279 -0.8973 -0.4224
vn -0.1013 -0.8168 -0.5680
vn 0.3273 0.7799 0.5336
vn 0.3633 -0.1826 0.9136
vn -0.3273 0.7799 0.5336
vn -0.2508 -0.8634 -0.4378
vn -0.1987 -0.7899 -0.5802
vn 0.2254 0.8294 0.5111
vn 0.4624 -0.1086 0.8800
vn -0.4166 0.7131 0.5639
vn -0.2885 -0.7462 -0.6000
vn -0.3641 -0.8082 -0.4628
vn 0.1149 0.8600 0.4972
vn 0.5437 -0.0183 0.8391
vn -0.4898 0.6318 0.6007
vn -0.3671 -0.6874 -0.6267
vn -0.4634 -0.7340 -0.4965
vn -0.0000 0.8703 0.4926
vn 0.6041 0.0846 0.7924
vn -0.5443 0.5391 0.6428
vn -0.4317 -0.6157 -0.6592
vn -0.5449 -0.6436 -0.5375
vn 0.6413 0.1963 0.7417
vn -0.5778 0.4384 0.6885
vn -0.4797 -0.5339 -0.6963
vn -0.6054 -0.5404 -0.5843
vn 0.6539 0.3125 0.6890
vn -0.5891 0.3338 0.7359
vn -0.5092 -0.4452 -0.7365
vn -0.6427 -0.4284 -0.6351
vn 0.6413 0.4287 0.6363
vn -0.5778 0.2291 0.7834
vn -0.5192 -0.3530 -0.7784
vn -0.6553 -0.3120 -0.6879
vn 0.6042 0.5404 0.5856
vn -0.5442 0.1285 0.8291
vn -0.5092 -0.2608 -0.8202
vn -0.4898 0.0357 0.8711
vn 0.0423 0.2094 0.9769
vn -0.4066 0.2175 0.8873
vn -0.9449 -0.0605 0.3217
vn -0.0000 0.2056 0.9786
vn -0.1309 -0.9056 -0.4034
vn -0.4316 0.2927 0.8532
vn -0.9634 0.1107 0.2440
vn -0.2568 -0.8708 -0.4192
vn -0.4401 0.3709 0.8178
vn -0.9449 0.2818 0.1664
vn -0.0423 0.2095 0.9769
vn -0.3728 -0.8144 -0.4448
vn -0.4317 0.4491 0.7823
vn -0.8901 0.4464 0.0917
vn -0.1421 0.9336 0.3289
vn -0.0830 0.2207 0.9718
vn -0.4745 -0.7384 -0.4793
vn -0.4066 0.5243 0.7482
vn -0.8011 0.5981 0.0229
vn -0.2787 0.8959 0.3460
vn -0.1937 0.8376 -0.5108
vn -0.0000 0.8550 -0.5187
vn -0.1205 0.2389 0.9635
vn -0.5579 -0.6458 -0.5213
vn -0.3660 0.5936 0.7167
vn -0.6813 0.7311 -0.0375
vn -0.4047 0.8346 0.3738
vn -0.3800 0.7861 -0.4875
vn -0.1534 0.2635 0.9524
vn -0.6200 -0.5401 -0.5692
vn -0.3112 0.6543 0.6892
vn -0.5353 0.8402 -0.0869
vn -0.5151 0.7521 0.4112
vn -0.5516 0.7026 -0.4495
vn -0.1804 0.2934 0.9388
vn -0.6581 -0.4255 -0.6212
vn -0.3687 0.9213 -0.1237
vn -0.6056 0.6515 0.4568
vn -0.7021 0.5902 -0.3985
vn -0.4138 0.7118 0.5676
vn 0.4799 0.1337 -0.8671
vn 0.0859 0.7641 0.6394
vn 0.1142 0.8577 0.5013
vn 0.1113 -0.8490 -0.5166
vn -0.1324 0.3028 -0.9438
vn -0.4866 0.6310 0.6042
vn 0.5643 0.0400 -0.8246
vn -0.0000 0.7718 0.6359
vn -0.0000 0.3147 -0.9492
vn -0.5406 0.5389 0.6460
vn 0.6270 -0.0668 -0.7761
vn -0.5739 0.4389 0.6914
vn 0.6656 -0.1828 -0.7236
vn -0.5851 0.3349 0.7386
vn 0.6786 -0.3034 -0.6689
vn -0.5738 0.2310 0.7857
vn 0.6656 -0.4239 -0.6142
vn -0.5405 0.1311 0.8311
vn 0.6270 -0.5399 -0.5616
vn -0.4864 0.0390 0.8729
vn 0.5643 -0.6467 -0.5132
vn -0.4136 -0.0417 0.9095
vn 0.4799 -0.7404 -0.4707
vn -0.3250 -0.1080 0.9395
vn 0.3770 -0.8173 -0.4358
vn -0.2238 -0.1571 0.9619
vn 0.2597 -0.8744 -0.4099
vn -0.1141 -0.1875 0.9756
vn 0.1324 -0.9095 -0.3940
vn -0.0000 -0.1977 0.9803
vn -0.0000 0.1805 -0.9836
vn -0.0000 -0.9214 -0.3886
vn 0.1141 -0.1875 0.9756
vn -0.1324 -0.9095 -0.3940
vn -0.0000 -0.6905 0.7233
vn -0.1810 -0.6743 0.7159
vn -0.3550 -0.6262 0.6941
vn -0.5154 -0.5482 0.6587
vn -0.6559 -0.4431 0.6110
vn -0.7713 -0.3151 0.5530
vn -0.8571 -0.1691 0.4867
vn -0.9098 -0.0106 0.4148
vn -0.9277 0.1542 0.3400
vn -0.9099 0.3190 0.2653
vn -0.8571 0.4775 0.1934
vn -0.7714 0.6236 0.1271
vn -0.6560 0.7516 0.0690
vn -0.5154 0.8567 0.0213
vn -0.3550 0.9348 -0.0141
vn -0.1810 0.9828 -0.0359
vn -0.0000 0.9991 -0.0433
vn 0.1810 0.9828 -0.0359
vn 0.3550 0.9348 -0.0141
vn 0.5154 0.8567 0.0213
vn 0.6560 0.7516 0.0690
vn 0.7714 0.6236 0.1271
vn 0.8571 0.4775 0.1934
vn 0.9099 0.3190 0.2653
vn 0.9277 0.1542 0.3400
vn 0.9098 -0.0106 0.4148
vn 0.8570 -0.1691 0.4867
vn 0.7713 -0.3151 0.5530
vn 0.6559 -0.4431 0.6111
vn 0.5154 -0.5482 0.6587
vn 0.3550 -0.6262 0.6941
vn 0.1810 -0.6743 0.7159
vn -0.0000 0.0199 0.9998
vn -0.9806 -0.1864 0.0612
vn -0.3526 -0.5148 -0.7815
vn -0.9237 -0.3572 0.1386
vn 0.3826 0.8324 -0.4009
vn 0.2120 -0.0928 -0.9729
vn 0.1460 -0.0607 -0.9874
vn -0.5554 0.7483 -0.3627
vn -0.1460 -0.0607 -0.9874
vn -0.2120 -0.0928 -0.9729
vn 0.9806 -0.1864 0.0612
vn -0.1951 -0.9018 0.3856
vn -0.0000 -0.9193 0.3935
vn -0.3816 -0.3818 -0.8418
vn -0.3743 -0.4496 -0.8111
vn 0.5554 0.7483 -0.3628
vn 0.2698 -0.1360 -0.9532
vn -0.1950 0.8842 -0.4244
vn -0.3826 0.8324 -0.4009
vn 0.9237 -0.3572 0.1386
vn -0.3826 -0.8500 0.3621
vn -0.9998 -0.0088 -0.0194
vn -0.3743 -0.3140 -0.8725
vn 0.8313 0.4971 -0.2488
vn 0.7069 0.6350 -0.3114
vn -0.0000 -0.0342 -0.9994
vn -0.0744 -0.0409 -0.9964
vn 0.8313 -0.5146 0.2100
vn -0.9237 0.3396 -0.1774
vn -0.9806 0.1688 -0.1000
vn 0.9237 0.3396 -0.1774
vn 0.3173 -0.1887 -0.9294
vn 0.5554 -0.7659 0.3240
vn 0.7069 -0.6526 0.2726
vn -0.5554 -0.7659 0.3239
vn -0.3173 -0.1887 -0.9294
vn -0.3526 -0.2488 -0.9021
vn 0.3743 -0.3140 -0.8725
vn 0.3526 -0.2488 -0.9021
vn -0.8313 -0.5146 0.2100
vn -0.7069 -0.6526 0.2726
vn 0.1950 0.8842 -0.4244
vn -0.0000 0.9017 -0.4324
vn -0.7069 0.6350 -0.3114
vn -0.8313 0.4970 -0.2488
vn 0.9806 0.1688 -0.1000
vn 0.3826 -0.8500 0.3621
vn 0.0744 -0.0409 -0.9964
vn -0.2698 -0.1360 -0.9533
vn 0.9998 -0.0088 -0.0194
vn 0.1950 -0.9018 0.3856
vn -0.0358 -0.4262 -0.9039
vn -0.0380 -0.4196 -0.9069
vn -0.0388 -0.4127 -0.9100
vn -0.0380 -0.4058 -0.9132
vn -0.0358 -0.3992 -0.9162
vn -0.0322 -0.3931 -0.9189
vn 0.0076 -0.3781 -0.9257
vn -0.0274 -0.3878 -0.9214
vn 0.0148 -0.3801 -0.9248
vn -0.0215 -0.3834 -0.9233
vn 0.0215 -0.3834 -0.9233
vn -0.0148 -0.3801 -0.9248
vn 0.0274 -0.3878 -0.9214
vn -0.0076 -0.3781 -0.9257
vn 0.0322 -0.3931 -0.9189
vn -0.0000 -0.3774 -0.9260
vn 0.0358 -0.3992 -0.9162
vn 0.0380 -0.4058 -0.9132
vn 0.0388 -0.4127 -0.9100
vn 0.5481 0.8146 -0.1898
vn 0.3775 0.8976 -0.2275
vn 0.1925 0.9488 -0.2507
vn -0.0000 0.9660 -0.2585
vn -0.1925 0.9488 -0.2506
vn -0.3775 0.8976 -0.2275
vn -0.5481 0.8146 -0.1898
vn -0.6976 0.7029 -0.1392
vn -0.8203 0.5667 -0.0774
vn -0.9114 0.4114 -0.0069
vn -0.9676 0.2428 0.0695
vn -0.9865 0.0676 0.1490
vn -0.9676 -0.1077 0.2285
vn -0.9114 -0.2763 0.3049
vn -0.8203 -0.4316 0.3753
vn -0.6976 -0.5677 0.4371
vn -0.5481 -0.6795 0.4878
vn -0.3775 -0.7625 0.5254
vn -0.1925 -0.8136 0.5486
vn -0.0000 -0.8309 0.5565
vn 0.1925 -0.8136 0.5486
vn 0.3775 -0.7625 0.5254
vn 0.5481 -0.6795 0.4878
vn 0.6976 -0.5677 0.4371
vn 0.8203 -0.4316 0.3754
vn 0.9114 -0.2763 0.3049
vn 0.9676 -0.1077 0.2285
vn 0.9865 0.0676 0.1490
vn 0.9676 0.2428 0.0695
vn 0.9114 0.4114 -0.0069
vn 0.8203 0.5667 -0.0774
vn 0.6976 0.7029 -0.1392
vn 0.3800 0.7861 -0.4875
vn -0.0000 -0.7145 -0.6996
vn 0.6813 0.7311 -0.0374
vn 0.2787 0.8959 0.3460
vn 0.5516 0.7026 -0.4495
vn -0.0706 -0.7082 -0.7025
vn 0.5353 0.8402 -0.0869
vn 0.7021 0.5902 -0.3985
vn 0.4047 0.8346 0.3738
vn -0.1385 -0.6895 -0.7110
vn 0.3687 0.9213 -0.1237
vn 0.8255 0.4531 -0.3364
vn 0.5151 0.7521 0.4113
vn -0.2010 -0.6590 -0.7248
vn 0.1880 0.9712 -0.1464
vn 0.9173 0.2968 -0.2655
vn 0.6056 0.6515 0.4568
vn -0.2558 -0.6180 -0.7434
vn -0.0000 0.9881 -0.1540
vn 0.9738 0.1272 -0.1885
vn 0.6729 0.5369 0.5089
vn -0.3008 -0.5681 -0.7660
vn 0.9929 -0.0492 -0.1085
vn 0.7144 0.4124 0.5653
vn -0.3342 -0.5111 -0.7919
vn 0.9738 -0.2256 -0.0284
vn 0.7284 0.2830 0.6240
vn -0.3548 -0.4493 -0.8199
vn 0.9173 -0.3952 0.0485
vn 0.7143 0.1536 0.6827
vn -0.3617 -0.3850 -0.8491
vn 0.8256 -0.5515 0.1194
vn 0.6729 0.0292 0.7392
vn -0.3547 -0.3208 -0.8782
vn 0.7021 -0.6885 0.1816
vn 0.6056 -0.0855 0.7912
vn -0.3341 -0.2590 -0.9062
vn 0.5516 -0.8010 0.2326
vn 0.5150 -0.1860 0.8368
vn -0.3007 -0.2021 -0.9321
vn 0.3800 -0.8846 0.2705
vn 0.4046 -0.2685 0.8742
vn -0.2557 -0.1522 -0.9547
vn 0.1937 -0.9360 0.2939
vn 0.2787 -0.3298 0.9020
vn -0.2009 -0.1112 -0.9733
vn -0.0000 -0.9534 0.3018
vn 0.1421 -0.3675 0.9191
vn -0.1384 -0.0808 -0.9871
vn -0.1937 -0.9360 0.2939
vn -0.0000 -0.3803 0.9249
vn -0.0705 -0.0621 -0.9956
vn -0.3800 -0.8846 0.2705
vn -0.5516 -0.8010 0.2326
vn -0.1421 -0.3675 0.9191
vn -0.0424 0.5972 0.8010
vn -0.7021 -0.6885 0.1816
vn -0.2787 -0.3298 0.9020
vn -0.1309 0.2931 -0.9471
vn -0.0000 0.3048 -0.9524
vn -0.0831 0.5859 0.8061
vn -0.8256 -0.5515 0.1194
vn -0.4047 -0.2685 0.8742
vn -0.2568 0.2583 -0.9313
vn -0.1207 0.5676 0.8144
vn -0.9173 -0.3952 0.0485
vn -0.5150 -0.1860 0.8368
vn -0.3728 0.2018 -0.9057
vn -0.1536 0.5430 0.8256
vn -0.9738 -0.2256 -0.0284
vn -0.6056 -0.0855 0.7912
vn -0.4745 0.1258 -0.8712
vn -0.1806 0.5130 0.8392
vn -0.9929 -0.0492 -0.1085
vn -0.6729 0.0291 0.7391
vn -0.5579 0.0333 -0.8292
vn -0.2006 0.4788 0.8547
vn -0.9738 0.1272 -0.1885
vn -0.7144 0.1536 0.6827
vn -0.6199 -0.0724 -0.7813
vn -0.2129 0.4417 0.8715
vn -0.9173 0.2968 -0.2655
vn -0.7284 0.2830 0.6240
vn -0.6581 -0.1870 -0.7293
vn -0.2170 0.4032 0.8890
vn -0.8255 0.4531 -0.3364
vn -0.7144 0.4124 0.5653
vn -0.1880 0.9712 -0.1464
vn -0.6710 -0.3062 -0.6752
vn -0.2129 0.3646 0.9065
vn -0.6729 0.5369 0.5089
vn -0.2005 0.3275 0.9233
vn -0.1938 0.9342 -0.2996
vn -0.3802 0.8827 -0.2763
vn -0.5520 0.7990 -0.2384
vn -0.7026 0.6865 -0.1873
vn -0.8262 0.5494 -0.1251
vn -0.9180 0.3930 -0.0541
vn -0.9745 0.2232 0.0229
vn -0.9936 0.0467 0.1030
vn -0.9745 -0.1298 0.1831
vn -0.9179 -0.2996 0.2601
vn -0.8261 -0.4560 0.3310
vn -0.7026 -0.5931 0.3932
vn -0.5520 -0.7056 0.4443
vn -0.3802 -0.7892 0.4822
vn -0.1938 -0.8407 0.5056
vn -0.0000 -0.8581 0.5135
vn 0.1938 -0.8407 0.5056
vn 0.3802 -0.7892 0.4822
vn 0.5520 -0.7056 0.4443
vn 0.7026 -0.5931 0.3932
vn 0.8261 -0.4560 0.3310
vn 0.9179 -0.2996 0.2601
vn 0.9745 -0.1298 0.1831
vn 0.9936 0.0467 0.1030
vn 0.9745 0.2232 0.0229
vn 0.9180 0.3930 -0.0541
vn 0.8261 0.5494 -0.1251
vn 0.7026 0.6865 -0.1873
vn 0.5520 0.7990 -0.2383
vn 0.3802 0.8827 -0.2763
vn 0.1938 0.9342 -0.2996
vn -0.0000 0.9515 -0.3075
vn -0.0000 0.9308 -0.3654
vn 0.1948 0.9134 -0.3575
vn 0.3822 0.8616 -0.3340
vn 0.5548 0.7776 -0.2959
vn 0.7062 0.6645 -0.2446
vn 0.8303 0.5267 -0.1820
vn 0.9226 0.3694 -0.1107
vn 0.9795 0.1988 -0.0333
vn 0.9987 0.0214 0.0472
vn 0.9795 -0.1560 0.1277
vn 0.9226 -0.3266 0.2051
vn 0.8304 -0.4838 0.2764
vn 0.7062 -0.6217 0.3389
vn 0.5548 -0.7348 0.3903
vn 0.3822 -0.8188 0.4284
vn 0.1948 -0.8706 0.4519
vn -0.0000 -0.8880 0.4598
vn -0.1948 -0.8706 0.4518
vn -0.3822 -0.8188 0.4284
vn -0.5548 -0.7348 0.3902
vn -0.7062 -0.6217 0.3389
vn -0.8304 -0.4838 0.2764
vn -0.9226 -0.3266 0.2051
vn -0.9795 -0.1560 0.1277
vn -0.9987 0.0214 0.0472
vn -0.9795 0.1988 -0.0333
vn -0.9226 0.3694 -0.1107
vn -0.8304 0.5267 -0.1820
vn -0.7062 0.6645 -0.2446
vn -0.5548 0.7776 -0.2959
vn -0.3822 0.8616 -0.3340
vn -0.1948 0.9134 -0.3575
vn -0.0000 0.9324 -0.3614
vn -0.1948 0.9149 -0.3535
vn -0.5547 0.7792 -0.2919
vn -0.3821 0.8632 -0.3300
vn -0.7060 0.6661 -0.2406
vn -0.8302 0.5283 -0.1781
vn -0.9224 0.3711 -0.1067
vn -0.9792 0.2006 -0.0294
vn -0.9984 0.0232 0.0511
vn -0.9792 -0.1542 0.1316
vn -0.9224 -0.3247 0.2090
vn -0.8302 -0.4819 0.2803
vn -0.7060 -0.6197 0.3428
vn -0.5547 -0.7328 0.3941
vn -0.3821 -0.8168 0.4322
vn -0.1948 -0.8686 0.4557
vn 0.1948 -0.8686 0.4557
vn -0.0000 -0.8860 0.4636
vn 0.5547 -0.7328 0.3941
vn 0.3821 -0.8168 0.4322
vn 0.7060 -0.6197 0.3428
vn 0.8302 -0.4819 0.2803
vn 0.9224 -0.3247 0.2090
vn 0.9792 -0.1542 0.1316
vn 0.9984 0.0232 0.0511
vn 0.9792 0.2006 -0.0294
vn 0.9224 0.3711 -0.1067
vn 0.8302 0.5283 -0.1780
vn 0.7060 0.6661 -0.2406
vn 0.5547 0.7792 -0.2919
vn 0.3821 0.8632 -0.3300
vn 0.1948 0.9149 -0.3535
vn -0.0000 0.9531 -0.3028
vn 0.1937 0.9357 -0.2949
vn 0.3800 0.8842 -0.2715
vn 0.5517 0.8007 -0.2336
vn 0.7022 0.6882 -0.1826
vn 0.8257 0.5511 -0.1204
vn 0.9174 0.3948 -0.0495
vn 0.9739 0.2252 0.0274
vn 0.9930 0.0487 0.1075
vn 0.9739 -0.1277 0.1875
vn 0.9174 -0.2973 0.2645
vn 0.8256 -0.4537 0.3354
vn 0.7022 -0.5907 0.3976
vn 0.5517 -0.7031 0.4486
vn 0.3800 -0.7867 0.4865
vn 0.1937 -0.8382 0.5098
vn -0.1937 -0.8382 0.5098
vn -0.0000 -0.8555 0.5177
vn -0.3800 -0.7867 0.4865
vn -0.5517 -0.7031 0.4486
vn -0.7022 -0.5907 0.3976
vn -0.8256 -0.4537 0.3354
vn -0.9174 -0.2973 0.2645
vn -0.9739 -0.1277 0.1875
vn -0.9930 0.0487 0.1075
vn -0.9739 0.2252 0.0274
vn -0.9174 0.3948 -0.0495
vn -0.8257 0.5511 -0.1205
vn -0.7022 0.6882 -0.1826
vn -0.5517 0.8006 -0.2336
vn -0.3800 0.8842 -0.2715
vn -0.1937 0.9357 -0.2949
vn -0.1951 0.8935 -0.4046
vn -0.0000 0.9110 -0.4125
vn -0.3827 0.8416 -0.3811
vn -0.5556 0.7575 -0.3429
vn -0.7071 0.6442 -0.2915
vn -0.8315 0.5062 -0.2289
vn -0.9239 0.3488 -0.1575
vn -0.9808 0.1779 -0.0801
vn -1.0000 0.0002 0.0005
vn -0.9808 -0.1774 0.0811
vn -0.9239 -0.3483 0.1586
vn -0.8315 -0.5057 0.2300
vn -0.7071 -0.6437 0.2926
vn -0.5556 -0.7570 0.3439
vn -0.3827 -0.8412 0.3821
vn -0.1951 -0.8930 0.4056
vn -0.0000 -0.9105 0.4135
vn 0.1951 -0.8930 0.4056
vn 0.3827 -0.8412 0.3821
vn 0.5556 -0.7570 0.3439
vn 0.7071 -0.6437 0.2926
vn 0.8315 -0.5057 0.2300
vn 0.9239 -0.3483 0.1586
vn 0.9808 -0.1774 0.0811
vn 1.0000 0.0002 0.0005
vn 0.9808 0.1779 -0.0801
vn 0.9239 0.3487 -0.1575
vn 0.8315 0.5062 -0.2290
vn 0.7071 0.6442 -0.2915
vn 0.5556 0.7575 -0.3429
vn 0.3827 0.8416 -0.3811
vn 0.1951 0.8935 -0.4046
vn 0.1946 0.9203 -0.3394
vn -0.0000 0.9377 -0.3473
vn 0.3817 0.8686 -0.3160
vn 0.5542 0.7846 -0.2779
vn 0.7053 0.6717 -0.2267
vn 0.8294 0.5340 -0.1642
vn 0.9215 0.3770 -0.0930
vn 0.9783 0.2066 -0.0157
vn 0.9975 0.0293 0.0647
vn 0.9783 -0.1479 0.1451
vn 0.9215 -0.3183 0.2223
vn 0.8294 -0.4754 0.2936
vn 0.7053 -0.6130 0.3560
vn 0.5542 -0.7260 0.4072
vn 0.3817 -0.8099 0.4453
vn 0.1946 -0.8616 0.4688
vn -0.0000 -0.8791 0.4767
vn -0.1946 -0.8616 0.4688
vn -0.3817 -0.8099 0.4453
vn -0.5542 -0.7260 0.4072
vn -0.7053 -0.6130 0.3560
vn -0.8294 -0.4754 0.2936
vn -0.9215 -0.3183 0.2223
vn -0.9783 -0.1479 0.1451
vn -0.9975 0.0293 0.0647
vn -0.9783 0.2065 -0.0157
vn -0.9215 0.3770 -0.0930
vn -0.8294 0.5340 -0.1642
vn -0.7053 0.6717 -0.2267
vn -0.5542 0.7846 -0.2779
vn -0.3817 0.8686 -0.3160
vn -0.1946 0.9203 -0.3394
vn -0.1951 -0.8944 0.4025
vn -0.0000 -0.3767 0.9263
vn -0.1416 -0.3640 0.9206
vn 0.7258 0.2842 0.6265
vn -0.0000 0.4130 0.9107
vn 0.7118 0.1552 0.6850
vn 0.6705 0.0312 0.7413
vn 0.6034 -0.0830 0.7931
vn 0.5132 -0.1832 0.8385
vn 0.4032 -0.2654 0.8758
vn 0.2777 -0.3264 0.9035
vn 0.1416 -0.3640 0.9206
vn -0.2777 -0.3264 0.9035
vn -0.4032 -0.2654 0.8758
vn -0.5132 -0.1832 0.8385
vn -0.6034 -0.0830 0.7931
vn -0.6705 0.0312 0.7412
vn -0.7118 0.1552 0.6850
vn -0.7258 0.2841 0.6265
vn -0.7118 0.4131 0.5680
vn -0.6706 0.5371 0.5117
vn -0.6035 0.6514 0.4599
vn -0.5132 0.7515 0.4145
vn -0.4033 0.8337 0.3772
vn -0.2778 0.8948 0.3494
vn -0.1416 0.9325 0.3324
vn -0.0000 0.9452 0.3266
vn 0.1416 0.9325 0.3324
vn 0.2778 0.8948 0.3495
vn 0.4033 0.8337 0.3772
vn 0.5132 0.7515 0.4145
vn 0.6035 0.6514 0.4599
vn 0.6706 0.5371 0.5117
vn 0.7118 0.4131 0.5680
vn -0.1673 0.5538 -0.8157
vn -0.3282 0.5093 -0.7955
vn -0.4765 0.4371 -0.7628
vn -0.6065 0.3400 -0.7187
vn -0.7132 0.2216 -0.6650
vn -0.7924 0.0866 -0.6038
vn -0.8413 -0.0599 -0.5373
vn -0.8577 -0.2123 -0.4682
vn -0.8413 -0.3647 -0.3991
vn -0.7925 -0.5113 -0.3326
vn -0.7132 -0.6463 -0.2713
vn -0.6065 -0.7647 -0.2176
vn -0.4766 -0.8618 -0.1736
vn -0.3283 -0.9340 -0.1408
vn -0.1673 -0.9785 -0.1207
vn -0.0000 -0.9935 -0.1138
vn 0.1673 -0.9785 -0.1207
vn 0.3283 -0.9340 -0.1408
vn 0.4766 -0.8618 -0.1736
vn 0.6065 -0.7647 -0.2176
vn 0.7132 -0.6463 -0.2713
vn 0.7925 -0.5113 -0.3326
vn 0.8413 -0.3647 -0.3991
vn 0.8577 -0.2123 -0.4682
vn 0.8413 -0.0599 -0.5373
vn 0.7924 0.0866 -0.6038
vn 0.7132 0.2217 -0.6650
vn 0.6065 0.3400 -0.7187
vn 0.4765 0.4372 -0.7628
vn 0.3282 0.5093 -0.7955
vn 0.1673 0.5538 -0.8157
vn -0.3827 -0.8426 0.3790
vn -0.7071 -0.6452 0.2894
vn -0.8315 -0.5072 0.2268
vn -0.9239 -0.3497 0.1554
vn -0.9808 -0.1789 0.0779
vn -1.0000 -0.0013 -0.0027
vn -0.9808 0.1764 -0.0834
vn -0.9239 0.3472 -0.1609
vn -0.8315 0.5047 -0.2323
vn -0.7071 0.6427 -0.2949
vn -0.5556 0.7559 -0.3463
vn -0.3827 0.8401 -0.3845
vn -0.1951 0.8919 -0.4080
vn -0.0000 0.9094 -0.4160
vn 0.1951 0.8919 -0.4080
vn 0.3827 0.8401 -0.3845
vn 0.5556 0.7559 -0.3463
vn 0.7071 0.6427 -0.2949
vn 0.8315 0.5047 -0.2323
vn 0.9239 0.3472 -0.1609
vn 0.9808 0.1764 -0.0833
vn 1.0000 -0.0012 -0.0027
vn 0.9808 -0.1789 0.0779
vn 0.9239 -0.3497 0.1554
vn 0.8315 -0.5072 0.2268
vn 0.7071 -0.6452 0.2895
vn 0.5556 -0.7584 0.3409
vn 0.3827 -0.8425 0.3790
vn 0.1951 -0.8944 0.4026
vn -0.5556 -0.7584 0.3408
vn -0.0000 -0.9119 0.4105
vn -0.0000 0.8736 -0.4866
vn 0.1944 0.8562 -0.4787
vn 0.3814 0.8045 -0.4552
vn 0.5537 0.7207 -0.4172
vn 0.7047 0.6078 -0.3660
vn 0.8287 0.4703 -0.3036
vn 0.9207 0.3133 -0.2325
vn 0.9775 0.1431 -0.1553
vn 0.9966 -0.0340 -0.0749
vn 0.9775 -0.2111 0.0054
vn 0.9207 -0.3813 0.0826
vn 0.8287 -0.5382 0.1537
vn 0.7047 -0.6758 0.2161
vn 0.5537 -0.7887 0.2673
vn 0.3814 -0.8725 0.3053
vn 0.1944 -0.9242 0.3288
vn -0.0000 -0.9416 0.3367
vn -0.1944 -0.9242 0.3288
vn -0.3814 -0.8725 0.3054
vn -0.5537 -0.7887 0.2673
vn -0.7047 -0.6758 0.2161
vn -0.8286 -0.5383 0.1537
vn -0.9207 -0.3813 0.0826
vn -0.9775 -0.2111 0.0054
vn -0.9966 -0.0340 -0.0750
vn -0.9775 0.1431 -0.1553
vn -0.9207 0.3133 -0.2325
vn -0.8286 0.4703 -0.3036
vn -0.7047 0.6078 -0.3660
vn -0.5537 0.7207 -0.4172
vn -0.3814 0.8046 -0.4552
vn -0.1944 0.8562 -0.4787
vn -0.0000 0.5688 -0.8225
s 1
usemtl metal
f 375//123 313//124 377//125
f 377//125 315//126 379//127
f 379//127 317//128 381//129
f 381//129 319//130 383//131
f 383//131 321//132 385//133
f 385//133 323//134 387//135
f 387//135 325//136 389//137
f 389//137 327//138 391//139
f 391//139 329//140 393//141
f 393//141 331//142 395//143
f 395//143 333//144 397//145
f 280//146 345//147 342//148
f 397//145 335//149 399//150
f 279//151 347//152 345//147
f 893//153 314//154 891//155
f 865//156 290//157 288//158
f 895//159 316//160 893//153
f 869//161 290//157 867//162
f 897//163 318//164 895//159
f 871//165 292//166 869//161
f 899//167 320//168 897//163
f 873//169 294//170 871//165
f 899//167 324//171 322//172
f 875//173 296//174 873//169
f 901//175 326//176 324//171
f 877//177 298//178 875//173
f 905//179 326//176 903//180
f 877//177 302//181 300//182
f 905//179 330//183 328//184
f 881//185 302//181 879//186
f 907//187 332//188 330//183
f 883//189 304//190 881//185
f 911//191 332//188 909//192
f 885//193 306//194 883//189
f 917//195 281//196 340//197
f 911//191 336//198 334//199
f 887//200 308//201 885//193
f 861//202 282//203 859//204
f 913//205 338//206 336//198
f 887//200 312//207 310//208
f 861//202 286//209 284//210
f 917//195 338//206 915//211
f 891//155 312//207 889//212
f 865//156 286//209 863//213
f 786//214 852//215 787//216
f 184//217 820//218 821//219
f 760//220 824//221 825//222
f 211//223 793//224 794//225
f 786//214 850//226 851//227
f 185//228 819//229 820//218
f 759//230 823//231 824//221
f 213//232 793//224 212//233
f 784//234 850//226 785//235
f 187//236 819//229 186//237
f 758//238 790//239 823//231
f 182//240 792//241 213//232
f 783//242 849//243 784//234
f 187//236 817//244 818//245
f 783//242 847//246 848//247
f 188//248 816//249 817//244
f 781//250 847//246 782//251
f 189//252 815//253 816//249
f 780//254 846//255 781//250
f 190//256 814//257 815//253
f 779//258 845//259 780//254
f 191//260 813//261 814//257
f 778//262 844//263 779//258
f 193//264 813//261 192//265
f 777//266 843//267 778//262
f 193//264 811//268 812//269
f 776//270 842//271 777//266
f 195//272 811//268 194//273
f 775//274 841//275 776//270
f 196//276 810//277 195//272
f 775//274 839//278 840//279
f 196//276 808//280 809//281
f 857//282 282//203 278//283
f 309//284 375//123 373//285
f 307//286 373//285 371//287
f 305//288 371//287 369//289
f 303//290 369//289 367//291
f 301//292 367//291 365//293
f 299//294 365//293 363//295
f 297//296 363//295 361//297
f 295//298 361//297 359//299
f 293//300 359//299 357//301
f 291//302 357//301 355//303
f 405//304 280//146 342//148
f 289//305 355//303 353//306
f 287//307 353//306 351//308
f 403//309 341//310 405//304
f 283//311 349//312 347//152
f 399//150 337//313 401//314
f 401//314 339//315 403//309
f 285//316 351//308 349//312
f 280//146 278//283 279//151
f 283//311 278//283 282//203
f 283//311 284//210 285//316
f 287//307 284//210 286//209
f 289//305 286//209 288//158
f 291//302 288//158 290//157
f 291//302 292//166 293//300
f 295//298 292//166 294//170
f 297//296 294//170 296//174
f 299//294 296//174 298//178
f 299//294 300//182 301//292
f 301//292 302//181 303//290
f 303//290 304//190 305//288
f 307//286 304//190 306//194
f 307//286 308//201 309//284
f 311//317 308//201 310//208
f 311//317 312//207 313//124
f 315//126 312//207 314//154
f 317//128 314//154 316//160
f 317//128 318//164 319//130
f 321//132 318//164 320//168
f 323//134 320//168 322//172
f 323//134 324//171 325//136
f 325//136 326//176 327//138
f 327//138 328//184 329//140
f 329//140 330//183 331//142
f 331//142 332//188 333//144
f 333//144 334//199 335//149
f 335//149 336//198 337//313
f 337//313 338//206 339//315
f 339//315 340//197 341//310
f 280//146 340//197 281//196
f 405//304 343//318 404//319
f 403//309 404//319 402//320
f 401//314 402//320 400//321
f 399//150 400//321 398//322
f 397//145 398//322 396//323
f 395//143 396//323 394//324
f 393//141 394//324 392//325
f 391//139 392//325 390//326
f 389//137 390//326 388//327
f 387//135 388//327 386//328
f 385//133 386//328 384//329
f 383//131 384//329 382//330
f 381//129 382//330 380//331
f 379//127 380//331 378//332
f 377//125 378//332 376//333
f 375//123 376//333 374//334
f 375//123 372//335 373//285
f 373//285 370//336 371//287
f 371//287 368//337 369//289
f 369//289 366//338 367//291
f 367//291 364//339 365//293
f 365//293 362//340 363//295
f 363//295 360//341 361//297
f 361//297 358//342 359//299
f 359//299 356//343 357//301
f 357//301 354//344 355//303
f 355//303 352//345 353//306
f 353//306 350//346 351//308
f 351//308 348//347 349//312
f 349//312 346//348 347//152
f 347//152 344//349 345//147
f 345//147 343//318 342//148
f 427//350 970//351 971//352
f 425//353 970//351 426//354
f 424//355 969//356 425//353
f 423//357 968//358 424//355
f 422//359 967//360 423//357
f 421//361 966//362 422//359
f 420//363 965//364 421//361
f 420//363 963//365 964//366
f 419//367 962//368 963//365
f 417//369 962//368 418//370
f 416//371 961//372 417//369
f 416//371 959//373 960//374
f 415//375 958//376 959//373
f 454//377 487//378 486//379
f 441//380 474//381 473//382
f 468//383 501//384 500//385
f 456//386 487//378 455//387
f 443//388 474//381 442//389
f 469//390 470//391 501//384
f 456//386 489//392 488//393
f 443//388 476//394 475//395
f 458//396 489//392 457//397
f 444//398 477//399 476//394
f 458//396 491//400 490//401
f 446//402 477//399 445//403
f 460//404 491//400 459//405
f 446//402 479//406 478//407
f 460//404 493//408 492//409
f 448//410 479//406 447//411
f 462//412 493//408 461//413
f 448//410 481//414 480//415
f 463//416 494//417 462//412
f 450//418 481//414 449//419
f 464//420 495//421 463//416
f 450//418 483//422 482//423
f 465//424 496//425 464//420
f 452//426 483//422 451//427
f 439//428 470//391 438//429
f 465//424 498//430 497//431
f 452//426 485//432 484//433
f 439//428 472//434 471//435
f 466//436 499//437 498//430
f 454//377 485//432 453//438
f 441//380 472//434 440//439
f 467//440 500//385 499//437
f 490//401 521//441 489//392
f 476//394 509//442 508//443
f 490//401 523//444 522//445
f 477//399 510//446 509//442
f 492//409 523//444 491//400
f 479//406 510//446 478//407
f 492//409 525//447 524//448
f 480//415 511//449 479//406
f 494//417 525//447 493//408
f 480//415 513//450 512//451
f 494//417 527//452 526//453
f 482//423 513//450 481//414
f 496//425 527//452 495//421
f 482//423 515//454 514//455
f 496//425 529//456 528//457
f 483//422 516//458 515//454
f 471//435 502//459 470//391
f 497//431 530//460 529//456
f 485//432 516//458 484//433
f 472//434 503//461 471//435
f 499//437 530//460 498//430
f 486//379 517//462 485//432
f 473//382 504//463 472//434
f 499//437 532//464 531//465
f 486//379 519//466 518//467
f 474//381 505//468 473//382
f 501//384 532//464 500//385
f 488//393 519//466 487//378
f 474//381 507//469 506//470
f 501//384 502//459 533//471
f 489//392 520//472 488//393
f 476//394 507//469 475//395
f 525//447 529//456 533//471
f 228//473 595//474 229//475
f 564//476 629//477 626//478
f 538//479 572//480 537//481
f 229//475 597//482 230//483
f 564//476 624//484 563//485
f 537//481 570//486 536//487
f 231//488 597//482 599//489
f 563//485 622//490 562//491
f 535//492 570//486 568//493
f 231//488 601//494 232//495
f 562//491 620//496 561//497
f 534//498 568//493 566//499
f 232//495 603//500 233//501
f 561//497 618//502 560//503
f 534//498 629//477 565//504
f 233//501 605//505 234//506
f 560//503 616//507 559//508
f 234//506 607//509 235//510
f 559//508 614//511 558//512
f 235//510 609//513 236//514
f 558//512 612//515 557//516
f 236//514 611//517 237//518
f 557//516 610//519 556//520
f 237//518 613//521 238//522
f 556//520 608//523 555//524
f 238//522 615//525 239//526
f 555//524 606//527 554//528
f 239//526 617//529 240//530
f 554//528 604//531 553//532
f 240//530 619//533 241//534
f 553//532 602//535 552//536
f 215//537 628//538 567//539
f 629//477 1046//540 1270//541
f 817//244 1393//542 818//245
f 837//543 1220//544 1221//545
f 757//546 1171//547 755//548
f 816//249 1392//549 817//244
f 836//550 1411//551 1220//544
f 628//538 1269//552 567//539
f 815//253 1391//553 816//249
f 835//554 1410//555 1411//551
f 756//556 1333//557 1303//558
f 567//539 1268//559 569//560
f 814//257 1390//561 815//253
f 834//562 1409//563 1410//555
f 754//564 1332//565 1333//557
f 569//560 1267//566 571//567
f 813//261 1389//568 814//257
f 833//569 1408//570 1409//563
f 752//571 1331//572 1332//565
f 571//567 1266//573 573//574
f 812//269 1388//575 813//261
f 832//576 1407//577 1408//570
f 750//578 1330//579 1331//572
f 573//574 1265//580 575//581
f 811//268 1387//582 812//269
f 831//583 1406//584 1407//577
f 748//585 1329//586 1330//579
f 575//581 1264//587 577//588
f 810//277 1386//589 811//268
f 830//590 1405//591 1406//584
f 746//592 1328//593 1329//586
f 577//588 1263//594 579//595
f 809//281 1385//596 810//277
f 538//479 576//597 574//598
f 227//599 593//600 228//473
f 539//601 578//602 576//597
f 226//603 591//604 227//599
f 540//605 580//606 578//602
f 226//603 587//607 589//608
f 541//609 582//610 580//606
f 225//611 585//612 587//607
f 542//613 584//614 582//610
f 223//615 585//612 224//616
f 543//617 586//618 584//614
f 223//615 581//619 583//620
f 544//621 588//622 586//618
f 222//623 579//595 581//619
f 545//624 590//625 588//622
f 221//626 577//588 579//595
f 546//627 592//628 590//625
f 220//629 575//581 577//588
f 245//630 628//538 214//631
f 548//632 592//628 547//633
f 219//634 573//574 575//581
f 244//635 627//636 245//630
f 548//632 596//637 594//638
f 218//639 571//567 573//574
f 244//635 623//640 625//641
f 550//642 596//637 549//643
f 217//644 569//560 571//567
f 242//645 623//640 243//646
f 550//642 600//647 598//648
f 216//649 567//539 569//560
f 551//650 602//535 600//647
f 241//534 621//651 242//645
f 685//652 738//653 740//654
f 650//655 735//656 733//657
f 684//658 736//659 738//653
f 651//660 737//661 735//656
f 683//662 734//663 736//659
f 652//664 739//665 737//661
f 681//666 734//663 682//667
f 653//668 741//669 739//665
f 681//666 730//670 732//671
f 654//672 743//673 741//669
f 680//674 728//675 730//670
f 655//676 745//677 743//673
f 679//678 726//679 728//675
f 656//680 747//681 745//677
f 631//682 757//546 630//683
f 678//684 724//685 726//679
f 657//686 749//687 747//681
f 631//682 697//688 695//689
f 676//690 724//685 677//691
f 658//692 751//693 749//687
f 633//694 697//688 632//695
f 675//696 722//697 676//690
f 659//698 753//699 751//693
f 634//700 699//701 633//694
f 674//702 720//703 675//696
f 660//704 755//548 753//699
f 635//705 701//706 634//700
f 673//707 718//708 674//702
f 661//709 757//546 755//548
f 636//710 703//711 635//705
f 673//707 714//712 716//713
f 637//714 705//715 636//710
f 829//716 1404//717 1405//591
f 744//718 1327//719 1328//593
f 579//595 1262//720 581//619
f 808//280 1384//721 809//281
f 828//722 1403//723 1404//717
f 742//724 1326//725 1327//719
f 581//619 1261//726 583//620
f 807//727 1383//728 808//280
f 827//729 1402//730 1403//723
f 740//654 1325//731 1326//725
f 583//620 1260//732 585//612
f 807//727 1381//733 1382//734
f 826//735 1401//736 1402//730
f 738//653 1324//737 1325//731
f 585//612 1259//738 587//607
f 806//739 1380//740 1381//733
f 825//222 1400//741 1401//736
f 587//607 1258//742 589//608
f 736//659 1323//743 1324//737
f 805//744 1379//745 1380//740
f 824//221 1399//746 1400//741
f 589//608 1257//747 591//604
f 734//663 1322//748 1323//743
f 804//749 1378//750 1379//745
f 823//231 1398//751 1399//746
f 591//604 1256//752 593//600
f 732//671 1321//753 1322//748
f 803//754 1377//755 1378//750
f 593//600 1255//756 595//474
f 730//670 1320//757 1321//753
f 802//758 1376//759 1377//755
f 595//474 1254//760 597//482
f 649//761 733//657 731//762
f 686//763 740//654 742//724
f 648//764 731//762 729//765
f 687//766 742//724 744//718
f 648//764 727//767 647//768
f 687//766 746//592 688//769
f 662//770 756//556 694//771
f 647//768 725//772 646//773
f 689//774 746//592 748//585
f 662//770 696//775 663//776
f 645//777 725//772 723//778
f 690//779 748//585 750//578
f 663//776 698//780 664//781
f 644//782 723//778 721//783
f 690//779 752//571 691//784
f 664//781 700//785 665//786
f 644//782 719//787 643//788
f 692//789 752//571 754//564
f 665//786 702//790 666//791
f 643//788 717//792 642//793
f 692//789 756//556 693//794
f 666//791 704//795 667//796
f 642//793 715//797 641//798
f 667//796 706//799 668//800
f 641//798 713//801 640//802
f 668//800 708//803 669//804
f 640//802 711//805 639//806
f 669//804 710//807 670//808
f 639//806 709//809 638//810
f 670//808 712//811 671//812
f 638//810 707//813 637//714
f 672//814 712//811 714//712
f 728//675 1319//815 1320//757
f 801//816 1375//817 1376//759
f 726//679 1318//818 1319//815
f 597//482 1253//819 599//489
f 800//820 1374//821 1375//817
f 722//697 1318//818 724//685
f 601//494 1253//819 1252//822
f 799//823 1373//824 1374//821
f 720//703 1317//825 722//697
f 603//500 1252//822 1251//826
f 798//827 1372//828 1373//824
f 629//477 1301//829 626//478
f 718//708 1316//830 720//703
f 605//505 1251//826 1250//831
f 797//832 1371//833 1372//828
f 626//478 1300//834 624//484
f 757//546 1365//835 1334//836
f 716//713 1315//837 718//708
f 607//509 1250//831 1249//838
f 796//839 1370//840 1371//833
f 624//484 1299//841 622//490
f 695//689 1364//842 1365//835
f 714//712 1314//843 716//713
f 609//513 1249//838 1248//844
f 795//845 1369//846 1370//840
f 622//490 1298//847 620//496
f 697//688 1363//848 1364//842
f 712//811 1313//849 714//712
f 611//517 1248//844 1247//850
f 794//225 1368//851 1369//846
f 620//496 1297//852 618//502
f 699//701 1362//853 1363//848
f 211//223 795//845 210//854
f 761//855 825//222 826//735
f 184//217 822//856 183//857
f 787//216 853//858 788//859
f 210//854 796//839 209//860
f 762//861 826//735 827//729
f 183//857 791//862 182//240
f 788//859 790//239 789//863
f 208//864 796//839 797//832
f 762//861 828//722 763//865
f 207//866 797//832 798//827
f 764//867 828//722 829//716
f 206//868 798//827 799//823
f 765//869 829//716 830//590
f 205//870 799//823 800//820
f 765//869 831//583 766//871
f 204//872 800//820 801//816
f 766//871 832//576 767//873
f 203//874 801//816 802//758
f 767//873 833//569 768//875
f 203//874 803//754 202//876
f 768//875 834//562 769//877
f 202//876 804//749 201//878
f 769//877 835//554 770//879
f 200//880 804//749 805//744
f 770//879 836//550 771//881
f 199//882 805//744 806//739
f 771//881 837//543 772//883
f 198//884 806//739 807//727
f 772//883 838//885 773//886
f 197//887 807//727 808//280
f 774//888 838//885 839//278
f 857//282 855//889 856//890
f 859//204 856//890 858//891
f 861//202 858//891 860//892
f 863//213 860//892 862//893
f 865//156 862//893 864//894
f 867//162 864//894 866//895
f 869//161 866//895 868//896
f 871//165 868//896 870//897
f 873//169 870//897 872//898
f 875//173 872//898 874//899
f 877//177 874//899 876//900
f 879//186 876//900 878//901
f 881//185 878//901 880//902
f 883//189 880//902 882//903
f 885//193 882//903 884//904
f 887//200 884//904 886//905
f 887//200 888//906 889//212
f 889//212 890//907 891//155
f 891//155 892//908 893//153
f 893//153 894//909 895//159
f 895//159 896//910 897//163
f 897//163 898//911 899//167
f 899//167 900//912 901//175
f 901//175 902//913 903//180
f 903//180 904//914 905//179
f 905//179 906//915 907//187
f 907//187 908//916 909//192
f 909//192 910//917 911//191
f 911//191 912//918 913//205
f 913//205 914//919 915//211
f 915//211 916//920 917//195
f 917//195 855//889 854//921
f 854//921 278//283 281//196
f 941//922 972//923 940//924
f 920//925 953//926 952//927
f 947//928 980//929 979//930
f 927//931 960//374 959//373
f 935//932 966//362 934//933
f 941//922 974//934 973//935
f 921//936 954//937 953//926
f 949//938 980//929 948//939
f 928//940 961//372 960//374
f 936//941 967//360 935//932
f 942//942 975//943 974//934
f 923//944 954//937 922//945
f 949//938 950//946 981//947
f 929//948 962//368 961//372
f 936//941 969//356 968//358
f 944//949 975//943 943//950
f 924//951 955//952 923//944
f 931//953 962//368 930//954
f 937//955 970//351 969//356
f 944//949 977//956 976//957
f 924//951 957//958 956//959
f 931//953 964//366 963//365
f 939//960 970//351 938//961
f 919//962 950//946 918//963
f 946//964 977//956 945//965
f 925//966 958//376 957//958
f 932//967 965//364 964//366
f 939//960 972//923 971//352
f 920//925 951//968 919//962
f 946//964 979//930 978//969
f 927//931 958//376 926//970
f 933//971 966//362 965//364
f 428//972 971//352 972//923
f 429//973 972//923 973//935
f 429//973 974//934 430//974
f 430//974 975//943 431//975
f 431//975 976//957 432//976
f 433//977 976//957 977//956
f 407//978 950//946 951//968
f 434//979 977//956 978//969
f 408//980 951//968 952//927
f 434//979 979//930 435//981
f 408//980 953//926 409//982
f 436//983 979//930 980//929
f 409//982 954//937 410//984
f 437//985 980//929 981//947
f 411//986 954//937 955//952
f 437//985 950//946 406//987
f 412//988 955//952 956//959
f 413//989 956//959 957//958
f 414//990 957//958 958//376
f 984//991 920//925 983//992
f 983//992 919//962 982//993
f 919//962 1013//994 982//993
f 1013//994 949//938 1012//995
f 949//938 1011//996 1012//995
f 1011//996 947//928 1010//997
f 1010//997 946//964 1009//998
f 946//964 1008//999 1009//998
f 1008//999 944//949 1007//1000
f 1007//1000 943//950 1006//1001
f 1006//1001 942//942 1005//1002
f 1005//1002 941//922 1004//1003
f 1004//1003 940//924 1003//1004
f 940//924 1002//1005 1003//1004
f 939//960 1001//1006 1002//1005
f 938//961 1000//1007 1001//1006
f 937//955 999//1008 1000//1007
f 999//1008 935//932 998//1009
f 998//1009 934//933 997//1010
f 997//1010 933//971 996//1011
f 933//971 995//1012 996//1011
f 932//967 994//1013 995//1012
f 994//1013 930//954 993//1014
f 930//954 992//1015 993//1014
f 992//1015 928//940 991//1016
f 928//940 990//1017 991//1016
f 990//1017 926//970 989//1018
f 989//1018 925//966 988//1019
f 925//966 987//1020 988//1019
f 924//951 986//1021 987//1020
f 986//1021 922//945 985//1022
f 922//945 984//991 985//1022
f 755//548 1169//1023 753//699
f 838//885 1221//545 1222//1024
f 818//245 1394//1025 819//229
f 566//499 1048//1026 1046//540
f 753//699 1167//1027 751//693
f 838//885 1223//1028 839//278
f 819//229 1395//1029 820//218
f 751//693 1165//1030 749//687
f 568//493 1050//1031 1048//1026
f 839//278 1224//1032 840//279
f 820//218 1396//1033 821//219
f 749//687 1163//1034 747//681
f 570//486 1052//1035 1050//1031
f 840//279 1225//1036 841//275
f 821//219 1397//1037 822//856
f 747//681 1161//1038 745//677
f 572//480 1054//1039 1052//1035
f 841//275 1226//1040 842//271
f 822//856 1175//1041 791//862
f 745//677 1159//1042 743//673
f 574//598 1056//1043 1054//1039
f 842//271 1227//1044 843//267
f 743//673 1157//1045 741//669
f 576//597 1058//1046 1056//1043
f 843//267 1228//1047 844//263
f 741//669 1155//1048 739//665
f 578//602 1060//1049 1058//1046
f 844//263 1229//1050 845//259
f 739//665 1153//1051 737//661
f 580//606 1062//1052 1060//1049
f 845//259 1230//1053 846//255
f 737//661 1151//1054 735//656
f 582//610 1064//1055 1062//1052
f 846//255 1231//1056 847//246
f 735//656 1149//1057 733//657
f 584//614 1066//1058 1064//1055
f 847//246 1232//1059 848//247
f 733//657 1147//1060 731//762
f 586//618 1068//1061 1066//1058
f 848//247 1233//1062 849//243
f 731//762 1145//1063 729//765
f 588//622 1070//1064 1068//1061
f 849//243 1234//1065 850//226
f 729//765 1143//1066 727//767
f 590//625 1072//1067 1070//1064
f 850//226 1235//1068 851//227
f 727//767 1141//1069 725//772
f 592//628 1074//1070 1072//1067
f 851//227 1236//1071 852//215
f 723//778 1141//1069 1139//1072
f 594//638 1076//1073 1074//1070
f 852//215 1237//1074 853//858
f 721//783 1139//1072 1137//1075
f 598//648 1076//1073 596//637
f 853//858 1398//751 790//239
f 719//787 1137//1075 1135//1076
f 600//647 1078//1077 598//648
f 756//556 1110//1078 694//771
f 717//792 1135//1076 1133//1079
f 602//535 1080//1080 600//647
f 628//538 1107//1081 1239//1082
f 694//771 1112//1083 696//775
f 715//797 1133//1079 1131//1084
f 604//531 1082//1085 602//535
f 627//636 1105//1086 1107//1081
f 696//775 1114//1087 698//780
f 713//801 1131//1084 1129//1088
f 606//527 1084//1089 604//531
f 625//641 1103//1090 1105//1086
f 698//780 1116//1091 700//785
f 711//805 1129//1088 1127//1092
f 608//523 1086//1093 606//527
f 623//640 1101//1094 1103//1090
f 700//785 1118//1095 702//790
f 709//809 1127//1092 1125//1096
f 610//519 1088//1097 608//523
f 621//651 1099//1098 1101//1094
f 702//790 1120//1099 704//795
f 707//813 1125//1096 1123//1100
f 612//515 1090//1101 610//519
f 619//533 1097//1102 1099//1098
f 704//795 1122//1103 706//799
f 705//715 1123//1100 1121//1104
f 614//511 1092//1105 612//515
f 617//529 1095//1106 1097//1102
f 706//799 1124//1107 708//803
f 703//711 1121//1104 1119//1108
f 616//507 1094//1109 614//511
f 792//241 1175//1041 1366//1110
f 615//525 1093//1111 1095//1106
f 708//803 1126//1112 710//807
f 701//706 1119//1108 1362//853
f 618//502 1096//1113 616//507
f 793//224 1366//1110 1368//851
f 613//521 1247//850 1093//1111
f 710//807 1312//1114 712//811
f 1238//1115 1239//1082 1107//1081
f 1240//1116 1107//1081 1105//1086
f 1240//1116 1103//1090 1241//1117
f 1241//1117 1101//1094 1242//1118
f 1242//1118 1099//1098 1243//1119
f 1243//1119 1097//1102 1244//1120
f 1244//1120 1095//1106 1245//1121
f 1245//1121 1093//1111 1246//1122
f 1246//1122 1247//850 1091//1123
f 1091//1123 1248//844 1089//1124
f 1089//1124 1249//838 1087//1125
f 1087//1125 1250//831 1085//1126
f 1085//1126 1251//826 1083//1127
f 1083//1127 1252//822 1081//1128
f 1079//1129 1252//822 1253//819
f 1079//1129 1254//760 1077//1130
f 1075//1131 1254//760 1255//756
f 1073//1132 1255//756 1256//752
f 1071//1133 1256//752 1257//747
f 1071//1133 1258//742 1069//1134
f 1069//1134 1259//738 1067//1135
f 1067//1135 1260//732 1065//1136
f 1063//1137 1260//732 1261//726
f 1061//1138 1261//726 1262//720
f 1059//1139 1262//720 1263//594
f 1057//1140 1263//594 1264//587
f 1055//1141 1264//587 1265//580
f 1053//1142 1265//580 1266//573
f 1051//1143 1266//573 1267//566
f 1051//1143 1268//559 1049//1144
f 1049//1144 1269//552 1047//1145
f 1108//1146 1269//552 1239//1082
f 1109//1147 1046//540 1271//1148
f 1271//1148 1048//1026 1272//1149
f 1272//1149 1050//1031 1273//1150
f 1273//1150 1052//1035 1274//1151
f 1274//1151 1054//1039 1275//1152
f 1275//1152 1056//1043 1276//1153
f 1276//1153 1058//1046 1277//1154
f 1277//1154 1060//1049 1278//1155
f 1278//1155 1062//1052 1279//1156
f 1279//1156 1064//1055 1280//1157
f 1280//1157 1066//1058 1281//1158
f 1282//1159 1066//1058 1068//1061
f 1282//1159 1070//1064 1283//1160
f 1283//1160 1072//1067 1284//1161
f 1284//1161 1074//1070 1285//1162
f 1285//1162 1076//1073 1286//1163
f 1287//1164 1076//1073 1078//1077
f 1288//1165 1078//1077 1080//1080
f 1288//1165 1082//1085 1289//1166
f 1289//1166 1084//1089 1290//1167
f 1291//1168 1084//1089 1086//1093
f 1292//1169 1086//1093 1088//1097
f 1293//1170 1088//1097 1090//1101
f 1294//1171 1090//1101 1092//1105
f 1295//1172 1092//1105 1094//1109
f 1296//1173 1094//1109 1096//1113
f 1098//1174 1096//1113 1297//852
f 1098//1174 1298//847 1100//1175
f 1100//1175 1299//841 1102//1176
f 1104//1177 1299//841 1300//834
f 1106//1178 1300//834 1301//829
f 1109//1147 1301//829 1270//541
f 1172//1179 1110//1078 1303//558
f 1302//1180 1112//1083 1110//1078
f 1305//1181 1112//1083 1304//1182
f 1306//1183 1114//1087 1305//1181
f 1306//1183 1118//1095 1116//1091
f 1307//1184 1120//1099 1118//1095
f 1308//1185 1122//1103 1120//1099
f 1309//1186 1124//1107 1122//1103
f 1310//1187 1126//1112 1124//1107
f 1311//1188 1312//1114 1126//1112
f 1128//1189 1313//849 1312//1114
f 1130//1190 1314//843 1313//849
f 1132//1191 1315//837 1314//843
f 1134//1192 1316//830 1315//837
f 1136//1193 1317//825 1316//830
f 1138//1194 1318//818 1317//825
f 1142//1195 1318//818 1140//1196
f 1142//1195 1320//757 1319//815
f 1146//1197 1320//757 1144//1198
f 1148//1199 1321//753 1146//1197
f 1150//1200 1322//748 1148//1199
f 1152//1201 1323//743 1150//1200
f 1154//1202 1324//737 1152//1201
f 1156//1203 1325//731 1154//1202
f 1158//1204 1326//725 1156//1203
f 1160//1205 1327//719 1158//1204
f 1162//1206 1328//593 1160//1205
f 1164//1207 1329//586 1162//1206
f 1166//1208 1330//579 1164//1207
f 1168//1209 1331//572 1166//1208
f 1170//1210 1332//565 1168//1209
f 1172//1179 1333//557 1170//1210
f 1173//1211 1171//547 1334//836
f 1335//1212 1169//1023 1171//547
f 1336//1213 1167//1027 1169//1023
f 1337//1214 1165//1030 1167//1027
f 1338//1215 1163//1034 1165//1030
f 1339//1216 1161//1038 1163//1034
f 1340//1217 1159//1042 1161//1038
f 1341//1218 1157//1045 1159//1042
f 1342//1219 1155//1048 1157//1045
f 1343//1220 1153//1051 1155//1048
f 1344//1221 1151//1054 1153//1051
f 1345//1222 1149//1057 1151//1054
f 1346//1223 1147//1060 1149//1057
f 1347//1224 1145//1063 1147//1060
f 1348//1225 1143//1066 1145//1063
f 1349//1226 1141//1069 1143//1066
f 1351//1227 1141//1069 1350//1228
f 1352//1229 1139//1072 1351//1227
f 1353//1230 1137//1075 1352//1229
f 1354//1231 1135//1076 1353//1230
f 1355//1232 1133//1079 1354//1231
f 1356//1233 1131//1084 1355//1232
f 1357//1234 1129//1088 1356//1233
f 1358//1235 1127//1092 1357//1234
f 1359//1236 1125//1096 1358//1235
f 1360//1237 1123//1100 1359//1236
f 1361//1238 1121//1104 1360//1237
f 1117//1239 1119//1108 1361//1238
f 1115//1240 1362//853 1117//1239
f 1113//1241 1363//848 1115//1240
f 1111//1242 1364//842 1113//1241
f 1173//1211 1365//835 1111//1242
f 1176//1243 1175//1041 1367//1244
f 1177//1245 1366//1110 1176//1243
f 1178//1246 1368//851 1177//1245
f 1179//1247 1369//846 1178//1246
f 1180//1248 1370//840 1179//1247
f 1181//1249 1371//833 1180//1248
f 1182//1250 1372//828 1181//1249
f 1183//1251 1373//824 1182//1250
f 1184//1252 1374//821 1183//1251
f 1185//1253 1375//817 1184//1252
f 1186//1254 1376//759 1185//1253
f 1187//1255 1377//755 1186//1254
f 1188//1256 1378//750 1187//1255
f 1189//1257 1379//745 1188//1256
f 1190//1258 1380//740 1189//1257
f 1191//1259 1381//733 1190//1258
f 1191//1259 1383//728 1382//734
f 1192//1260 1384//721 1383//728
f 1193//1261 1385//596 1384//721
f 1194//1262 1386//589 1385//596
f 1195//1263 1387//582 1386//589
f 1196//1264 1388//575 1387//582
f 1197//1265 1389//568 1388//575
f 1198//1266 1390//561 1389//568
f 1199//1267 1391//553 1390//561
f 1200//1268 1392//549 1391//553
f 1201//1269 1393//542 1392//549
f 1202//1270 1394//1025 1393//542
f 1203//1271 1395//1029 1394//1025
f 1204//1272 1396//1033 1395//1029
f 1205//1273 1397//1037 1396//1033
f 1206//1274 1175//1041 1397//1037
f 1207//1275 1398//751 1174//1276
f 1208//1277 1399//746 1207//1275
f 1209//1278 1400//741 1208//1277
f 1210//1279 1401//736 1209//1278
f 1211//1280 1402//730 1210//1279
f 1212//1281 1403//723 1211//1280
f 1213//1282 1404//717 1212//1281
f 1214//1283 1405//591 1213//1282
f 1215//1284 1406//584 1214//1283
f 1216//1285 1407//577 1215//1284
f 1217//1286 1408//570 1216//1285
f 1218//1287 1409//563 1217//1286
f 1219//1288 1410//555 1218//1287
f 1412//1289 1411//551 1219//1288
f 1413//1290 1220//544 1412//1289
f 1414//1291 1221//545 1413//1290
f 1414//1291 1223//1028 1222//1024
f 1415//1292 1224//1032 1223//1028
f 1416//1293 1225//1036 1224//1032
f 1417//1294 1226//1040 1225//1036
f 1418//1295 1227//1044 1226//1040
f 1419//1296 1228//1047 1227//1044
f 1420//1297 1229//1050 1228//1047
f 1421//1298 1230//1053 1229//1050
f 1422//1299 1231//1056 1230//1053
f 1423//1300 1232//1059 1231//1056
f 1424//1301 1233//1062 1232//1059
f 1425//1302 1234//1065 1233//1062
f 1426//1303 1235//1068 1234//1065
f 1427//1304 1236//1071 1235//1068
f 1428//1305 1237//1074 1236//1071
f 1429//1306 1398//751 1237//1074
f 375//123 311//317 313//124
f 377//125 313//124 315//126
f 379//127 315//126 317//128
f 381//129 317//128 319//130
f 383//131 319//130 321//132
f 385//133 321//132 323//134
f 387//135 323//134 325//136
f 389//137 325//136 327//138
f 391//139 327//138 329//140
f 393//141 329//140 331//142
f 395//143 331//142 333//144
f 280//146 279//151 345//147
f 397//145 333//144 335//149
f 279//151 283//311 347//152
f 893//153 316//160 314//154
f 865//156 867//162 290//157
f 895//159 318//164 316//160
f 869//161 292//166 290//157
f 897//163 320//168 318//164
f 871//165 294//170 292//166
f 899//167 322//172 320//168
f 873//169 296//174 294//170
f 899//167 901//175 324//171
f 875//173 298//178 296//174
f 901//175 903//180 326//176
f 877//177 300//182 298//178
f 905//179 328//184 326//176
f 877//177 879//186 302//181
f 905//179 907//187 330//183
f 881//185 304//190 302//181
f 907//187 909//192 332//188
f 883//189 306//194 304//190
f 911//191 334//199 332//188
f 885//193 308//201 306//194
f 917//195 854//921 281//196
f 911//191 913//205 336//198
f 887//200 310//208 308//201
f 861//202 284//210 282//203
f 913//205 915//211 338//206
f 887//200 889//212 312//207
f 861//202 863//213 286//209
f 917//195 340//197 338//206
f 891//155 314//154 312//207
f 865//156 288//158 286//209
f 786//214 851//227 852//215
f 184//217 185//228 820//218
f 760//220 759//230 824//221
f 211//223 212//233 793//224
f 786//214 785//235 850//226
f 185//228 186//237 819//229
f 759//230 758//238 823//231
f 213//232 792//241 793//224
f 784//234 849//243 850//226
f 187//236 818//245 819//229
f 758//238 789//863 790//239
f 182//240 791//862 792//241
f 783//242 848//247 849//243
f 187//236 188//248 817//244
f 783//242 782//251 847//246
f 188//248 189//252 816//249
f 781//250 846//255 847//246
f 189//252 190//256 815//253
f 780//254 845//259 846//255
f 190//256 191//260 814//257
f 779//258 844//263 845//259
f 191//260 192//265 813//261
f 778//262 843//267 844//263
f 193//264 812//269 813//261
f 777//266 842//271 843//267
f 193//264 194//273 811//268
f 776//270 841//275 842//271
f 195//272 810//277 811//268
f 775//274 840//279 841//275
f 196//276 809//281 810//277
f 775//274 774//888 839//278
f 196//276 197//887 808//280
f 857//282 859//204 282//203
f 309//284 311//317 375//123
f 307//286 309//284 373//285
f 305//288 307//286 371//287
f 303//290 305//288 369//289
f 301//292 303//290 367//291
f 299//294 301//292 365//293
f 297//296 299//294 363//295
f 295//298 297//296 361//297
f 293//300 295//298 359//299
f 291//302 293//300 357//301
f 405//304 341//310 280//146
f 289//305 291//302 355//303
f 287//307 289//305 353//306
f 403//309 339//315 341//310
f 283//311 285//316 349//312
f 399//150 335//149 337//313
f 401//314 337//313 339//315
f 285//316 287//307 351//308
f 280//146 281//196 278//283
f 283//311 279//151 278//283
f 283//311 282//203 284//210
f 287//307 285//316 284//210
f 289//305 287//307 286//209
f 291//302 289//305 288//158
f 291//302 290//157 292//166
f 295//298 293//300 292//166
f 297//296 295//298 294//170
f 299//294 297//296 296//174
f 299//294 298//178 300//182
f 301//292 300//182 302//181
f 303//290 302//181 304//190
f 307//286 305//288 304//190
f 307//286 306//194 308//201
f 311//317 309//284 308//201
f 311//317 310//208 312//207
f 315//126 313//124 312//207
f 317//128 315//126 314//154
f 317//128 316//160 318//164
f 321//132 319//130 318//164
f 323//134 321//132 320//168
f 323//134 322//172 324//171
f 325//136 324//171 326//176
f 327//138 326//176 328//184
f 329//140 328//184 330//183
f 331//142 330//183 332//188
f 333//144 332//188 334//199
f 335//149 334//199 336//198
f 337//313 336//198 338//206
f 339//315 338//206 340//197
f 280//146 341//310 340//197
f 405//304 342//148 343//318
f 403//309 405//304 404//319
f 401//314 403//309 402//320
f 399//150 401//314 400//321
f 397//145 399//150 398//322
f 395//143 397//145 396//323
f 393//141 395//143 394//324
f 391//139 393//141 392//325
f 389//137 391//139 390//326
f 387//135 389//137 388//327
f 385//133 387//135 386//328
f 383//131 385//133 384//329
f 381//129 383//131 382//330
f 379//127 381//129 380//331
f 377//125 379//127 378//332
f 375//123 377//125 376//333
f 375//123 374//334 372//335
f 373//285 372//335 370//336
f 371//287 370//336 368//337
f 369//289 368//337 366//338
f 367//291 366//338 364//339
f 365//293 364//339 362//340
f 363//295 362//340 360//341
f 361//297 360//341 358//342
f 359//299 358//342 356//343
f 357//301 356//343 354//344
f 355//303 354//344 352//345
f 353//306 352//345 350//346
f 351//308 350//346 348//347
f 349//312 348//347 346//348
f 347//152 346//348 344//349
f 345//147 344//349 343//318
f 427//350 426//354 970//351
f 425//353 969//356 970//351
f 424//355 968//358 969//356
f 423//357 967//360 968//358
f 422//359 966//362 967//360
f 421//361 965//364 966//362
f 420//363 964//366 965//364
f 420//363 419//367 963//365
f 419//367 418//370 962//368
f 417//369 961//372 962//368
f 416//371 960//374 961//372
f 416//371 415//375 959//373
f 415//375 414//990 958//376
f 454//377 455//387 487//378
f 441//380 442//389 474//381
f 468//383 469//390 501//384
f 456//386 488//393 487//378
f 443//388 475//395 474//381
f 469//390 438//429 470//391
f 456//386 457//397 489//392
f 443//388 444//398 476//394
f 458//396 490//401 489//392
f 444//398 445//403 477//399
f 458//396 459//405 491//400
f 446//402 478//407 477//399
f 460//404 492//409 491//400
f 446//402 447//411 479//406
f 460//404 461//413 493//408
f 448//410 480//415 479//406
f 462//412 494//417 493//408
f 448//410 449//419 481//414
f 463//416 495//421 494//417
f 450//418 482//423 481//414
f 464//420 496//425 495//421
f 450//418 451//427 483//422
f 465//424 497//431 496//425
f 452//426 484//433 483//422
f 439//428 471//435 470//391
f 465//424 466//436 498//430
f 452//426 453//438 485//432
f 439//428 440//439 472//434
f 466//436 467//440 499//437
f 454//377 486//379 485//432
f 441//380 473//382 472//434
f 467//440 468//383 500//385
f 490//401 522//445 521//441
f 476//394 477//399 509//442
f 490//401 491//400 523//444
f 477//399 478//407 510//446
f 492//409 524//448 523//444
f 479//406 511//449 510//446
f 492//409 493//408 525//447
f 480//415 512//451 511//449
f 494//417 526//453 525//447
f 480//415 481//414 513//450
f 494//417 495//421 527//452
f 482//423 514//455 513//450
f 496//425 528//457 527//452
f 482//423 483//422 515//454
f 496//425 497//431 529//456
f 483//422 484//433 516//458
f 471//435 503//461 502//459
f 497//431 498//430 530//460
f 485//432 517//462 516//458
f 472//434 504//463 503//461
f 499//437 531//465 530//460
f 486//379 518//467 517//462
f 473//382 505//468 504//463
f 499//437 500//385 532//464
f 486//379 487//378 519//466
f 474//381 506//470 505//468
f 501//384 533//471 532//464
f 488//393 520//472 519//466
f 474//381 475//395 507//469
f 501//384 470//391 502//459
f 489//392 521//441 520//472
f 476//394 508//443 507//469
f 533//471 502//459 503//461
f 503//461 504//463 533//471
f 504//463 505//468 533//471
f 505//468 506//470 507//469
f 507//469 508//443 509//442
f 509//442 510//446 511//449
f 511//449 512//451 509//442
f 512//451 513//450 509//442
f 513//450 514//455 515//454
f 515//454 516//458 513//450
f 516//458 517//462 513//450
f 517//462 518//467 521//441
f 518//467 519//466 521//441
f 519//466 520//472 521//441
f 521//441 522//445 523//444
f 523//444 524//448 521//441
f 524//448 525//447 521//441
f 525//447 526//453 529//456
f 526//453 527//452 529//456
f 527//452 528//457 529//456
f 529//456 530//460 531//465
f 531//465 532//464 529//456
f 532//464 533//471 529//456
f 505//468 507//469 533//471
f 507//469 509//442 533//471
f 509//442 513//450 533//471
f 513//450 517//462 533//471
f 517//462 521//441 533//471
f 521//441 525//447 533//471
f 228//473 593//600 595//474
f 564//476 565//504 629//477
f 538//479 574//598 572//480
f 229//475 595//474 597//482
f 564//476 626//478 624//484
f 537//481 572//480 570//486
f 231//488 230//483 597//482
f 563//485 624//484 622//490
f 535//492 536//487 570//486
f 231//488 599//489 601//494
f 562//491 622//490 620//496
f 534//498 535//492 568//493
f 232//495 601//494 603//500
f 561//497 620//496 618//502
f 534//498 566//499 629//477
f 233//501 603//500 605//505
f 560//503 618//502 616//507
f 234//506 605//505 607//509
f 559//508 616//507 614//511
f 235//510 607//509 609//513
f 558//512 614//511 612//515
f 236//514 609//513 611//517
f 557//516 612//515 610//519
f 237//518 611//517 613//521
f 556//520 610//519 608//523
f 238//522 613//521 615//525
f 555//524 608//523 606//527
f 239//526 615//525 617//529
f 554//528 606//527 604//531
f 240//530 617//529 619//533
f 553//532 604//531 602//535
f 215//537 214//631 628//538
f 629//477 566//499 1046//540
f 817//244 1392//549 1393//542
f 837//543 836//550 1220//544
f 757//546 1334//836 1171//547
f 816//249 1391//553 1392//549
f 836//550 835//554 1411//551
f 628//538 1239//1082 1269//552
f 815//253 1390//561 1391//553
f 835//554 834//562 1410//555
f 756//556 754//564 1333//557
f 567//539 1269//552 1268//559
f 814//257 1389//568 1390//561
f 834//562 833//569 1409//563
f 754//564 752//571 1332//565
f 569//560 1268//559 1267//566
f 813//261 1388//575 1389//568
f 833//569 832//576 1408//570
f 752//571 750//578 1331//572
f 571//567 1267//566 1266//573
f 812//269 1387//582 1388//575
f 832//576 831//583 1407//577
f 750//578 748//585 1330//579
f 573//574 1266//573 1265//580
f 811//268 1386//589 1387//582
f 831//583 830//590 1406//584
f 748//585 746//592 1329//586
f 575//581 1265//580 1264//587
f 810//277 1385//596 1386//589
f 830//590 829//716 1405//591
f 746//592 744//718 1328//593
f 577//588 1264//587 1263//594
f 809//281 1384//721 1385//596
f 538//479 539//601 576//597
f 227//599 591//604 593//600
f 539//601 540//605 578//602
f 226//603 589//608 591//604
f 540//605 541//609 580//606
f 226//603 225//611 587//607
f 541//609 542//613 582//610
f 225//611 224//616 585//612
f 542//613 543//617 584//614
f 223//615 583//620 585//612
f 543//617 544//621 586//618
f 223//615 222//623 581//619
f 544//621 545//624 588//622
f 222//623 221//626 579//595
f 545//624 546//627 590//625
f 221//626 220//629 577//588
f 546//627 547//633 592//628
f 220//629 219//634 575//581
f 245//630 627//636 628//538
f 548//632 594//638 592//628
f 219//634 218//639 573//574
f 244//635 625//641 627//636
f 548//632 549//643 596//637
f 218//639 217//644 571//567
f 244//635 243//646 623//640
f 550//642 598//648 596//637
f 217//644 216//649 569//560
f 242//645 621//651 623//640
f 550//642 551//650 600//647
f 216//649 215//537 567//539
f 551//650 552//536 602//535
f 241//534 619//533 621//651
f 685//652 684//658 738//653
f 650//655 651//660 735//656
f 684//658 683//662 736//659
f 651//660 652//664 737//661
f 683//662 682//667 734//663
f 652//664 653//668 739//665
f 681//666 732//671 734//663
f 653//668 654//672 741//669
f 681//666 680//674 730//670
f 654//672 655//676 743//673
f 680//674 679//678 728//675
f 655//676 656//680 745//677
f 679//678 678//684 726//679
f 656//680 657//686 747//681
f 631//682 695//689 757//546
f 678//684 677//691 724//685
f 657//686 658//692 749//687
f 631//682 632//695 697//688
f 676//690 722//697 724//685
f 658//692 659//698 751//693
f 633//694 699//701 697//688
f 675//696 720//703 722//697
f 659//698 660//704 753//699
f 634//700 701//706 699//701
f 674//702 718//708 720//703
f 660//704 661//709 755//548
f 635//705 703//711 701//706
f 673//707 716//713 718//708
f 661//709 630//683 757//546
f 636//710 705//715 703//711
f 673//707 672//814 714//712
f 637//714 707//813 705//715
f 829//716 828//722 1404//717
f 744//718 742//724 1327//719
f 579//595 1263//594 1262//720
f 808//280 1383//728 1384//721
f 828//722 827//729 1403//723
f 742//724 740//654 1326//725
f 581//619 1262//720 1261//726
f 807//727 1382//734 1383//728
f 827//729 826//735 1402//730
f 740//654 738//653 1325//731
f 583//620 1261//726 1260//732
f 807//727 806//739 1381//733
f 826//735 825//222 1401//736
f 738//653 736//659 1324//737
f 585//612 1260//732 1259//738
f 806//739 805//744 1380//740
f 825//222 824//221 1400//741
f 587//607 1259//738 1258//742
f 736//659 734//663 1323//743
f 805//744 804//749 1379//745
f 824//221 823//231 1399//746
f 589//608 1258//742 1257//747
f 734//663 732//671 1322//748
f 804//749 803//754 1378//750
f 823//231 790//239 1398//751
f 591//604 1257//747 1256//752
f 732//671 730//670 1321//753
f 803//754 802//758 1377//755
f 593//600 1256//752 1255//756
f 730//670 728//675 1320//757
f 802//758 801//816 1376//759
f 595//474 1255//756 1254//760
f 649//761 650//655 733//657
f 686//763 685//652 740//654
f 648//764 649//761 731//762
f 687//766 686//763 742//724
f 648//764 729//765 727//767
f 687//766 744//718 746//592
f 662//770 693//794 756//556
f 647//768 727//767 725//772
f 689//774 688//769 746//592
f 662//770 694//771 696//775
f 645//777 646//773 725//772
f 690//779 689//774 748//585
f 663//776 696//775 698//780
f 644//782 645//777 723//778
f 690//779 750//578 752//571
f 664//781 698//780 700//785
f 644//782 721//783 719//787
f 692//789 691//784 752//571
f 665//786 700//785 702//790
f 643//788 719//787 717//792
f 692//789 754//564 756//556
f 666//791 702//790 704//795
f 642//793 717//792 715//797
f 667//796 704//795 706//799
f 641//798 715//797 713//801
f 668//800 706//799 708//803
f 640//802 713//801 711//805
f 669//804 708//803 710//807
f 639//806 711//805 709//809
f 670//808 710//807 712//811
f 638//810 709//809 707//813
f 672//814 671//812 712//811
f 728//675 726//679 1319//815
f 801//816 800//820 1375//817
f 726//679 724//685 1318//818
f 597//482 1254//760 1253//819
f 800//820 799//823 1374//821
f 722//697 1317//825 1318//818
f 601//494 599//489 1253//819
f 799//823 798//827 1373//824
f 720//703 1316//830 1317//825
f 603//500 601//494 1252//822
f 798//827 797//832 1372//828
f 629//477 1270//541 1301//829
f 718//708 1315//837 1316//830
f 605//505 603//500 1251//826
f 797//832 796//839 1371//833
f 626//478 1301//829 1300//834
f 757//546 695//689 1365//835
f 716//713 1314//843 1315//837
f 607//509 605//505 1250//831
f 796//839 795//845 1370//840
f 624//484 1300//834 1299//841
f 695//689 697//688 1364//842
f 714//712 1313//849 1314//843
f 609//513 607//509 1249//838
f 795//845 794//225 1369//846
f 622//490 1299//841 1298//847
f 697//688 699//701 1363//848
f 712//811 1312//1114 1313//849
f 611//517 609//513 1248//844
f 794//225 793//224 1368//851
f 620//496 1298//847 1297//852
f 699//701 701//706 1362//853
f 211//223 794//225 795//845
f 761//855 760//220 825//222
f 184//217 821//219 822//856
f 787//216 852//215 853//858
f 210//854 795//845 796//839
f 762//861 761//855 826//735
f 183//857 822//856 791//862
f 788//859 853//858 790//239
f 208//864 209//860 796//839
f 762//861 827//729 828//722
f 207//866 208//864 797//832
f 764//867 763//865 828//722
f 206//868 207//866 798//827
f 765//869 764//867 829//716
f 205//870 206//868 799//823
f 765//869 830//590 831//583
f 204//872 205//870 800//820
f 766//871 831//583 832//576
f 203//874 204//872 801//816
f 767//873 832//576 833//569
f 203//874 802//758 803//754
f 768//875 833//569 834//562
f 202//876 803//754 804//749
f 769//877 834//562 835//554
f 200//880 201//878 804//749
f 770//879 835//554 836//550
f 199//882 200//880 805//744
f 771//881 836//550 837//543
f 198//884 199//882 806//739
f 772//883 837//543 838//885
f 197//887 198//884 807//727
f 774//888 773//886 838//885
f 857//282 854//921 855//889
f 859//204 857//282 856//890
f 861//202 859//204 858//891
f 863//213 861//202 860//892
f 865//156 863//213 862//893
f 867//162 865//156 864//894
f 869//161 867//162 866//895
f 871//165 869//161 868//896
f 873//169 871//165 870//897
f 875//173 873//169 872//898
f 877//177 875//173 874//899
f 879//186 877//177 876//900
f 881//185 879//186 878//901
f 883//189 881//185 880//902
f 885//193 883//189 882//903
f 887//200 885//193 884//904
f 887//200 886//905 888//906
f 889//212 888//906 890//907
f 891//155 890//907 892//908
f 893//153 892//908 894//909
f 895//159 894//909 896//910
f 897//163 896//910 898//911
f 899//167 898//911 900//912
f 901//175 900//912 902//913
f 903//180 902//913 904//914
f 905//179 904//914 906//915
f 907//187 906//915 908//916
f 909//192 908//916 910//917
f 911//191 910//917 912//918
f 913//205 912//918 914//919
f 915//211 914//919 916//920
f 917//195 916//920 855//889
f 854//921 857//282 278//283
f 941//922 973//935 972//923
f 920//925 921//936 953//926
f 947//928 948//939 980//929
f 927//931 928//940 960//374
f 935//932 967//360 966//362
f 941//922 942//942 974//934
f 921//936 922//945 954//937
f 949//938 981//947 980//929
f 928//940 929//948 961//372
f 936//941 968//358 967//360
f 942//942 943//950 975//943
f 923//944 955//952 954//937
f 949//938 918//963 950//946
f 929//948 930//954 962//368
f 936//941 937//955 969//356
f 944//949 976//957 975//943
f 924//951 956//959 955//952
f 931//953 963//365 962//368
f 937//955 938//961 970//351
f 944//949 945//965 977//956
f 924//951 925//966 957//958
f 931//953 932//967 964//366
f 939//960 971//352 970//351
f 919//962 951//968 950//946
f 946//964 978//969 977//956
f 925//966 926//970 958//376
f 932//967 933//971 965//364
f 939//960 940//924 972//923
f 920//925 952//927 951//968
f 946//964 947//928 979//930
f 927//931 959//373 958//376
f 933//971 934//933 966//362
f 428//972 427//350 971//352
f 429//973 428//972 972//923
f 429//973 973//935 974//934
f 430//974 974//934 975//943
f 431//975 975//943 976//957
f 433//977 432//976 976//957
f 407//978 406//987 950//946
f 434//979 433//977 977//956
f 408//980 407//978 951//968
f 434//979 978//969 979//930
f 408//980 952//927 953//926
f 436//983 435//981 979//930
f 409//982 953//926 954//937
f 437//985 436//983 980//929
f 411//986 410//984 954//937
f 437//985 981//947 950//946
f 412//988 411//986 955//952
f 413//989 412//988 956//959
f 414//990 413//989 957//958
f 984//991 921//936 920//925
f 983//992 920//925 919//962
f 919//962 918//963 1013//994
f 1013//994 918//963 949//938
f 949//938 948//939 1011//996
f 1011//996 948//939 947//928
f 1010//997 947//928 946//964
f 946//964 945//965 1008//999
f 1008//999 945//965 944//949
f 1007//1000 944//949 943//950
f 1006//1001 943//950 942//942
f 1005//1002 942//942 941//922
f 1004//1003 941//922 940//924
f 940//924 939//960 1002//1005
f 939//960 938//961 1001//1006
f 938//961 937//955 1000//1007
f 937//955 936//941 999//1008
f 999//1008 936//941 935//932
f 998//1009 935//932 934//933
f 997//1010 934//933 933//971
f 933//971 932//967 995//1012
f 932//967 931//953 994//1013
f 994//1013 931//953 930//954
f 930//954 929//948 992//1015
f 992//1015 929//948 928//940
f 928//940 927//931 990//1017
f 990//1017 927//931 926//970
f 989//1018 926//970 925//966
f 925//966 924//951 987//1020
f 924//951 923//944 986//1021
f 986//1021 923//944 922//945
f 922//945 921//936 984//991
f 755//548 1171//547 1169//1023
f 838//885 837//543 1221//545
f 818//245 1393//542 1394//1025
f 566//499 568//493 1048//1026
f 753//699 1169//1023 1167//1027
f 838//885 1222//1024 1223//1028
f 819//229 1394//1025 1395//1029
f 751//693 1167//1027 1165//1030
f 568//493 570//486 1050//1031
f 839//278 1223//1028 1224//1032
f 820//218 1395//1029 1396//1033
f 749//687 1165//1030 1163//1034
f 570//486 572//480 1052//1035
f 840//279 1224//1032 1225//1036
f 821//219 1396//1033 1397//1037
f 747//681 1163//1034 1161//1038
f 572//480 574//598 1054//1039
f 841//275 1225//1036 1226//1040
f 822//856 1397//1037 1175//1041
f 745//677 1161//1038 1159//1042
f 574//598 576//597 1056//1043
f 842//271 1226//1040 1227//1044
f 743//673 1159//1042 1157//1045
f 576//597 578//602 1058//1046
f 843//267 1227//1044 1228//1047
f 741//669 1157//1045 1155//1048
f 578//602 580//606 1060//1049
f 844//263 1228//1047 1229//1050
f 739//665 1155//1048 1153//1051
f 580//606 582//610 1062//1052
f 845//259 1229//1050 1230//1053
f 737//661 1153//1051 1151//1054
f 582//610 584//614 1064//1055
f 846//255 1230//1053 1231//1056
f 735//656 1151//1054 1149//1057
f 584//614 586//618 1066//1058
f 847//246 1231//1056 1232//1059
f 733//657 1149//1057 1147//1060
f 586//618 588//622 1068//1061
f 848//247 1232//1059 1233//1062
f 731//762 1147//1060 1145//1063
f 588//622 590//625 1070//1064
f 849//243 1233//1062 1234//1065
f 729//765 1145//1063 1143//1066
f 590//625 592//628 1072//1067
f 850//226 1234//1065 1235//1068
f 727//767 1143//1066 1141//1069
f 592//628 594//638 1074//1070
f 851//227 1235//1068 1236//1071
f 723//778 725//772 1141//1069
f 594//638 596//637 1076//1073
f 852//215 1236//1071 1237//1074
f 721//783 723//778 1139//1072
f 598//648 1078//1077 1076//1073
f 853//858 1237//1074 1398//751
f 719//787 721//783 1137//1075
f 600//647 1080//1080 1078//1077
f 756//556 1303//558 1110//1078
f 717//792 719//787 1135//1076
f 602//535 1082//1085 1080//1080
f 628//538 627//636 1107//1081
f 694//771 1110//1078 1112//1083
f 715//797 717//792 1133//1079
f 604//531 1084//1089 1082//1085
f 627//636 625//641 1105//1086
f 696//775 1112//1083 1114//1087
f 713//801 715//797 1131//1084
f 606//527 1086//1093 1084//1089
f 625//641 623//640 1103//1090
f 698//780 1114//1087 1116//1091
f 711//805 713//801 1129//1088
f 608//523 1088//1097 1086//1093
f 623//640 621//651 1101//1094
f 700//785 1116//1091 1118//1095
f 709//809 711//805 1127//1092
f 610//519 1090//1101 1088//1097
f 621//651 619//533 1099//1098
f 702//790 1118//1095 1120//1099
f 707//813 709//809 1125//1096
f 612//515 1092//1105 1090//1101
f 619//533 617//529 1097//1102
f 704//795 1120//1099 1122//1103
f 705//715 707//813 1123//1100
f 614//511 1094//1109 1092//1105
f 617//529 615//525 1095//1106
f 706//799 1122//1103 1124//1107
f 703//711 705//715 1121//1104
f 616//507 1096//1113 1094//1109
f 792//241 791//862 1175//1041
f 615//525 613//521 1093//1111
f 708//803 1124//1107 1126//1112
f 701//706 703//711 1119//1108
f 618//502 1297//852 1096//1113
f 793//224 792//241 1366//1110
f 613//521 611//517 1247//850
f 710//807 1126//1112 1312//1114
f 1238//1115 1108//1146 1239//1082
f 1240//1116 1238//1115 1107//1081
f 1240//1116 1105//1086 1103//1090
f 1241//1117 1103//1090 1101//1094
f 1242//1118 1101//1094 1099//1098
f 1243//1119 1099//1098 1097//1102
f 1244//1120 1097//1102 1095//1106
f 1245//1121 1095//1106 1093//1111
f 1246//1122 1093//1111 1247//850
f 1091//1123 1247//850 1248//844
f 1089//1124 1248//844 1249//838
f 1087//1125 1249//838 1250//831
f 1085//1126 1250//831 1251//826
f 1083//1127 1251//826 1252//822
f 1079//1129 1081//1128 1252//822
f 1079//1129 1253//819 1254//760
f 1075//1131 1077//1130 1254//760
f 1073//1132 1075//1131 1255//756
f 1071//1133 1073//1132 1256//752
f 1071//1133 1257//747 1258//742
f 1069//1134 1258//742 1259//738
f 1067//1135 1259//738 1260//732
f 1063//1137 1065//1136 1260//732
f 1061//1138 1063//1137 1261//726
f 1059//1139 1061//1138 1262//720
f 1057//1140 1059//1139 1263//594
f 1055//1141 1057//1140 1264//587
f 1053//1142 1055//1141 1265//580
f 1051//1143 1053//1142 1266//573
f 1051//1143 1267//566 1268//559
f 1049//1144 1268//559 1269//552
f 1108//1146 1047//1145 1269//552
f 1109//1147 1270//541 1046//540
f 1271//1148 1046//540 1048//1026
f 1272//1149 1048//1026 1050//1031
f 1273//1150 1050//1031 1052//1035
f 1274//1151 1052//1035 1054//1039
f 1275//1152 1054//1039 1056//1043
f 1276//1153 1056//1043 1058//1046
f 1277//1154 1058//1046 1060//1049
f 1278//1155 1060//1049 1062//1052
f 1279//1156 1062//1052 1064//1055
f 1280//1157 1064//1055 1066//1058
f 1282//1159 1281//1158 1066//1058
f 1282//1159 1068//1061 1070//1064
f 1283//1160 1070//1064 1072//1067
f 1284//1161 1072//1067 1074//1070
f 1285//1162 1074//1070 1076//1073
f 1287//1164 1286//1163 1076//1073
f 1288//1165 1287//1164 1078//1077
f 1288//1165 1080//1080 1082//1085
f 1289//1166 1082//1085 1084//1089
f 1291//1168 1290//1167 1084//1089
f 1292//1169 1291//1168 1086//1093
f 1293//1170 1292//1169 1088//1097
f 1294//1171 1293//1170 1090//1101
f 1295//1172 1294//1171 1092//1105
f 1296//1173 1295//1172 1094//1109
f 1098//1174 1296//1173 1096//1113
f 1098//1174 1297//852 1298//847
f 1100//1175 1298//847 1299//841
f 1104//1177 1102//1176 1299//841
f 1106//1178 1104//1177 1300//834
f 1109//1147 1106//1178 1301//829
f 1172//1179 1302//1180 1110//1078
f 1302//1180 1304//1182 1112//1083
f 1305//1181 1114//1087 1112//1083
f 1306//1183 1116//1091 1114//1087
f 1306//1183 1307//1184 1118//1095
f 1307//1184 1308//1185 1120//1099
f 1308//1185 1309//1186 1122//1103
f 1309//1186 1310//1187 1124//1107
f 1310//1187 1311//1188 1126//1112
f 1311//1188 1128//1189 1312//1114
f 1128//1189 1130//1190 1313//849
f 1130//1190 1132//1191 1314//843
f 1132//1191 1134//1192 1315//837
f 1134//1192 1136//1193 1316//830
f 1136//1193 1138//1194 1317//825
f 1138//1194 1140//1196 1318//818
f 1142//1195 1319//815 1318//818
f 1142//1195 1144//1198 1320//757
f 1146//1197 1321//753 1320//757
f 1148//1199 1322//748 1321//753
f 1150//1200 1323//743 1322//748
f 1152//1201 1324//737 1323//743
f 1154//1202 1325//731 1324//737
f 1156//1203 1326//725 1325//731
f 1158//1204 1327//719 1326//725
f 1160//1205 1328//593 1327//719
f 1162//1206 1329//586 1328//593
f 1164//1207 1330//579 1329//586
f 1166//1208 1331//572 1330//579
f 1168//1209 1332//565 1331//572
f 1170//1210 1333//557 1332//565
f 1172//1179 1303//558 1333//557
f 1173//1211 1335//1212 1171//547
f 1335//1212 1336//1213 1169//1023
f 1336//1213 1337//1214 1167//1027
f 1337//1214 1338//1215 1165//1030
f 1338//1215 1339//1216 1163//1034
f 1339//1216 1340//1217 1161//1038
f 1340//1217 1341//1218 1159//1042
f 1341//1218 1342//1219 1157//1045
f 1342//1219 1343//1220 1155//1048
f 1343//1220 1344//1221 1153//1051
f 1344//1221 1345//1222 1151//1054
f 1345//1222 1346//1223 1149//1057
f 1346//1223 1347//1224 1147//1060
f 1347//1224 1348//1225 1145//1063
f 1348//1225 1349//1226 1143//1066
f 1349//1226 1350//1228 1141//1069
f 1351//1227 1139//1072 1141//1069
f 1352//1229 1137//1075 1139//1072
f 1353//1230 1135//1076 1137//1075
f 1354//1231 1133//1079 1135//1076
f 1355//1232 1131//1084 1133//1079
f 1356//1233 1129//1088 1131//1084
f 1357//1234 1127//1092 1129//1088
f 1358//1235 1125//1096 1127//1092
f 1359//1236 1123//1100 1125//1096
f 1360//1237 1121//1104 1123//1100
f 1361//1238 1119//1108 1121//1104
f 1117//1239 1362//853 1119//1108
f 1115//1240 1363//848 1362//853
f 1113//1241 1364//842 1363//848
f 1111//1242 1365//835 1364//842
f 1173//1211 1334//836 1365//835
f 1176//1243 1366//1110 1175//1041
f 1177//1245 1368//851 1366//1110
f 1178//1246 1369//846 1368//851
f 1179//1247 1370//840 1369//846
f 1180//1248 1371//833 1370//840
f 1181//1249 1372//828 1371//833
f 1182//1250 1373//824 1372//828
f 1183//1251 1374//821 1373//824
f 1184//1252 1375//817 1374//821
f 1185//1253 1376//759 1375//817
f 1186//1254 1377//755 1376//759
f 1187//1255 1378//750 1377//755
f 1188//1256 1379//745 1378//750
f 1189//1257 1380//740 1379//745
f 1190//1258 1381//733 1380//740
f 1191//1259 1382//734 1381//733
f 1191//1259 1192//1260 1383//728
f 1192//1260 1193//1261 1384//721
f 1193//1261 1194//1262 1385//596
f 1194//1262 1195//1263 1386//589
f 1195//1263 1196//1264 1387//582
f 1196//1264 1197//1265 1388//575
f 1197//1265 1198//1266 1389//568
f 1198//1266 1199//1267 1390//561
f 1199//1267 1200//1268 1391//553
f 1200//1268 1201//1269 1392//549
f 1201//1269 1202//1270 1393//542
f 1202//1270 1203//1271 1394//1025
f 1203//1271 1204//1272 1395//1029
f 1204//1272 1205//1273 1396//1033
f 1205//1273 1206//1274 1397//1037
f 1206//1274 1367//1244 1175//1041
f 1207//1275 1399//746 1398//751
f 1208//1277 1400//741 1399//746
f 1209//1278 1401//736 1400//741
f 1210//1279 1402//730 1401//736
f 1211//1280 1403//723 1402//730
f 1212//1281 1404//717 1403//723
f 1213//1282 1405//591 1404//717
f 1214//1283 1406//584 1405//591
f 1215//1284 1407//577 1406//584
f 1216//1285 1408//570 1407//577
f 1217//1286 1409//563 1408//570
f 1218//1287 1410//555 1409//563
f 1219//1288 1411//551 1410//555
f 1412//1289 1220//544 1411//551
f 1413//1290 1221//545 1220//544
f 1414//1291 1222//1024 1221//545
f 1414//1291 1415//1292 1223//1028
f 1415//1292 1416//1293 1224//1032
f 1416//1293 1417//1294 1225//1036
f 1417//1294 1418//1295 1226//1040
f 1418//1295 1419//1296 1227//1044
f 1419//1296 1420//1297 1228//1047
f 1420//1297 1421//1298 1229//1050
f 1421//1298 1422//1299 1230//1053
f 1422//1299 1423//1300 1231//1056
f 1423//1300 1424//1301 1232//1059
f 1424//1301 1425//1302 1233//1062
f 1425//1302 1426//1303 1234//1065
f 1426//1303 1427//1304 1235//1068
f 1427//1304 1428//1305 1236//1071
f 1428//1305 1429//1306 1237//1074
f 1429//1306 1174//1276 1398//751
usemtl inner
f 1016//1307 149//1308 150//1309
f 173//1310 181//1311 174//1312
f 174//1312 181//1311 175//1313
f 175//1313 181//1311 176//1314
f 176//1314 181//1311 177//1315
f 177//1315 181//1311 178//1316
f 178//1316 181//1311 179//1317
f 179//1317 181//1311 180//1318
f 180//1318 181//1311 149//1308
f 149//1308 181//1311 150//1309
f 150//1309 181//1311 151//1319
f 151//1319 181//1311 152//1320
f 152//1320 181//1311 153//1321
f 153//1321 181//1311 154//1322
f 154//1322 181//1311 155//1323
f 155//1323 181//1311 156//1324
f 156//1324 181//1311 157//1325
f 157//1325 181//1311 158//1326
f 158//1326 181//1311 159//1327
f 159//1327 181//1311 160//1328
f 160//1328 181//1311 161//1329
f 161//1329 181//1311 162//1330
f 162//1330 181//1311 163//1331
f 163//1331 181//1311 164//1332
f 164//1332 181//1311 165//1333
f 165//1333 181//1311 166//1334
f 166//1334 181//1311 167//1335
f 167//1335 181//1311 168//1336
f 168//1336 181//1311 169//1337
f 169//1337 181//1311 170//1338
f 170//1338 181//1311 171//1339
f 171//1339 181//1311 172//1340
f 172//1340 181//1311 173//1310
f 245//630 182//240 213//232
f 244//635 213//232 212//233
f 243//646 212//233 211//223
f 242//645 211//223 210//854
f 241//534 210//854 209//860
f 240//530 209//860 208//864
f 239//526 208//864 207//866
f 238//522 207//866 206//868
f 237//518 206//868 205//870
f 236//514 205//870 204//872
f 235//510 204//872 203//874
f 234//506 203//874 202//876
f 233//501 202//876 201//878
f 232//495 201//878 200//880
f 231//488 200//880 199//882
f 230//483 199//882 198//884
f 197//887 230//483 198//884
f 196//276 229//475 197//887
f 195//272 228//473 196//276
f 194//273 227//599 195//272
f 193//264 226//603 194//273
f 192//265 225//611 193//264
f 191//260 224//616 192//265
f 190//256 223//615 191//260
f 189//252 222//623 190//256
f 188//248 221//626 189//252
f 187//236 220//629 188//248
f 186//237 219//634 187//236
f 185//228 218//639 186//237
f 184//217 217//644 185//228
f 183//857 216//649 184//217
f 182//240 215//537 183//857
f 277//1341 693//794 662//770
f 276//1342 662//770 663//776
f 275//1343 663//776 664//781
f 274//1344 664//781 665//786
f 273//1345 665//786 666//791
f 272//1346 666//791 667//796
f 271//1347 667//796 668//800
f 270//1348 668//800 669//804
f 269//1349 669//804 670//808
f 268//1350 670//808 671//812
f 267//1351 671//812 672//814
f 266//1352 672//814 673//707
f 265//1353 673//707 674//702
f 264//1354 674//702 675//696
f 263//1355 675//696 676//690
f 262//1356 676//690 677//691
f 678//684 262//1356 677//691
f 679//678 261//1357 678//684
f 680//674 260//1358 679//678
f 681//666 259//1359 680//674
f 682//667 258//1360 681//666
f 683//662 257//1361 682//667
f 684//658 256//1362 683//662
f 685//652 255//1363 684//658
f 686//763 254//1364 685//652
f 687//766 253//1365 686//763
f 688//769 252//1366 687//766
f 689//774 251//1367 688//769
f 690//779 250//1368 689//774
f 691//784 249//1369 690//779
f 692//789 248//1370 691//784
f 693//794 247//1371 692//789
f 1017//1372 150//1309 151//1319
f 1019//1373 152//1320 153//1321
f 1020//1374 153//1321 154//1322
f 1021//1375 154//1322 155//1323
f 1022//1376 155//1323 156//1324
f 1023//1377 156//1324 157//1325
f 1024//1378 157//1325 158//1326
f 1025//1379 158//1326 159//1327
f 1026//1380 159//1327 160//1328
f 1027//1381 160//1328 161//1329
f 1028//1382 161//1329 162//1330
f 1029//1383 162//1330 163//1331
f 1030//1384 163//1331 164//1332
f 1031//1385 164//1332 165//1333
f 1031//1385 166//1334 1032//1386
f 1032//1386 167//1335 1033//1387
f 1033//1387 168//1336 1034//1388
f 1034//1388 169//1337 1035//1389
f 1035//1389 170//1338 1036//1390
f 1036//1390 171//1339 1037//1391
f 1037//1391 172//1340 1038//1392
f 1038//1392 173//1310 1039//1393
f 1039//1393 174//1312 1040//1394
f 1040//1394 175//1313 1041//1395
f 1041//1395 176//1314 1042//1396
f 1042//1396 177//1315 1043//1397
f 1043//1397 178//1316 1044//1398
f 1044//1398 179//1317 1045//1399
f 1045//1399 180//1318 1015//1400
f 1018//1401 151//1319 152//1320
f 1015//1400 149//1308 1014//1402
f 426//354 459//405 458//396
f 413//989 446//402 445//403
f 428//972 459//405 427//350
f 415//375 446//402 414//990
f 429//973 460//404 428//972
f 415//375 448//410 447//411
f 429//973 462//412 461//413
f 416//371 449//419 448//410
f 431//975 462//412 430//974
f 418//370 449//419 417//369
f 431//975 464//420 463//416
f 418//370 451//427 450//418
f 433//977 464//420 432//976
f 420//363 451//427 419//367
f 407//978 438//429 406//987
f 433//977 466//436 465//424
f 420//363 453//438 452//426
f 408//980 439//428 407//978
f 435//981 466//436 434//979
f 421//361 454//377 453//438
f 408//980 441//380 440//439
f 435//981 468//383 467//440
f 423//357 454//377 422//359
f 410//984 441//380 409//982
f 437//985 468//383 436//983
f 424//355 455//387 423//357
f 410//984 443//388 442//389
f 437//985 438//429 469//390
f 424//355 457//397 456//386
f 411//986 444//398 443//388
f 426//354 457//397 425//353
f 413//989 444//398 412//988
f 565//504 661//709 534//498
f 534//498 660//704 535//492
f 535//492 659//698 536//487
f 536//487 658//692 537//481
f 537//481 657//686 538//479
f 538//479 656//680 539//601
f 539//601 655//676 540//605
f 540//605 654//672 541//609
f 541//609 653//668 542//613
f 542//613 652//664 543//617
f 543//617 651//660 544//621
f 544//621 650//655 545//624
f 545//624 649//761 546//627
f 546//627 648//764 547//633
f 547//633 647//768 548//632
f 548//632 646//773 549//643
f 646//773 550//642 549//643
f 645//777 551//650 550//642
f 644//782 552//536 551//650
f 643//788 553//532 552//536
f 642//793 554//528 553//532
f 641//798 555//524 554//528
f 640//802 556//520 555//524
f 639//806 557//516 556//520
f 638//810 558//512 557//516
f 637//714 559//508 558//512
f 636//710 560//503 559//508
f 635//705 561//497 560//503
f 634//700 562//491 561//497
f 633//694 563//485 562//491
f 632//695 564//476 563//485
f 631//682 565//504 564//476
f 148//1403 758//238 147//1404
f 147//1404 759//230 146//1405
f 759//230 145//1406 146//1405
f 145//1406 761//855 144//1407
f 144//1407 762//861 143//1408
f 762//861 142//1409 143//1408
f 142//1409 764//867 141//1410
f 141//1410 765//869 140//1411
f 765//869 139//1412 140//1411
f 139//1412 767//873 138//1413
f 767//873 137//1414 138//1413
f 137//1414 769//877 136//1415
f 769//877 135//1416 136//1415
f 135//1416 771//881 134//1417
f 134//1417 772//883 133//1418
f 133//1418 773//886 132//1419
f 773//886 131//1420 132//1419
f 131//1420 775//274 130//1421
f 130//1421 776//270 129//1422
f 776//270 128//1423 129//1422
f 128//1423 778//262 127//1424
f 127//1424 779//258 126//1425
f 779//258 125//1426 126//1425
f 125//1426 781//250 124//1427
f 124//1427 782//251 123//1428
f 782//251 122//1429 123//1428
f 122//1429 784//234 121//1430
f 121//1430 785//235 120//1431
f 785//235 119//1432 120//1431
f 786//214 118//1433 119//1432
f 787//216 117//1434 118//1433
f 788//859 148//1403 117//1434
f 916//920 1014//1402 855//889
f 860//892 1017//1372 1018//1401
f 914//919 1015//1400 916//920
f 912//918 1045//1399 914//919
f 910//917 1044//1398 912//918
f 908//916 1043//1397 910//917
f 906//915 1042//1396 908//916
f 904//914 1041//1395 906//915
f 902//913 1040//1394 904//914
f 900//912 1039//1393 902//913
f 898//911 1038//1392 900//912
f 896//910 1037//1391 898//911
f 894//909 1036//1390 896//910
f 892//908 1035//1389 894//909
f 890//907 1034//1388 892//908
f 888//906 1033//1387 890//907
f 886//905 1032//1386 888//906
f 886//905 1030//1384 1031//1385
f 884//904 1029//1383 1030//1384
f 882//903 1028//1382 1029//1383
f 880//902 1027//1381 1028//1382
f 878//901 1026//1380 1027//1381
f 876//900 1025//1379 1026//1380
f 874//899 1024//1378 1025//1379
f 872//898 1023//1377 1024//1378
f 870//897 1022//1376 1023//1377
f 868//896 1021//1375 1022//1376
f 866//895 1020//1374 1021//1375
f 864//894 1019//1373 1020//1374
f 862//893 1018//1401 1019//1373
f 858//891 1016//1307 1017//1372
f 856//890 1014//1402 1016//1307
f 1016//1307 1014//1402 149//1308
f 245//630 214//631 182//240
f 244//635 245//630 213//232
f 243//646 244//635 212//233
f 242//645 243//646 211//223
f 241//534 242//645 210//854
f 240//530 241//534 209//860
f 239//526 240//530 208//864
f 238//522 239//526 207//866
f 237//518 238//522 206//868
f 236//514 237//518 205//870
f 235//510 236//514 204//872
f 234//506 235//510 203//874
f 233//501 234//506 202//876
f 232//495 233//501 201//878
f 231//488 232//495 200//880
f 230//483 231//488 199//882
f 197//887 229//475 230//483
f 196//276 228//473 229//475
f 195//272 227//599 228//473
f 194//273 226//603 227//599
f 193//264 225//611 226//603
f 192//265 224//616 225//611
f 191//260 223//615 224//616
f 190//256 222//623 223//615
f 189//252 221//626 222//623
f 188//248 220//629 221//626
f 187//236 219//634 220//629
f 186//237 218//639 219//634
f 185//228 217//644 218//639
f 184//217 216//649 217//644
f 183//857 215//537 216//649
f 182//240 214//631 215//537
f 277//1341 246//1435 693//794
f 276//1342 277//1341 662//770
f 275//1343 276//1342 663//776
f 274//1344 275//1343 664//781
f 273//1345 274//1344 665//786
f 272//1346 273//1345 666//791
f 271//1347 272//1346 667//796
f 270//1348 271//1347 668//800
f 269//1349 270//1348 669//804
f 268//1350 269//1349 670//808
f 267//1351 268//1350 671//812
f 266//1352 267//1351 672//814
f 265//1353 266//1352 673//707
f 264//1354 265//1353 674//702
f 263//1355 264//1354 675//696
f 262//1356 263//1355 676//690
f 678//684 261//1357 262//1356
f 679//678 260//1358 261//1357
f 680//674 259//1359 260//1358
f 681//666 258//1360 259//1359
f 682//667 257//1361 258//1360
f 683//662 256//1362 257//1361
f 684//658 255//1363 256//1362
f 685//652 254//1364 255//1363
f 686//763 253//1365 254//1364
f 687//766 252//1366 253//1365
f 688//769 251//1367 252//1366
f 689//774 250//1368 251//1367
f 690//779 249//1369 250//1368
f 691//784 248//1370 249//1369
f 692//789 247//1371 248//1370
f 693//794 246//1435 247//1371
f 1017//1372 1016//1307 150//1309
f 1019//1373 1018//1401 152//1320
f 1020//1374 1019//1373 153//1321
f 1021//1375 1020//1374 154//1322
f 1022//1376 1021//1375 155//1323
f 1023//1377 1022//1376 156//1324
f 1024//1378 1023//1377 157//1325
f 1025//1379 1024//1378 158//1326
f 1026//1380 1025//1379 159//1327
f 1027//1381 1026//1380 160//1328
f 1028//1382 1027//1381 161//1329
f 1029//1383 1028//1382 162//1330
f 1030//1384 1029//1383 163//1331
f 1031//1385 1030//1384 164//1332
f 1031//1385 165//1333 166//1334
f 1032//1386 166//1334 167//1335
f 1033//1387 167//1335 168//1336
f 1034//1388 168//1336 169//1337
f 1035//1389 169//1337 170//1338
f 1036//1390 170//1338 171//1339
f 1037//1391 171//1339 172//1340
f 1038//1392 172//1340 173//1310
f 1039//1393 173//1310 174//1312
f 1040//1394 174//1312 175//1313
f 1041//1395 175//1313 176//1314
f 1042//1396 176//1314 177//1315
f 1043//1397 177//1315 178//1316
f 1044//1398 178//1316 179//1317
f 1045//1399 179//1317 180//1318
f 1018//1401 1017//1372 151//1319
f 1015//1400 180//1318 149//1308
f 426//354 427//350 459//405
f 413//989 414//990 446//402
f 428//972 460//404 459//405
f 415//375 447//411 446//402
f 429//973 461//413 460//404
f 415//375 416//371 448//410
f 429//973 430//974 462//412
f 416//371 417//369 449//419
f 431//975 463//416 462//412
f 418//370 450//418 449//419
f 431//975 432//976 464//420
f 418//370 419//367 451//427
f 433//977 465//424 464//420
f 420//363 452//426 451//427
f 407//978 439//428 438//429
f 433//977 434//979 466//436
f 420//363 421//361 453//438
f 408//980 440//439 439//428
f 435//981 467//440 466//436
f 421//361 422//359 454//377
f 408//980 409//982 441//380
f 435//981 436//983 468//383
f 423//357 455//387 454//377
f 410//984 442//389 441//380
f 437//985 469//390 468//383
f 424//355 456//386 455//387
f 410//984 411//986 443//388
f 437//985 406//987 438//429
f 424//355 425//353 457//397
f 411//986 412//988 444//398
f 426//354 458//396 457//397
f 413//989 445//403 444//398
f 565//504 630//683 661//709
f 534//498 661//709 660//704
f 535//492 660//704 659//698
f 536//487 659//698 658//692
f 537//481 658//692 657//686
f 538//479 657//686 656//680
f 539//601 656//680 655//676
f 540//605 655//676 654//672
f 541//609 654//672 653//668
f 542//613 653//668 652//664
f 543//617 652//664 651//660
f 544//621 651//660 650//655
f 545//624 650//655 649//761
f 546//627 649//761 648//764
f 547//633 648//764 647//768
f 548//632 647//768 646//773
f 646//773 645//777 550//642
f 645//777 644//782 551//650
f 644//782 643//788 552//536
f 643//788 642//793 553//532
f 642//793 641//798 554//528
f 641//798 640//802 555//524
f 640//802 639//806 556//520
f 639//806 638//810 557//516
f 638//810 637//714 558//512
f 637//714 636//710 559//508
f 636//710 635//705 560//503
f 635//705 634//700 561//497
f 634//700 633//694 562//491
f 633//694 632//695 563//485
f 632//695 631//682 564//476
f 631//682 630//683 565//504
f 148//1403 789//863 758//238
f 147//1404 758//238 759//230
f 759//230 760//220 145//1406
f 145//1406 760//220 761//855
f 144//1407 761//855 762//861
f 762//861 763//865 142//1409
f 142//1409 763//865 764//867
f 141//1410 764//867 765//869
f 765//869 766//871 139//1412
f 139//1412 766//871 767//873
f 767//873 768//875 137//1414
f 137//1414 768//875 769//877
f 769//877 770//879 135//1416
f 135//1416 770//879 771//881
f 134//1417 771//881 772//883
f 133//1418 772//883 773//886
f 773//886 774//888 131//1420
f 131//1420 774//888 775//274
f 130//1421 775//274 776//270
f 776//270 777//266 128//1423
f 128//1423 777//266 778//262
f 127//1424 778//262 779//258
f 779//258 780//254 125//1426
f 125//1426 780//254 781//250
f 124//1427 781//250 782//251
f 782//251 783//242 122//1429
f 122//1429 783//242 784//234
f 121//1430 784//234 785//235
f 785//235 786//214 119//1432
f 786//214 787//216 118//1433
f 787//216 788//859 117//1434
f 788//859 789//863 148//1403
f 916//920 1015//1400 1014//1402
f 860//892 858//891 1017//1372
f 914//919 1045//1399 1015//1400
f 912//918 1044//1398 1045//1399
f 910//917 1043//1397 1044//1398
f 908//916 1042//1396 1043//1397
f 906//915 1041//1395 1042//1396
f 904//914 1040//1394 1041//1395
f 902//913 1039//1393 1040//1394
f 900//912 1038//1392 1039//1393
f 898//911 1037//1391 1038//1392
f 896//910 1036//1390 1037//1391
f 894//909 1035//1389 1036//1390
f 892//908 1034//1388 1035//1389
f 890//907 1033//1387 1034//1388
f 888//906 1032//1386 1033//1387
f 886//905 1031//1385 1032//1386
f 886//905 884//904 1030//1384
f 884//904 882//903 1029//1383
f 882//903 880//902 1028//1382
f 880//902 878//901 1027//1381
f 878//901 876//900 1026//1380
f 876//900 874//899 1025//1379
f 874//899 872//898 1024//1378
f 872//898 870//897 1023//1377
f 870//897 868//896 1022//1376
f 868//896 866//895 1021//1375
f 866//895 864//894 1020//1374
f 864//894 862//893 1019//1373
f 862//893 860//892 1018//1401
f 858//891 856//890 1016//1307
f 856//890 855//889 1014//1402
usemtl layer
f 264//1354 380//331 265//1353
f 247//1371 346//348 248//1370
f 250//1368 352//345 251//1367
f 251//1367 354//344 252//1366
f 252//1366 356//343 253//1365
f 253//1365 358//342 254//1364
f 254//1364 360//341 255//1363
f 255//1363 362//340 256//1362
f 257//1361 362//340 364//339
f 258//1360 364//339 366//338
f 258//1360 368//337 259//1359
f 259//1359 370//336 260//1358
f 260//1358 372//335 261//1357
f 261//1357 374//334 262//1356
f 263//1355 374//334 376//333
f 264//1354 376//333 378//332
f 266//1352 380//331 382//330
f 266//1352 384//329 267//1351
f 268//1350 384//329 386//328
f 269//1349 386//328 388//327
f 270//1348 388//327 390//326
f 270//1348 392//325 271//1347
f 271//1347 394//324 272//1346
f 272//1346 396//323 273//1345
f 273//1345 398//322 274//1344
f 275//1343 398//322 400//321
f 275//1343 402//320 276//1342
f 276//1342 404//319 277//1341
f 248//1370 348//347 249//1369
f 247//1371 343//318 344//349
f 249//1369 350//346 250//1368
f 277//1341 343//318 246//1435
f 148//1403 982//993 1013//994
f 982//993 146//1405 983//992
f 146//1405 984//991 983//992
f 145//1406 985//1022 984//991
f 985//1022 143//1408 986//1021
f 986//1021 142//1409 987//1020
f 987//1020 141//1410 988//1019
f 141//1410 989//1018 988//1019
f 140//1411 990//1017 989//1018
f 990//1017 138//1413 991//1016
f 138//1413 992//1015 991//1016
f 137//1414 993//1014 992//1015
f 993//1014 135//1416 994//1013
f 994//1013 134//1417 995//1012
f 134//1417 996//1011 995//1012
f 996//1011 132//1419 997//1010
f 132//1419 998//1009 997//1010
f 131//1420 999//1008 998//1009
f 999//1008 129//1422 1000//1007
f 129//1422 1001//1006 1000//1007
f 128//1423 1002//1005 1001//1006
f 1002//1005 126//1425 1003//1004
f 126//1425 1004//1003 1003//1004
f 125//1426 1005//1002 1004//1003
f 124//1427 1006//1001 1005//1002
f 123//1428 1007//1000 1006//1001
f 122//1429 1008//999 1007//1000
f 121//1430 1009//998 1008//999
f 120//1431 1010//997 1009//998
f 1010//997 118//1433 1011//996
f 1011//996 117//1434 1012//995
f 1012//995 148//1403 1013//994
f 1108//1146 1271//1148 1047//1145
f 1047//1145 1272//1149 1049//1144
f 1049//1144 1273//1150 1051//1143
f 1051//1143 1274//1151 1053//1142
f 1053//1142 1275//1152 1055//1141
f 1055//1141 1276//1153 1057//1140
f 1057//1140 1277//1154 1059//1139
f 1059//1139 1278//1155 1061//1138
f 1061//1138 1279//1156 1063//1137
f 1063//1137 1280//1157 1065//1136
f 1065//1136 1281//1158 1067//1135
f 1067//1135 1282//1159 1069//1134
f 1069//1134 1283//1160 1071//1133
f 1071//1133 1284//1161 1073//1132
f 1073//1132 1285//1162 1075//1131
f 1075//1131 1286//1163 1077//1130
f 1286//1163 1079//1129 1077//1130
f 1287//1164 1081//1128 1079//1129
f 1288//1165 1083//1127 1081//1128
f 1289//1166 1085//1126 1083//1127
f 1290//1167 1087//1125 1085//1126
f 1291//1168 1089//1124 1087//1125
f 1292//1169 1091//1123 1089//1124
f 1293//1170 1246//1122 1091//1123
f 1294//1171 1245//1121 1246//1122
f 1295//1172 1244//1120 1245//1121
f 1296//1173 1243//1119 1244//1120
f 1098//1174 1242//1118 1243//1119
f 1100//1175 1241//1117 1242//1118
f 1102//1176 1240//1116 1241//1117
f 1104//1177 1238//1115 1240//1116
f 1106//1178 1108//1146 1238//1115
f 1302//1180 1173//1211 1111//1242
f 1304//1182 1111//1242 1113//1241
f 1305//1181 1113//1241 1115//1240
f 1306//1183 1115//1240 1117//1239
f 1307//1184 1117//1239 1361//1238
f 1308//1185 1361//1238 1360//1237
f 1309//1186 1360//1237 1359//1236
f 1310//1187 1359//1236 1358//1235
f 1311//1188 1358//1235 1357//1234
f 1128//1189 1357//1234 1356//1233
f 1130//1190 1356//1233 1355//1232
f 1132//1191 1355//1232 1354//1231
f 1134//1192 1354//1231 1353//1230
f 1136//1193 1353//1230 1352//1229
f 1138//1194 1352//1229 1351//1227
f 1140//1196 1351//1227 1350//1228
f 1349//1226 1140//1196 1350//1228
f 1348//1225 1142//1195 1349//1226
f 1347//1224 1144//1198 1348//1225
f 1346//1223 1146//1197 1347//1224
f 1345//1222 1148//1199 1346//1223
f 1344//1221 1150//1200 1345//1222
f 1343//1220 1152//1201 1344//1221
f 1342//1219 1154//1202 1343//1220
f 1341//1218 1156//1203 1342//1219
f 1340//1217 1158//1204 1341//1218
f 1339//1216 1160//1205 1340//1217
f 1338//1215 1162//1206 1339//1216
f 1337//1214 1164//1207 1338//1215
f 1336//1213 1166//1208 1337//1214
f 1335//1212 1168//1209 1336//1213
f 1173//1211 1170//1210 1335//1212
f 1176//1243 1174//1276 1429//1306
f 1177//1245 1429//1306 1428//1305
f 1427//1304 1177//1245 1428//1305
f 1426//1303 1178//1246 1427//1304
f 1425//1302 1179//1247 1426//1303
f 1424//1301 1180//1248 1425//1302
f 1423//1300 1181//1249 1424//1301
f 1183//1251 1423//1300 1422//1299
f 1184//1252 1422//1299 1421//1298
f 1185//1253 1421//1298 1420//1297
f 1419//1296 1185//1253 1420//1297
f 1187//1255 1419//1296 1418//1295
f 1417//1294 1187//1255 1418//1295
f 1189//1257 1417//1294 1416//1293
f 1415//1292 1189//1257 1416//1293
f 1414//1291 1190//1258 1415//1292
f 1192//1260 1414//1291 1413//1290
f 1193//1261 1413//1290 1412//1289
f 1219//1288 1193//1261 1412//1289
f 1218//1287 1194//1262 1219//1288
f 1217//1286 1195//1263 1218//1287
f 1216//1285 1196//1264 1217//1286
f 1198//1266 1216//1285 1215//1284
f 1199//1267 1215//1284 1214//1283
f 1200//1268 1214//1283 1213//1282
f 1201//1269 1213//1282 1212//1281
f 1202//1270 1212//1281 1211//1280
f 1210//1279 1202//1270 1211//1280
f 1209//1278 1203//1271 1210//1279
f 1205//1273 1209//1278 1208//1277
f 1207//1275 1205//1273 1208//1277
f 1174//1276 1206//1274 1207//1275
f 264//1354 378//332 380//331
f 247//1371 344//349 346//348
f 250//1368 350//346 352//345
f 251//1367 352//345 354//344
f 252//1366 354//344 356//343
f 253//1365 356//343 358//342
f 254//1364 358//342 360//341
f 255//1363 360//341 362//340
f 257//1361 256//1362 362//340
f 258//1360 257//1361 364//339
f 258//1360 366//338 368//337
f 259//1359 368//337 370//336
f 260//1358 370//336 372//335
f 261//1357 372//335 374//334
f 263//1355 262//1356 374//334
f 264//1354 263//1355 376//333
f 266//1352 265//1353 380//331
f 266//1352 382//330 384//329
f 268//1350 267//1351 384//329
f 269//1349 268//1350 386//328
f 270//1348 269//1349 388//327
f 270//1348 390//326 392//325
f 271//1347 392//325 394//324
f 272//1346 394//324 396//323
f 273//1345 396//323 398//322
f 275//1343 274//1344 398//322
f 275//1343 400//321 402//320
f 276//1342 402//320 404//319
f 248//1370 346//348 348//347
f 247//1371 246//1435 343//318
f 249//1369 348//347 350//346
f 277//1341 404//319 343//318
f 148//1403 147//1404 982//993
f 982//993 147//1404 146//1405
f 146//1405 145//1406 984//991
f 145//1406 144//1407 985//1022
f 985//1022 144//1407 143//1408
f 986//1021 143//1408 142//1409
f 987//1020 142//1409 141//1410
f 141//1410 140//1411 989//1018
f 140//1411 139//1412 990//1017
f 990//1017 139//1412 138//1413
f 138//1413 137//1414 992//1015
f 137//1414 136//1415 993//1014
f 993//1014 136//1415 135//1416
f 994//1013 135//1416 134//1417
f 134//1417 133//1418 996//1011
f 996//1011 133//1418 132//1419
f 132//1419 131//1420 998//1009
f 131//1420 130//1421 999//1008
f 999//1008 130//1421 129//1422
f 129//1422 128//1423 1001//1006
f 128//1423 127//1424 1002//1005
f 1002//1005 127//1424 126//1425
f 126//1425 125//1426 1004//1003
f 125//1426 124//1427 1005//1002
f 124//1427 123//1428 1006//1001
f 123//1428 122//1429 1007//1000
f 122//1429 121//1430 1008//999
f 121//1430 120//1431 1009//998
f 120//1431 119//1432 1010//997
f 1010//997 119//1432 118//1433
f 1011//996 118//1433 117//1434
f 1012//995 117//1434 148//1403
f 1108//1146 1109//1147 1271//1148
f 1047//1145 1271//1148 1272//1149
f 1049//1144 1272//1149 1273//1150
f 1051//1143 1273//1150 1274//1151
f 1053//1142 1274//1151 1275//1152
f 1055//1141 1275//1152 1276//1153
f 1057//1140 1276//1153 1277//1154
f 1059//1139 1277//1154 1278//1155
f 1061//1138 1278//1155 1279//1156
f 1063//1137 1279//1156 1280//1157
f 1065//1136 1280//1157 1281//1158
f 1067//1135 1281//1158 1282//1159
f 1069//1134 1282//1159 1283//1160
f 1071//1133 1283//1160 1284//1161
f 1073//1132 1284//1161 1285//1162
f 1075//1131 1285//1162 1286//1163
f 1286//1163 1287//1164 1079//1129
f 1287//1164 1288//1165 1081//1128
f 1288//1165 1289//1166 1083//1127
f 1289//1166 1290//1167 1085//1126
f 1290//1167 1291//1168 1087//1125
f 1291//1168 1292//1169 1089//1124
f 1292//1169 1293//1170 1091//1123
f 1293//1170 1294//1171 1246//1122
f 1294//1171 1295//1172 1245//1121
f 1295//1172 1296//1173 1244//1120
f 1296//1173 1098//1174 1243//1119
f 1098//1174 1100//1175 1242//1118
f 1100//1175 1102//1176 1241//1117
f 1102//1176 1104//1177 1240//1116
f 1104//1177 1106//1178 1238//1115
f 1106//1178 1109//1147 1108//1146
f 1302//1180 1172//1179 1173//1211
f 1304//1182 1302//1180 1111//1242
f 1305//1181 1304//1182 1113//1241
f 1306//1183 1305//1181 1115//1240
f 1307//1184 1306//1183 1117//1239
f 1308//1185 1307//1184 1361//1238
f 1309//1186 1308//1185 1360//1237
f 1310//1187 1309//1186 1359//1236
f 1311//1188 1310//1187 1358//1235
f 1128//1189 1311//1188 1357//1234
f 1130//1190 1128//1189 1356//1233
f 1132//1191 1130//1190 1355//1232
f 1134//1192 1132//1191 1354//1231
f 1136//1193 1134//1192 1353//1230
f 1138//1194 1136//1193 1352//1229
f 1140//1196 1138//1194 1351//1227
f 1349//1226 1142//1195 1140//1196
f 1348//1225 1144//1198 1142//1195
f 1347//1224 1146//1197 1144//1198
f 1346//1223 1148//1199 1146//1197
f 1345//1222 1150//1200 1148//1199
f 1344//1221 1152//1201 1150//1200
f 1343//1220 1154//1202 1152//1201
f 1342//1219 1156//1203 1154//1202
f 1341//1218 1158//1204 1156//1203
f 1340//1217 1160//1205 1158//1204
f 1339//1216 1162//1206 1160//1205
f 1338//1215 1164//1207 1162//1206
f 1337//1214 1166//1208 1164//1207
f 1336//1213 1168//1209 1166//1208
f 1335//1212 1170//1210 1168//1209
f 1173//1211 1172//1179 1170//1210
f 1176//1243 1367//1244 1174//1276
f 1177//1245 1176//1243 1429//1306
f 1427//1304 1178//1246 1177//1245
f 1426//1303 1179//1247 1178//1246
f 1425//1302 1180//1248 1179//1247
f 1424//1301 1181//1249 1180//1248
f 1423//1300 1182//1250 1181//1249
f 1183//1251 1182//1250 1423//1300
f 1184//1252 1183//1251 1422//1299
f 1185//1253 1184//1252 1421//1298
f 1419//1296 1186//1254 1185//1253
f 1187//1255 1186//1254 1419//1296
f 1417//1294 1188//1256 1187//1255
f 1189//1257 1188//1256 1417//1294
f 1415//1292 1190//1258 1189//1257
f 1414//1291 1191//1259 1190//1258
f 1192//1260 1191//1259 1414//1291
f 1193//1261 1192//1260 1413//1290
f 1219//1288 1194//1262 1193//1261
f 1218//1287 1195//1263 1194//1262
f 1217//1286 1196//1264 1195//1263
f 1216//1285 1197//1265 1196//1264
f 1198//1266 1197//1265 1216//1285
f 1199//1267 1198//1266 1215//1284
f 1200//1268 1199//1267 1214//1283
f 1201//1269 1200//1268 1213//1282
f 1202//1270 1201//1269 1212//1281
f 1210//1279 1203//1271 1202//1270
f 1209//1278 1204//1272 1203//1271
f 1205//1273 1204//1272 1209//1278
f 1207//1275 1206//1274 1205//1273
f 1174//1276 1367//1244 1206//1274
o Cylinder.001
v 0.000000 -0.007418 -1.266692
v 0.000000 0.187840 -1.095600
v 0.247119 -0.007418 -1.242353
v 0.213741 0.187840 -1.074548
v 0.484742 -0.007418 -1.170271
v 0.419268 0.187840 -1.012202
v 0.703736 -0.007418 -1.053216
v 0.608683 0.187840 -0.910958
v 0.895687 -0.007418 -0.895687
v 0.774706 0.187840 -0.774706
v 1.053216 -0.007418 -0.703736
v 0.910958 0.187840 -0.608683
v 1.170271 -0.007418 -0.484742
v 1.012202 0.187840 -0.419268
v 1.242353 -0.007418 -0.247119
v 1.074548 0.187840 -0.213741
v 1.266692 -0.007418 0.000000
v 1.095600 0.187840 -0.000000
v 1.242353 -0.007418 0.247119
v 1.074548 0.187840 0.213741
v 1.170271 -0.007418 0.484742
v 1.012202 0.187840 0.419268
v 1.053216 -0.007418 0.703737
v 0.910958 0.187840 0.608683
v 0.895687 -0.007418 0.895687
v 0.774706 0.187840 0.774706
v 0.703736 -0.007418 1.053216
v 0.608683 0.187840 0.910958
v 0.484742 -0.007418 1.170271
v 0.419268 0.187840 1.012202
v 0.247119 -0.007418 1.242353
v 0.213741 0.187840 1.074548
v 0.000000 -0.007418 1.266692
v 0.000000 0.187840 1.095600
v -0.247120 -0.007418 1.242353
v -0.213741 0.187840 1.074548
v -0.484743 -0.007418 1.170271
v -0.419268 0.187840 1.012202
v -0.703737 -0.007418 1.053216
v -0.608683 0.187840 0.910957
v -0.895687 -0.007418 0.895686
v -0.774707 0.187840 0.774706
v -1.053217 -0.007418 0.703736
v -0.910958 0.187840 0.608682
v -1.170272 -0.007418 0.484741
v -1.012203 0.187840 0.419267
v -1.242353 -0.007418 0.247118
v -1.074548 0.187840 0.213740
v -1.266692 -0.007418 -0.000001
v -1.095600 0.187840 -0.000001
v -1.242353 -0.007418 -0.247121
v -1.074548 0.187840 -0.213742
v -1.170271 -0.007418 -0.484743
v -1.012202 0.187840 -0.419269
v -1.053215 -0.007418 -0.703738
v -0.910957 0.187840 -0.608684
v -0.895686 -0.007418 -0.895688
v -0.774705 0.187840 -0.774707
v -0.703735 -0.007418 -1.053217
v -0.608681 0.187840 -0.910959
v -0.484740 -0.007418 -1.170272
v -0.419266 0.187840 -1.012203
v -0.247118 -0.007418 -1.242353
v -0.213739 0.187840 -1.074548
vn -0.0000 0.9010 -0.4338
vn 0.1794 -0.3929 -0.9019
vn -0.0000 -0.3929 -0.9196
vn 0.0846 0.9010 -0.4255
vn 0.3519 -0.3929 -0.8496
vn 0.1660 0.9010 -0.4008
vn 0.5109 -0.3928 -0.7646
vn 0.2410 0.9010 -0.3607
vn 0.6502 -0.3929 -0.6502
vn 0.3607 0.9010 -0.2410
vn 0.7646 -0.3929 -0.5109
vn 0.4008 0.9010 -0.1660
vn 0.8496 -0.3929 -0.3519
vn 0.4255 0.9010 -0.0846
vn 0.9019 -0.3928 -0.1794
vn 0.4339 0.9010 -0.0000
vn 0.9196 -0.3929 -0.0000
vn 0.9019 -0.3929 0.1794
vn 0.4255 0.9010 0.0846
vn 0.8496 -0.3929 0.3519
vn 0.3607 0.9010 0.2410
vn 0.7646 -0.3929 0.5109
vn 0.3068 0.9010 0.3068
vn 0.6502 -0.3929 0.6502
vn 0.2410 0.9010 0.3607
vn 0.5109 -0.3929 0.7646
vn 0.1660 0.9010 0.4008
vn 0.3519 -0.3929 0.8496
vn 0.0846 0.9010 0.4255
vn 0.1794 -0.3929 0.9019
vn -0.0000 0.9010 0.4338
vn -0.0000 -0.3929 0.9196
vn -0.0846 0.9010 0.4255
vn -0.1794 -0.3929 0.9019
vn -0.1660 0.9010 0.4008
vn -0.3519 -0.3929 0.8496
vn -0.5109 -0.3928 0.7646
vn -0.3068 0.9010 0.3068
vn -0.6502 -0.3929 0.6502
vn -0.7646 -0.3929 0.5109
vn -0.4008 0.9010 0.1660
vn -0.8496 -0.3929 0.3519
vn -0.9019 -0.3928 0.1794
vn -0.4338 0.9010 -0.0000
vn -0.9196 -0.3929 -0.0000
vn -0.4255 0.9010 -0.0846
vn -0.9019 -0.3929 -0.1794
vn -0.8496 -0.3929 -0.3519
vn -0.4008 0.9010 -0.1660
vn -0.7646 -0.3928 -0.5109
vn -0.3068 0.9010 -0.3068
vn -0.6502 -0.3929 -0.6502
vn -0.5109 -0.3929 -0.7646
vn -0.2410 0.9010 -0.3607
vn -0.3519 -0.3929 -0.8496
vn 0.4008 0.9010 0.1660
vn -0.1660 0.9010 -0.4008
vn -0.1794 -0.3929 -0.9019
vn -0.0846 0.9010 -0.4255
vn 0.3068 0.9010 -0.3068
vn -0.2410 0.9010 0.3607
vn -0.3607 0.9010 0.2410
vn -0.4255 0.9010 0.0846
vn -0.3607 0.9010 -0.2410
s 1
f 1431//1436 1432//1437 1430//1438
f 1433//1439 1434//1440 1432//1437
f 1435//1441 1436//1442 1434//1440
f 1437//1443 1438//1444 1436//1442
f 1438//1444 1441//1445 1440//1446
f 1440//1446 1443//1447 1442//1448
f 1442//1448 1445//1449 1444//1450
f 1444//1450 1447//1451 1446//1452
f 1447//1451 1448//1453 1446//1452
f 1449//1454 1450//1455 1448//1453
f 1450//1455 1453//1456 1452//1457
f 1452//1457 1455//1458 1454//1459
f 1454//1459 1457//1460 1456//1461
f 1456//1461 1459//1462 1458//1463
f 1458//1463 1461//1464 1460//1465
f 1460//1465 1463//1466 1462//1467
f 1462//1467 1465//1468 1464//1469
f 1464//1469 1467//1470 1466//1471
f 1467//1470 1468//1472 1466//1471
f 1468//1472 1471//1473 1470//1474
f 1471//1473 1472//1475 1470//1474
f 1472//1475 1475//1476 1474//1477
f 1475//1476 1476//1478 1474//1477
f 1476//1478 1479//1479 1478//1480
f 1478//1480 1481//1481 1480//1482
f 1481//1481 1482//1483 1480//1482
f 1483//1484 1484//1485 1482//1483
f 1484//1485 1487//1486 1486//1487
f 1487//1486 1488//1488 1486//1487
f 1489//1489 1490//1490 1488//1488
f 1451//1491 1443//1447 1435//1441
f 1491//1492 1492//1493 1490//1490
f 1493//1494 1430//1438 1492//1493
f 1460//1465 1476//1478 1492//1493
f 1431//1436 1433//1439 1432//1437
f 1433//1439 1435//1441 1434//1440
f 1435//1441 1437//1443 1436//1442
f 1437//1443 1439//1495 1438//1444
f 1438//1444 1439//1495 1441//1445
f 1440//1446 1441//1445 1443//1447
f 1442//1448 1443//1447 1445//1449
f 1444//1450 1445//1449 1447//1451
f 1447//1451 1449//1454 1448//1453
f 1449//1454 1451//1491 1450//1455
f 1450//1455 1451//1491 1453//1456
f 1452//1457 1453//1456 1455//1458
f 1454//1459 1455//1458 1457//1460
f 1456//1461 1457//1460 1459//1462
f 1458//1463 1459//1462 1461//1464
f 1460//1465 1461//1464 1463//1466
f 1462//1467 1463//1466 1465//1468
f 1464//1469 1465//1468 1467//1470
f 1467//1470 1469//1496 1468//1472
f 1468//1472 1469//1496 1471//1473
f 1471//1473 1473//1497 1472//1475
f 1472//1475 1473//1497 1475//1476
f 1475//1476 1477//1498 1476//1478
f 1476//1478 1477//1498 1479//1479
f 1478//1480 1479//1479 1481//1481
f 1481//1481 1483//1484 1482//1483
f 1483//1484 1485//1499 1484//1485
f 1484//1485 1485//1499 1487//1486
f 1487//1486 1489//1489 1488//1488
f 1489//1489 1491//1492 1490//1490
f 1435//1441 1433//1439 1431//1436
f 1431//1436 1493//1494 1435//1441
f 1493//1494 1491//1492 1435//1441
f 1491//1492 1489//1489 1487//1486
f 1487//1486 1485//1499 1491//1492
f 1485//1499 1483//1484 1491//1492
f 1483//1484 1481//1481 1479//1479
f 1479//1479 1477//1498 1483//1484
f 1477//1498 1475//1476 1483//1484
f 1475//1476 1473//1497 1471//1473
f 1471//1473 1469//1496 1475//1476
f 1469//1496 1467//1470 1475//1476
f 1467//1470 1465//1468 1463//1466
f 1463//1466 1461//1464 1467//1470
f 1461//1464 1459//1462 1467//1470
f 1459//1462 1457//1460 1455//1458
f 1455//1458 1453//1456 1451//1491
f 1451//1491 1449//1454 1447//1451
f 1447//1451 1445//1449 1451//1491
f 1445//1449 1443//1447 1451//1491
f 1443//1447 1441//1445 1439//1495
f 1439//1495 1437//1443 1435//1441
f 1459//1462 1455//1458 1451//1491
f 1443//1447 1439//1495 1435//1441
f 1435//1441 1491//1492 1467//1470
f 1491//1492 1483//1484 1467//1470
f 1483//1484 1475//1476 1467//1470
f 1467//1470 1459//1462 1435//1441
f 1459//1462 1451//1491 1435//1441
f 1491//1492 1493//1494 1492//1493
f 1493//1494 1431//1436 1430//1438
f 1492//1493 1430//1438 1432//1437
f 1432//1437 1434//1440 1436//1442
f 1436//1442 1438//1444 1440//1446
f 1440//1446 1442//1448 1444//1450
f 1444//1450 1446//1452 1448//1453
f 1448//1453 1450//1455 1452//1457
f 1452//1457 1454//1459 1456//1461
f 1456//1461 1458//1463 1460//1465
f 1460//1465 1462//1467 1468//1472
f 1462//1467 1464//1469 1468//1472
f 1464//1469 1466//1471 1468//1472
f 1468//1472 1470//1474 1476//1478
f 1470//1474 1472//1475 1476//1478
f 1472//1475 1474//1477 1476//1478
f 1476//1478 1478//1480 1484//1485
f 1478//1480 1480//1482 1484//1485
f 1480//1482 1482//1483 1484//1485
f 1484//1485 1486//1487 1488//1488
f 1488//1488 1490//1490 1492//1493
f 1492//1493 1432//1437 1436//1442
f 1436//1442 1440//1446 1444//1450
f 1444//1450 1448//1453 1452//1457
f 1452//1457 1456//1461 1444//1450
f 1456//1461 1460//1465 1444//1450
f 1484//1485 1488//1488 1492//1493
f 1492//1493 1436//1442 1444//1450
f 1460//1465 1468//1472 1476//1478
f 1476//1478 1484//1485 1492//1493
f 1492//1493 1444//1450 1460//1465
o Cylinder.002
v -0.858294 0.993277 -0.173669
v 0.853859 0.993278 -0.173669
v -0.858294 0.982783 -0.172636
v 0.853859 0.982783 -0.172636
v -0.858294 0.972692 -0.169574
v 0.853859 0.972692 -0.169574
v -0.858294 0.963392 -0.164604
v 0.853859 0.963392 -0.164604
v -0.858294 0.955241 -0.157914
v 0.853859 0.955241 -0.157914
v -0.858294 0.948551 -0.149762
v 0.853859 0.948551 -0.149762
v -0.858294 0.943580 -0.140462
v 0.853859 0.943581 -0.140462
v -0.858294 0.940519 -0.130371
v 0.853859 0.940519 -0.130371
v -0.858294 0.939485 -0.119877
v 0.853859 0.939486 -0.119877
v -0.858294 0.940519 -0.109383
v 0.853859 0.940519 -0.109383
v -0.858294 0.943580 -0.099292
v 0.853859 0.943581 -0.099292
v -0.858294 0.948551 -0.089992
v 0.853859 0.948551 -0.089992
v -0.858294 0.955241 -0.081840
v 0.853859 0.955241 -0.081840
v -0.858294 0.963392 -0.075151
v 0.853859 0.963392 -0.075151
v -0.858294 0.972692 -0.070180
v 0.853859 0.972692 -0.070180
v -0.858294 0.982783 -0.067119
v 0.853859 0.982784 -0.067119
v -0.858294 0.993277 -0.066085
v 0.853859 0.993278 -0.066085
v -0.858294 1.003772 -0.067119
v 0.853859 1.003772 -0.067119
v -0.858294 1.013863 -0.070180
v 0.853859 1.013863 -0.070180
v -0.858294 1.023163 -0.075151
v 0.853859 1.023163 -0.075151
v -0.858294 1.031314 -0.081841
v 0.853859 1.031314 -0.081841
v -0.858294 1.038004 -0.089992
v 0.853859 1.038004 -0.089992
v -0.858294 1.042975 -0.099292
v 0.853859 1.042975 -0.099292
v -0.858294 1.046036 -0.109383
v 0.853859 1.046036 -0.109383
v -0.858294 1.047069 -0.119877
v 0.853859 1.047070 -0.119877
v -0.858294 1.046036 -0.130371
v 0.853859 1.046036 -0.130371
v -0.858294 1.042975 -0.140463
v 0.853859 1.042975 -0.140463
v -0.858294 1.038004 -0.149762
v 0.853859 1.038004 -0.149762
v -0.858294 1.031314 -0.157914
v 0.853859 1.031314 -0.157914
v -0.858294 1.023163 -0.164604
v 0.853859 1.023163 -0.164604
v -0.858294 1.013863 -0.169574
v 0.853859 1.013863 -0.169574
v -0.858294 1.003772 -0.172636
v 0.853859 1.003772 -0.172636
vn 0.6857 -0.0000 -0.7279
vn -0.6857 -0.1420 -0.7139
vn -0.6857 -0.0000 -0.7279
vn 0.6857 -0.1420 -0.7139
vn -0.6857 -0.2785 -0.6725
vn 0.6857 -0.2786 -0.6725
vn -0.6857 -0.4044 -0.6052
vn 0.6857 -0.4044 -0.6052
vn -0.6857 -0.5147 -0.5147
vn 0.6857 -0.5147 -0.5147
vn -0.6857 -0.6052 -0.4044
vn 0.6857 -0.6052 -0.4044
vn -0.6857 -0.6725 -0.2786
vn 0.6857 -0.6725 -0.2785
vn -0.6857 -0.7139 -0.1420
vn 0.6857 -0.7279 -0.0000
vn -0.6857 -0.7279 -0.0000
vn -0.6857 -0.7139 0.1420
vn 0.6857 -0.7139 0.1420
vn -0.6857 -0.6725 0.2785
vn 0.6857 -0.6725 0.2786
vn -0.6857 -0.6052 0.4044
vn 0.6857 -0.6052 0.4044
vn -0.6857 -0.5147 0.5147
vn 0.6857 -0.5147 0.5147
vn -0.6857 -0.4044 0.6052
vn 0.6857 -0.4044 0.6052
vn -0.6857 -0.2785 0.6725
vn 0.6857 -0.2786 0.6725
vn -0.6857 -0.1420 0.7139
vn 0.6857 -0.0000 0.7279
vn -0.6857 -0.0000 0.7279
vn -0.6857 0.1420 0.7139
vn 0.6857 0.1420 0.7139
vn -0.6857 0.2785 0.6725
vn 0.6857 0.2786 0.6725
vn -0.6857 0.4044 0.6052
vn 0.6857 0.4044 0.6052
vn -0.6857 0.5147 0.5147
vn 0.6857 0.5147 0.5147
vn -0.6857 0.6052 0.4044
vn 0.6857 0.6052 0.4044
vn -0.6857 0.6725 0.2785
vn 0.6857 0.6725 0.2786
vn -0.6857 0.7139 0.1420
vn 0.6857 0.7139 0.1420
vn -0.6857 0.7279 -0.0000
vn 0.6857 0.7279 -0.0000
vn -0.6857 0.7139 -0.1420
vn 0.6857 0.7139 -0.1420
vn -0.6857 0.6725 -0.2786
vn 0.6857 0.6725 -0.2786
vn -0.6857 0.6052 -0.4044
vn 0.6857 0.6052 -0.4044
vn -0.6857 0.5147 -0.5147
vn 0.6857 0.5147 -0.5147
vn -0.6857 0.4044 -0.6052
vn 0.6857 0.4044 -0.6052
vn -0.6857 0.2785 -0.6725
vn 0.6857 0.2786 -0.6725
vn -0.6857 0.1420 -0.7139
vn 0.6857 0.1420 -0.7139
vn 0.6857 -0.7139 -0.1420
vn 0.6857 -0.1420 0.7139
s 1
f 1495//1500 1496//1501 1494//1502
f 1497//1503 1498//1504 1496//1501
f 1499//1505 1500//1506 1498//1504
f 1501//1507 1502//1508 1500//1506
f 1503//1509 1504//1510 1502//1508
f 1505//1511 1506//1512 1504//1510
f 1507//1513 1508//1514 1506//1512
f 1508//1514 1511//1515 1510//1516
f 1511//1515 1512//1517 1510//1516
f 1513//1518 1514//1519 1512//1517
f 1515//1520 1516//1521 1514//1519
f 1517//1522 1518//1523 1516//1521
f 1519//1524 1520//1525 1518//1523
f 1521//1526 1522//1527 1520//1525
f 1523//1528 1524//1529 1522//1527
f 1524//1529 1527//1530 1526//1531
f 1527//1530 1528//1532 1526//1531
f 1529//1533 1530//1534 1528//1532
f 1531//1535 1532//1536 1530//1534
f 1533//1537 1534//1538 1532//1536
f 1535//1539 1536//1540 1534//1538
f 1537//1541 1538//1542 1536//1540
f 1539//1543 1540//1544 1538//1542
f 1541//1545 1542//1546 1540//1544
f 1543//1547 1544//1548 1542//1546
f 1545//1549 1546//1550 1544//1548
f 1547//1551 1548//1552 1546//1550
f 1549//1553 1550//1554 1548//1552
f 1551//1555 1552//1556 1550//1554
f 1553//1557 1554//1558 1552//1556
f 1507//1513 1499//1505 1531//1535
f 1555//1559 1556//1560 1554//1558
f 1557//1561 1494//1502 1556//1560
f 1556//1560 1508//1514 1524//1529
f 1495//1500 1497//1503 1496//1501
f 1497//1503 1499//1505 1498//1504
f 1499//1505 1501//1507 1500//1506
f 1501//1507 1503//1509 1502//1508
f 1503//1509 1505//1511 1504//1510
f 1505//1511 1507//1513 1506//1512
f 1507//1513 1509//1562 1508//1514
f 1508//1514 1509//1562 1511//1515
f 1511//1515 1513//1518 1512//1517
f 1513//1518 1515//1520 1514//1519
f 1515//1520 1517//1522 1516//1521
f 1517//1522 1519//1524 1518//1523
f 1519//1524 1521//1526 1520//1525
f 1521//1526 1523//1528 1522//1527
f 1523//1528 1525//1563 1524//1529
f 1524//1529 1525//1563 1527//1530
f 1527//1530 1529//1533 1528//1532
f 1529//1533 1531//1535 1530//1534
f 1531//1535 1533//1537 1532//1536
f 1533//1537 1535//1539 1534//1538
f 1535//1539 1537//1541 1536//1540
f 1537//1541 1539//1543 1538//1542
f 1539//1543 1541//1545 1540//1544
f 1541//1545 1543//1547 1542//1546
f 1543//1547 1545//1549 1544//1548
f 1545//1549 1547//1551 1546//1550
f 1547//1551 1549//1553 1548//1552
f 1549//1553 1551//1555 1550//1554
f 1551//1555 1553//1557 1552//1556
f 1553//1557 1555//1559 1554//1558
f 1499//1505 1497//1503 1495//1500
f 1495//1500 1557//1561 1555//1559
f 1555//1559 1553//1557 1551//1555
f 1551//1555 1549//1553 1555//1559
f 1549//1553 1547//1551 1555//1559
f 1547//1551 1545//1549 1539//1543
f 1545//1549 1543//1547 1539//1543
f 1543//1547 1541//1545 1539//1543
f 1539//1543 1537//1541 1535//1539
f 1535//1539 1533//1537 1531//1535
f 1531//1535 1529//1533 1527//1530
f 1527//1530 1525//1563 1531//1535
f 1525//1563 1523//1528 1531//1535
f 1523//1528 1521//1526 1515//1520
f 1521//1526 1519//1524 1515//1520
f 1519//1524 1517//1522 1515//1520
f 1515//1520 1513//1518 1511//1515
f 1511//1515 1509//1562 1507//1513
f 1507//1513 1505//1511 1503//1509
f 1503//1509 1501//1507 1499//1505
f 1499//1505 1495//1500 1555//1559
f 1539//1543 1535//1539 1547//1551
f 1535//1539 1531//1535 1547//1551
f 1515//1520 1511//1515 1507//1513
f 1507//1513 1503//1509 1499//1505
f 1499//1505 1555//1559 1531//1535
f 1555//1559 1547//1551 1531//1535
f 1531//1535 1523//1528 1515//1520
f 1515//1520 1507//1513 1531//1535
f 1555//1559 1557//1561 1556//1560
f 1557//1561 1495//1500 1494//1502
f 1556//1560 1494//1502 1496//1501
f 1496//1501 1498//1504 1556//1560
f 1498//1504 1500//1506 1556//1560
f 1500//1506 1502//1508 1504//1510
f 1504//1510 1506//1512 1508//1514
f 1508//1514 1510//1516 1512//1517
f 1512//1517 1514//1519 1516//1521
f 1516//1521 1518//1523 1520//1525
f 1520//1525 1522//1527 1524//1529
f 1524//1529 1526//1531 1528//1532
f 1528//1532 1530//1534 1532//1536
f 1532//1536 1534//1538 1540//1544
f 1534//1538 1536//1540 1540//1544
f 1536//1540 1538//1542 1540//1544
f 1540//1544 1542//1546 1548//1552
f 1542//1546 1544//1548 1548//1552
f 1544//1548 1546//1550 1548//1552
f 1548//1552 1550//1554 1552//1556
f 1552//1556 1554//1558 1548//1552
f 1554//1558 1556//1560 1548//1552
f 1500//1506 1504//1510 1556//1560
f 1504//1510 1508//1514 1556//1560
f 1508//1514 1512//1517 1516//1521
f 1516//1521 1520//1525 1508//1514
f 1520//1525 1524//1529 1508//1514
f 1524//1529 1528//1532 1540//1544
f 1528//1532 1532//1536 1540//1544
f 1540//1544 1548//1552 1524//1529
f 1548//1552 1556//1560 1524//1529
