# Blender 4.1.1
# www.blender.org
mtllib Boat1.mtl
o Retopo_Cube.006_mesh.009
v 0.685273 0.715272 3.598385
v 0.434877 1.087605 4.947153
v 1.817815 1.518882 1.262650
v 0.360239 1.678623 5.300156
v 0.741186 0.477056 -4.353856
v 0.925197 0.627883 2.623982
v 1.128264 1.027118 2.707170
v 0.734815 1.048683 3.830718
v 0.352712 0.991013 4.450055
v 0.387715 0.609384 3.822916
v 0.550905 0.375937 2.658221
v 0.424859 1.451502 5.235239
v 0.873055 0.671551 3.945669
v 0.302558 0.348843 4.239186
v 0.878365 1.110102 4.212075
v 0.929394 1.440994 4.211441
v 1.651986 1.533159 1.237681
v 1.749851 1.471487 -0.399524
v 1.476162 1.575913 2.833369
v 1.287095 1.594284 2.769899
v 1.866846 1.208091 -0.396168
v 1.793216 1.285495 1.258892
v 1.416824 1.371539 2.849633
v 0.183215 1.664176 5.310637
v 1.471648 1.284978 -3.639145
v 1.575863 0.994103 -3.812548
v 1.747351 1.115663 -1.990121
v 1.184632 0.352234 -3.536103
v 1.440750 0.677040 -3.661995
v 1.201241 0.622407 -4.678574
v 0.801799 0.098382 -3.671215
v 0.758184 0.400151 -3.358948
v 0.925758 0.697808 -4.472564
v 1.030291 0.637278 -3.494770
v 1.139049 0.653042 -1.833396
v 0.811692 0.345143 -1.792057
v 1.183502 0.960566 -4.580753
v 1.263959 0.955990 -3.579476
v 1.450671 1.004682 -1.881876
v 1.536371 1.012857 -0.339111
v 1.205380 0.633453 -0.322827
v 1.163670 0.612656 1.211319
v 0.734891 0.323069 1.191011
v 0.835976 0.332241 -0.317185
v 1.454886 1.023318 1.218436
v 1.403236 1.146752 -4.935905
v 1.332846 0.914681 -4.858265
v 0.811535 0.102784 -1.937953
v 0.887073 0.106037 -0.354716
v 1.295407 0.456355 -0.351656
v 1.177025 0.428623 -1.936759
v 0.872424 0.115791 1.190224
v 0.663332 0.258025 3.729179
v 1.122225 0.487833 2.853546
v 1.356870 0.471801 1.218423
v 1.327350 1.005774 2.855847
v 1.726131 0.919008 1.241344
v 1.731785 0.870641 -0.381717
v 1.592575 0.792697 -1.958565
v 0.861572 1.630795 4.061427
v 0.961592 1.610968 4.222900
v 1.817815 1.518907 1.262659
v 1.829662 1.367823 -2.023098
v 1.911705 1.457329 -0.424644
v 0.360257 1.678989 5.300162
v 1.476162 1.575860 2.833357
v 1.646517 1.233542 -3.866062
v 0.961590 1.610933 4.222984
v 1.308848 1.160349 -4.830617
v 1.643954 1.380167 -1.999112
v 0.000000 1.759436 5.703830
v 0.000000 1.647885 5.501894
v 0.000000 1.460613 5.596849
v 0.000000 1.002344 5.208334
v 0.000000 0.458786 4.428544
v 0.000000 0.414263 -4.374557
v 0.000000 0.262054 -3.274244
v 0.000000 0.691757 -4.546144
v 0.000000 0.262840 1.178439
v 0.000000 0.264042 -0.316988
v 0.000000 0.263003 -1.804455
v 0.000000 0.892039 -4.627326
v 0.000000 1.113168 -4.964384
v 0.000000 0.884777 -4.910988
v 0.000000 0.575560 -4.814632
v 0.000000 0.097916 -3.955776
v 0.000000 0.098938 -1.939284
v 0.000000 0.100172 -0.351790
v 0.000000 0.100112 1.191982
v 0.000000 0.108952 2.713275
v 0.000000 0.270615 2.661578
v 0.000000 0.572290 3.931643
v 0.000000 0.897320 4.680585
v -0.685273 0.715272 3.598385
v -0.434877 1.087605 4.947153
v -1.817815 1.518882 1.262650
v -0.360239 1.678623 5.300156
v -0.741186 0.477056 -4.353856
v -0.925197 0.627883 2.623982
v -1.128264 1.027118 2.707170
v -0.734815 1.048683 3.830718
v -0.352712 0.991013 4.450055
v -0.387715 0.609384 3.822916
v -0.550905 0.375937 2.658221
v -0.424859 1.451502 5.235239
v -0.873055 0.671551 3.945669
v -0.302558 0.348843 4.239186
v -0.878365 1.110102 4.212075
v -0.929394 1.440994 4.211441
v -1.651986 1.533159 1.237681
v -1.749851 1.471487 -0.399524
v -1.476162 1.575913 2.833369
v -1.287095 1.594284 2.769899
v -1.866846 1.208091 -0.396168
v -1.793216 1.285495 1.258892
v -1.416824 1.371539 2.849633
v -0.183215 1.664176 5.310637
v -1.471648 1.284978 -3.639145
v -1.575863 0.994103 -3.812548
v -1.747351 1.115663 -1.990121
v -1.184632 0.352234 -3.536103
v -1.440750 0.677040 -3.661995
v -1.201241 0.622407 -4.678574
v -0.801799 0.098382 -3.671215
v -0.758184 0.400151 -3.358948
v -0.925758 0.697808 -4.472564
v -1.030291 0.637278 -3.494770
v -1.139049 0.653042 -1.833396
v -0.811692 0.345143 -1.792057
v -1.183502 0.960566 -4.580753
v -1.263959 0.955990 -3.579476
v -1.450671 1.004682 -1.881876
v -1.536371 1.012857 -0.339111
v -1.205380 0.633453 -0.322827
v -1.163670 0.612656 1.211319
v -0.734891 0.323069 1.191011
v -0.835976 0.332241 -0.317185
v -1.454886 1.023318 1.218436
v -1.403236 1.146752 -4.935905
v -1.332846 0.914681 -4.858265
v -0.811535 0.102784 -1.937953
v -0.887073 0.106037 -0.354716
v -1.295407 0.456355 -0.351656
v -1.177025 0.428623 -1.936759
v -0.872424 0.115791 1.190224
v -0.663332 0.258025 3.729179
v -1.122225 0.487833 2.853546
v -1.356870 0.471801 1.218423
v -1.327350 1.005774 2.855847
v -1.726131 0.919008 1.241344
v -1.731785 0.870641 -0.381717
v -1.592575 0.792697 -1.958565
v -0.861572 1.630795 4.061427
v -0.961592 1.610968 4.222900
v 0.000000 1.759676 5.703808
v -1.817815 1.518907 1.262659
v -1.829662 1.367823 -2.023098
v -1.911705 1.457329 -0.424644
v -0.360257 1.678989 5.300162
v -1.476162 1.575860 2.833357
v -1.646517 1.233542 -3.866062
v -0.961590 1.610933 4.222984
v 0.000000 1.071702 -4.769365
v -1.308848 1.160349 -4.830617
v 0.000000 1.274340 5.270571
v -1.643954 1.380167 -1.999112
v 0.000000 0.313625 -4.427853
v 0.000000 0.414263 -4.374557
v 0.000000 1.071702 -4.769365
v 0.000000 1.274340 5.270571
v 0.000000 1.759676 5.703808
v 0.000000 1.113168 -4.964384
v 1.034851 0.391818 -4.434697
v 0.741186 0.477056 -4.353856
v 1.332846 0.914681 -4.858265
v 1.201241 0.622407 -4.678574
v 0.925758 0.697808 -4.472564
v 1.183502 0.960566 -4.580753
v 1.403236 1.146752 -4.935905
v 1.308848 1.160349 -4.830617
v 1.034851 0.391818 -4.434697
v 1.643954 1.380167 -1.999112
v 1.308848 1.160349 -4.830617
v 1.651986 1.533159 1.237681
v 1.471648 1.284978 -3.639145
v 1.749851 1.471487 -0.399524
v 0.183215 1.664176 5.310637
v 1.287095 1.594284 2.769899
v 0.861572 1.630795 4.061427
v 1.308848 1.160349 -4.830617
v 0.961590 1.610933 4.222984
v 1.817815 1.518907 1.262659
v 1.829662 1.367823 -2.023098
v 1.911705 1.457329 -0.424644
v 0.360257 1.678989 5.300162
v 1.403236 1.146752 -4.935905
v 1.476162 1.575860 2.833357
v 1.646517 1.233542 -3.866062
v 1.403236 1.146752 -4.935905
v 1.781108 1.480973 1.260749
v 0.182218 1.661795 5.584093
v 1.648134 1.185467 -3.669076
v 1.563497 1.456500 1.201474
v 1.649456 1.383475 -0.379477
v 1.887213 1.407250 -0.389059
v 1.476325 1.550191 2.812929
v 1.295599 1.528243 2.680337
v 0.152367 1.620430 5.323249
v 1.826850 1.325160 -1.997058
v 1.597602 1.308119 -1.946769
v 1.447728 1.177971 -3.582989
v 1.436097 1.102055 -5.052301
v 1.269323 1.107257 -4.809302
v 0.916344 1.574981 3.875392
v 1.048112 1.597034 4.052197
v 0.182166 1.826398 5.589419
v 1.045595 1.740675 4.051683
v 1.554927 1.583167 1.201948
v 1.643789 1.509871 -0.379269
v 1.288852 1.654913 2.680030
v 1.436006 1.246857 -5.097976
v 1.268993 1.243380 -4.874845
v 1.647732 1.352057 -3.676754
v 0.914214 1.701817 3.875087
v 1.775487 1.623809 1.260627
v 1.883574 1.549818 -0.389079
v 1.470740 1.693030 2.812119
v 1.825014 1.472893 -1.997310
v 1.595420 1.439661 -1.946862
v 1.447127 1.329633 -3.593944
v 0.152326 1.752571 5.323686
v 0.170120 1.684106 5.746745
v 0.170062 1.882849 5.773547
v 0.657190 1.626115 4.849597
v 0.526596 1.597476 4.696306
v 0.656241 1.773363 4.849373
v 0.525900 1.725062 4.696136
v 0.401891 1.642908 5.266686
v 0.298304 1.608994 5.102452
v 0.401619 1.792958 5.266603
v 0.298086 1.737162 5.102383
v 0.103742 1.662910 5.624219
v 0.074251 1.627976 5.386307
v 0.103701 1.851084 5.644085
v 0.074225 1.777480 5.389097
v 0.112031 1.681509 5.804083
v 0.111986 1.898139 5.848192
v 0.226909 1.654964 5.497917
v 0.188312 1.617263 5.279565
v 0.226836 1.807025 5.497877
v 0.188248 1.745849 5.279528
v 1.500253 1.555861 1.187203
v 1.584272 1.482975 -0.376879
v 1.883354 1.458780 -2.010217
v 1.946518 1.538952 -0.391840
v 1.833829 1.613369 1.274598
v 1.477755 1.227126 -5.148097
v 1.241937 1.628237 2.646853
v 1.537876 1.414316 -1.934342
v 1.396929 1.303539 -3.571599
v 1.518348 1.681961 2.844703
v 0.145976 1.719232 5.267018
v 0.880497 1.674956 3.830864
v 1.227253 1.223767 -4.809145
v 1.697968 1.333495 -3.696592
v 1.078956 1.729655 4.095749
v 0.195358 1.814016 5.631621
v 0.174523 1.858397 5.780382
v 0.688591 1.764094 4.887577
v 0.493413 1.695840 4.657954
v 0.000000 1.670597 5.681530
v 0.000000 1.637032 5.430392
v 0.000000 1.101444 -4.795382
v 0.000000 1.104010 -5.070073
v -1.034851 0.391818 -4.434697
v -0.741186 0.477056 -4.353856
v -1.332846 0.914681 -4.858265
v -1.201241 0.622407 -4.678574
v -0.925758 0.697808 -4.472564
v -1.183502 0.960566 -4.580753
v -1.403236 1.146752 -4.935905
v -1.308848 1.160349 -4.830617
v -1.034851 0.391818 -4.434697
v -1.643954 1.380167 -1.999112
v -1.308848 1.160349 -4.830617
v -1.651986 1.533159 1.237681
v -1.471648 1.284978 -3.639145
v 0.000000 1.880243 5.716156
v -1.749851 1.471487 -0.399524
v -0.183215 1.664176 5.310637
v -1.287095 1.594284 2.769899
v -0.861572 1.630795 4.061427
v -1.308848 1.160349 -4.830617
v 0.000000 1.807370 5.436003
v -0.961590 1.610933 4.222984
v -1.817815 1.518907 1.262659
v 0.000000 1.233387 -4.878544
v 0.000000 1.227915 -5.119471
v -1.829662 1.367823 -2.023098
v -1.911705 1.457329 -0.424644
v -0.360257 1.678989 5.300162
v -1.403236 1.146752 -4.935905
v -1.476162 1.575860 2.833357
v -1.646517 1.233542 -3.866062
v -1.403236 1.146752 -4.935905
v 0.000000 1.680054 5.832564
v -1.781108 1.480973 1.260749
v 0.000000 1.910475 5.896001
v -0.182218 1.661795 5.584093
v -1.648134 1.185467 -3.669076
v -1.563497 1.456500 1.201474
v -1.649456 1.383475 -0.379477
v -1.887213 1.407250 -0.389059
v -1.476325 1.550191 2.812929
v -1.295599 1.528243 2.680337
v -0.152367 1.620430 5.323249
v -1.826850 1.325160 -1.997058
v -1.597602 1.308119 -1.946769
v -1.447728 1.177971 -3.582989
v -1.436097 1.102055 -5.052301
v -1.269323 1.107257 -4.809302
v -0.916344 1.574981 3.875392
v -1.048112 1.597034 4.052197
v -0.182166 1.826398 5.589419
v -1.045595 1.740675 4.051683
v -1.554927 1.583167 1.201948
v -1.643789 1.509871 -0.379269
v -1.288852 1.654913 2.680030
v -1.436006 1.246857 -5.097976
v -1.268993 1.243380 -4.874845
v -1.647732 1.352057 -3.676754
v -0.914214 1.701817 3.875087
v 0.000000 1.210128 -5.173361
v -1.775487 1.623809 1.260627
v -1.883574 1.549818 -0.389079
v -1.470740 1.693030 2.812119
v -1.825014 1.472893 -1.997310
v -1.595420 1.439661 -1.946862
v 0.000000 1.767106 5.373342
v -1.447127 1.329633 -3.593944
v 0.000000 1.851790 5.711461
v -0.152326 1.752571 5.323686
v -0.170120 1.684106 5.746745
v -0.170062 1.882849 5.773547
v -0.657190 1.626115 4.849597
v -0.526596 1.597476 4.696306
v 0.000000 1.216011 -4.804841
v 0.000000 1.880670 5.915503
v -0.656241 1.773363 4.849373
v -0.525900 1.725062 4.696136
v -0.401891 1.642908 5.266686
v -0.298304 1.608994 5.102452
v -0.401619 1.792958 5.266603
v -0.298086 1.737162 5.102383
v -0.103742 1.662910 5.624219
v -0.074251 1.627976 5.386307
v -0.103701 1.851084 5.644085
v -0.074225 1.777480 5.389097
v -0.112031 1.681509 5.804083
v -0.111986 1.898139 5.848192
v -0.226909 1.654964 5.497917
v -0.188312 1.617263 5.279565
v -0.226836 1.807025 5.497877
v -0.188248 1.745849 5.279528
v -1.500253 1.555861 1.187203
v -1.584272 1.482975 -0.376879
v -1.883354 1.458780 -2.010217
v -1.946518 1.538952 -0.391840
v -1.833829 1.613369 1.274598
v 0.000000 1.136754 -4.748920
v -1.477755 1.227126 -5.148097
v -1.241937 1.628237 2.646853
v -1.537876 1.414316 -1.934342
v 0.000000 1.139754 -5.149698
v -1.396929 1.303539 -3.571599
v -1.518348 1.681961 2.844703
v 0.000000 1.670508 5.373371
v 0.000000 1.731493 5.691584
v 0.000000 1.741104 5.874176
v -0.145976 1.719232 5.267018
v -0.880497 1.674956 3.830864
v -1.227253 1.223767 -4.809145
v -1.697968 1.333495 -3.696592
v -1.078956 1.729655 4.095749
v -0.195358 1.814016 5.631621
v -0.174523 1.858397 5.780382
v -0.688591 1.764094 4.887577
v -0.493413 1.695840 4.657954
v 0.000000 1.652637 5.547356
v 0.000000 1.099362 -4.931396
v 0.000000 1.842605 5.565093
v 0.000000 1.230651 -4.999088
v 0.000000 1.224666 -5.171100
v 0.000000 1.789274 5.381150
v 0.000000 1.111868 -4.741278
v 0.000000 1.909153 5.920399
v 0.000000 1.676332 5.777608
v 0.000000 1.901891 5.829599
v 0.000000 1.176702 -5.161934
v 0.000000 1.720761 5.373364
v 0.000000 1.232242 -4.824116
v 0.000000 1.813710 5.895672
v 0.000000 1.213069 -4.989100
v 0.000000 1.177986 -4.777727
v 0.000000 1.115926 -5.133651
v 0.000000 1.641373 5.380489
v 0.000000 1.697425 5.858306
v 0.000000 1.138254 -4.949309
v 0.427368 1.785089 5.307577
v 0.272318 1.706066 5.061461
v 0.112229 1.874430 5.878621
v 0.066948 1.740993 5.334812
v 0.236427 1.800161 5.552404
v 0.178710 1.713408 5.225068
v 1.587252 1.410622 -0.377012
v 1.947904 1.451998 -0.391774
v 1.835999 1.526279 1.274798
v 1.477760 1.140036 -5.124136
v 1.397140 1.216031 -3.564605
v 1.520929 1.594869 2.845233
v 0.145996 1.644727 5.267035
v 0.881493 1.602460 3.830981
v 1.227342 1.144510 -4.767251
v 1.698138 1.232510 -3.692556
v 1.080352 1.641990 4.096064
v 0.195385 1.714782 5.628682
v 0.000000 1.837572 5.558288
v 0.000000 1.699399 5.785376
v 0.000000 1.898371 5.831747
v 0.000000 1.762450 5.550283
v 0.000000 1.671131 5.543227
v 0.000000 1.808924 5.811437
v -0.427368 1.785089 5.307577
v -0.272318 1.706066 5.061461
v -0.112229 1.874430 5.878621
v -0.066948 1.740993 5.334812
v -0.236427 1.800161 5.552404
v 0.174555 1.736949 5.763638
v 1.504816 1.483366 1.186885
v 1.884207 1.368697 -2.010045
v 1.245433 1.555741 2.646926
v 1.538897 1.338863 -1.934314
v 0.689138 1.673850 4.887706
v 0.493718 1.623343 4.658030
v -0.178710 1.713408 5.225068
v -1.587252 1.410622 -0.377012
v -1.947904 1.451998 -0.391774
v -1.835999 1.526279 1.274798
v -1.477760 1.140036 -5.124136
v -1.397140 1.216031 -3.564605
v -1.520929 1.594869 2.845233
v -0.145996 1.644727 5.267035
v -0.881493 1.602460 3.830981
v -1.227342 1.144510 -4.767251
v -1.698138 1.232510 -3.692556
v -1.080352 1.641990 4.096064
v 0.427518 1.692841 5.307621
v 0.272418 1.633570 5.061495
v 0.112252 1.741879 5.849089
v 0.066958 1.656446 5.334834
v 0.236465 1.706474 5.552425
v 0.178741 1.640911 5.225087
v 1.497775 1.112751 -4.835189
v 1.321178 1.115855 -4.624043
v 1.497672 1.263145 -4.873251
v 1.320812 1.256321 -4.678663
v 1.541882 1.243421 -4.917183
v 1.276610 1.235311 -4.621748
v 1.276709 1.153676 -4.586835
v 1.541889 1.152825 -4.897216
v 0.970759 1.105862 -4.807251
v 1.093006 1.102522 -5.056823
v 0.970593 1.241289 -4.875731
v 1.092959 1.243841 -5.103117
v 0.940011 1.221907 -4.808375
v 1.123548 1.224577 -5.154187
v 1.123551 1.140272 -5.130277
v 0.940058 1.142650 -4.764143
v 0.044225 1.648106 5.521407
v 0.044206 1.827011 5.534861
v 0.628583 1.234620 -5.160429
v 0.031287 1.774913 5.365441
v 0.058304 1.891343 5.799021
v 0.058329 1.674762 5.756203
v 0.060085 1.905030 5.904133
v 0.060143 1.812272 5.884096
v 0.030738 1.710595 5.358333
v 0.630706 1.181046 -5.151144
v 0.628589 1.114616 -5.123142
v 0.031297 1.636211 5.364952
v 0.060106 1.698759 5.850979
v 0.530936 1.115074 -4.751049
v 0.528762 1.181295 -4.783111
v 0.530877 1.235698 -4.824430
v 0.579729 1.237482 -4.993669
v 0.579788 1.100185 -4.931128
v 1.300763 1.191660 2.434578
v 1.288213 1.189367 2.466873
v 1.423483 1.187923 2.434935
v 1.288213 1.110338 2.470446
v 1.300763 1.105140 2.438489
v 1.423483 1.108894 2.438508
v 1.455646 1.160511 1.745568
v 1.578522 1.156757 1.745549
v 1.469634 1.155313 1.713610
v 1.455646 1.073992 1.749479
v 1.469634 1.076285 1.717183
v 1.578522 1.077729 1.749121
v 1.537209 1.082834 -1.077531
v 1.537860 1.080572 -1.044011
v 1.700927 1.078331 -1.077352
v 1.537860 1.012510 -1.041309
v 1.537209 1.005766 -1.074471
v 1.700927 1.010269 -1.074649
v 0.000000 1.937084 5.365790
v 1.527393 1.048962 -1.581500
v 1.691111 1.044459 -1.581321
v 0.000000 2.069788 5.594845
v 1.526745 1.042218 -1.614661
v 1.527393 0.971894 -1.578440
v 1.526745 0.974156 -1.611959
v 1.691111 0.976397 -1.578619
v 0.090752 1.459682 5.644931
v 0.087055 0.985351 5.286496
v 0.083998 0.893343 -4.873111
v 0.083999 0.458389 -4.837077
v 0.084004 0.121529 2.460135
v 0.066935 2.089067 5.740902
v 0.099882 1.537128 5.425392
v 0.084443 0.273691 4.742627
v 0.083999 0.051325 -4.395396
v 0.083999 -0.029640 -0.359118
v 0.117730 1.988959 5.349132
v 0.099064 1.675589 5.432014
v 0.091587 1.645612 5.728272
v 0.123897 1.957948 5.345006
v 0.083125 1.975757 5.746732
v 0.091635 0.583842 -4.736248
v 0.109334 1.534699 5.433428
v 0.097383 1.079039 5.166727
v 0.092311 0.564772 4.495023
v 0.083998 1.316597 -4.964622
v 0.091635 0.892070 -4.877439
v 0.091635 0.133091 -3.595529
v 0.091635 0.106158 -2.004939
v 0.091635 0.100157 -0.359262
v 0.091636 0.103660 1.186900
v 0.112694 2.004369 5.385454
v 0.091635 0.350675 -4.348281
v 0.117294 1.692754 5.438054
v 0.138302 1.907934 5.356615
v 0.091641 0.005549 2.475062
v 0.000000 2.045568 5.517078
v 0.100901 1.470451 5.614416
v 0.095507 0.998304 5.269265
v 0.092173 0.318858 4.703079
v 0.102680 1.650900 5.689034
v 0.104592 1.972463 5.675648
v 0.084110 0.122221 4.328773
v 0.091791 0.418983 4.095125
v 0.091768 0.168167 4.291228
v 0.084023 0.017402 3.053271
v 0.091668 0.180105 2.990946
v 0.091664 0.040823 3.043613
v 0.085505 0.774427 5.130338
v 0.094089 0.908671 4.999218
v 0.093486 0.793944 5.110855
v 0.089504 1.322611 5.557910
v 0.104038 1.410237 5.383125
v 0.098899 1.334862 5.532501
v 0.083999 0.018687 -4.035963
v 0.091635 0.182034 -4.011336
v 0.083999 0.139266 -4.555619
v 0.091635 0.431036 -4.493263
v 0.083999 0.601627 -4.926346
v 0.091635 0.676048 -4.813083
v 0.083998 1.008714 -4.900943
v 0.083999 0.982373 -5.032944
v 0.091635 1.007829 -4.905378
v 0.091635 1.254843 -4.952773
v 0.070542 2.078201 5.755376
v 0.093435 2.068389 5.681856
v 0.091641 0.076761 2.465900
v 0.105063 1.512687 5.507082
v 0.096506 1.049909 5.205735
v 0.092254 0.499499 4.545640
v 0.101885 2.044553 5.543843
v 0.113148 1.680957 5.540445
v 0.121713 1.973485 5.549729
v 0.091782 0.351943 4.141252
v 0.091667 0.134503 3.005031
v 0.093827 0.871928 5.035400
v 0.101485 1.383324 5.441576
v 0.115393 2.038262 5.558086
v 0.361751 1.882349 5.059750
v 0.346915 1.885255 5.061658
v 0.425036 1.841618 4.935123
v 0.416738 1.845225 4.944787
v 0.456716 1.810886 4.881956
v 0.433232 1.721640 5.023901
v 0.409576 1.725027 4.996579
v 0.475267 1.822302 4.944817
v 0.477019 1.815641 4.857643
v 0.460735 1.853748 4.988790
v 0.221164 1.947449 5.236771
v 0.201146 1.959866 5.270674
v 0.191829 1.972841 5.311137
v 0.200446 1.707366 5.324389
v 0.189172 1.996058 5.436589
v 0.210669 1.977964 5.397439
v 0.215373 1.927525 5.381631
v 0.227029 1.944149 5.226362
v 0.222888 1.904598 5.236691
v 0.107773 1.524970 5.466385
v 0.097099 1.066067 5.183566
v 0.092296 0.548688 4.503819
v 0.104880 2.031806 5.495686
v 0.117365 1.670977 5.493480
v 0.091789 0.402109 4.101975
v 0.091668 0.162360 2.994483
v 0.094013 0.894891 5.012360
v 0.103142 1.398313 5.408117
v 0.083998 1.314244 -4.982516
v 0.091635 0.088121 -2.005530
v -0.195385 1.714782 5.628682
v 0.000000 0.121529 2.460134
v 0.000000 1.538825 5.428993
v 0.000000 1.987546 5.374211
v 0.000000 2.102639 5.754724
v -0.174555 1.736949 5.763638
v -1.504816 1.483366 1.186885
v -1.884207 1.368697 -2.010045
v -1.245433 1.555741 2.646926
v -1.538897 1.338863 -1.934314
v -0.689138 1.673850 4.887706
v 0.000000 1.715958 5.436228
v -0.493718 1.623343 4.658030
v 0.000000 1.890043 5.380628
v -0.427518 1.692841 5.307621
v 0.000000 2.012158 5.409622
v -0.272418 1.633570 5.061495
v -0.112252 1.741879 5.849089
v -0.066958 1.656446 5.334834
v -0.236465 1.706474 5.552425
v -0.178741 1.640911 5.225087
v -1.497775 1.112751 -4.835189
v -1.321178 1.115855 -4.624043
v -1.497672 1.263145 -4.873251
v -1.320812 1.256321 -4.678663
v -1.541882 1.243421 -4.917183
v -1.276610 1.235311 -4.621748
v -1.276709 1.153676 -4.586835
v -1.541889 1.152825 -4.897216
v -0.970759 1.105862 -4.807251
v -1.093006 1.102522 -5.056823
v -0.970593 1.241289 -4.875731
v -1.092959 1.243841 -5.103117
v -0.940011 1.221907 -4.808375
v -1.123548 1.224577 -5.154187
v -1.123551 1.140272 -5.130277
v -0.940058 1.142650 -4.764143
v -0.044225 1.648106 5.521407
v -0.044206 1.827011 5.534861
v -0.628583 1.234620 -5.160429
v -0.031287 1.774913 5.365441
v -0.058304 1.891343 5.799021
v -0.058329 1.674762 5.756203
v -0.060085 1.905030 5.904133
v -0.060143 1.812272 5.884096
v -0.030738 1.710595 5.358333
v -0.630706 1.181046 -5.151144
v -0.628589 1.114616 -5.123142
v -0.031297 1.636211 5.364952
v -0.060106 1.698759 5.850979
v -0.530936 1.115074 -4.751049
v -0.528762 1.181295 -4.783111
v -0.530877 1.235698 -4.824430
v -0.579729 1.237482 -4.993669
v -0.579788 1.100185 -4.931128
v -1.300763 1.191660 2.434578
v -1.288213 1.189367 2.466873
v -1.423483 1.187923 2.434935
v -1.288213 1.110338 2.470446
v -1.300763 1.105140 2.438489
v -1.423483 1.108894 2.438508
v -1.455646 1.160511 1.745568
v -1.578522 1.156757 1.745549
v -1.469634 1.155313 1.713610
v -1.455646 1.073992 1.749479
v -1.469634 1.076285 1.717183
v -1.578522 1.077729 1.749121
v -1.537209 1.082834 -1.077531
v -1.537860 1.080572 -1.044011
v -1.700927 1.078331 -1.077352
v -1.537860 1.012510 -1.041309
v -1.537209 1.005766 -1.074471
v -1.700927 1.010269 -1.074649
v -1.527393 1.048962 -1.581500
v -1.691111 1.044459 -1.581321
v -1.526745 1.042218 -1.614661
v -1.527393 0.971894 -1.578440
v -1.526745 0.974156 -1.611959
v -1.691111 0.976397 -1.578619
v -0.090752 1.459682 5.644931
v -0.087055 0.985351 5.286496
v -0.083998 0.893343 -4.873111
v -0.083999 0.458389 -4.837077
v -0.084004 0.121529 2.460135
v -0.066935 2.089067 5.740902
v -0.099882 1.537128 5.425392
v -0.084443 0.273691 4.742627
v -0.083999 0.051325 -4.395396
v -0.083999 -0.029640 -0.359118
v -0.117730 1.988959 5.349132
v -0.099064 1.675589 5.432014
v -0.091587 1.645612 5.728272
v -0.123897 1.957948 5.345006
v -0.083125 1.975757 5.746732
v -0.091635 0.583842 -4.736248
v -0.109334 1.534699 5.433428
v -0.097383 1.079039 5.166727
v -0.092311 0.564772 4.495023
v -0.083998 1.316597 -4.964622
v -0.091635 0.892070 -4.877439
v -0.091635 0.133091 -3.595529
v -0.091635 0.106158 -2.004939
v 0.000000 1.160511 1.745568
v -0.091635 0.100157 -0.359262
v -0.091636 0.103660 1.186900
v -0.112694 2.004369 5.385454
v -0.091635 0.350675 -4.348281
v -0.117294 1.692754 5.438054
v -0.138302 1.907934 5.356615
v -0.091641 0.005549 2.475062
v -0.100901 1.470451 5.614416
v -0.095507 0.998304 5.269265
v -0.092173 0.318858 4.703079
v -0.102680 1.650900 5.689034
v -0.104592 1.972463 5.675648
v -0.084110 0.122221 4.328773
v -0.091791 0.418983 4.095125
v -0.091768 0.168167 4.291228
v -0.084023 0.017402 3.053271
v -0.091668 0.180105 2.990946
v -0.091664 0.040823 3.043613
v -0.085505 0.774427 5.130338
v -0.094089 0.908671 4.999218
v -0.093486 0.793944 5.110855
v -0.089504 1.322611 5.557910
v -0.104038 1.410237 5.383125
v -0.098899 1.334862 5.532501
v -0.083999 0.018687 -4.035963
v -0.091635 0.182034 -4.011336
v -0.083999 0.139266 -4.555619
v -0.091635 0.431036 -4.493263
v -0.083999 0.601627 -4.926346
v -0.091635 0.676048 -4.813083
v -0.083998 1.008714 -4.900943
v -0.083999 0.982373 -5.032944
v -0.091635 1.007829 -4.905378
v -0.091635 1.254843 -4.952773
v -0.070542 2.078201 5.755376
v -0.093435 2.068389 5.681856
v -0.091641 0.076761 2.465900
v -0.105063 1.512687 5.507082
v -0.096506 1.049909 5.205735
v -0.092254 0.499499 4.545640
v -0.101885 2.044553 5.543843
v -0.113148 1.680957 5.540445
v -0.121713 1.973485 5.549729
v -0.091782 0.351943 4.141252
v -0.091667 0.134503 3.005031
v -0.093827 0.871928 5.035400
v -0.101485 1.383324 5.441576
v -0.115393 2.038262 5.558086
v -0.361751 1.882349 5.059750
v -0.346915 1.885255 5.061658
v -0.425036 1.841618 4.935123
v -0.416738 1.845225 4.944787
v -0.456716 1.810886 4.881956
v -0.433232 1.721640 5.023901
v -0.409576 1.725027 4.996579
v -0.475267 1.822302 4.944817
v 0.091635 0.082110 -0.359242
v 0.091635 0.665701 -4.828831
v 0.457873 1.724226 4.964648
v 0.523645 1.794709 4.835917
v 0.506970 1.820656 4.874931
v 0.201272 1.705332 5.374240
v 0.186593 1.993217 5.414459
v 0.045817 0.855456 -5.001966
v 0.055027 1.537797 5.427359
v 0.046067 0.273692 4.742664
v 0.045817 0.051325 -4.395397
v 0.045818 0.108168 1.186732
v 0.045818 -0.026036 1.191701
v 0.045817 0.137589 -3.594968
v 0.045817 1.317185 -4.960150
v 0.045817 -0.023564 -2.009190
v 0.045818 -0.029640 -0.359118
v 0.049975 1.646549 5.730228
v 0.045817 0.893343 -4.873111
v 0.049555 1.460074 5.646215
v 0.045817 0.003669 -3.611638
v 0.045817 0.354905 -4.346643
v 0.047528 0.985395 5.286870
v 0.045817 0.586967 -4.732743
v 0.045817 0.458390 -4.837077
v 0.045820 -0.012254 2.477357
v 0.045821 0.121529 2.460134
v 0.043236 2.097013 5.766988
v 0.045817 1.299672 -5.093311
v 0.045817 0.110667 -2.004791
v 0.045818 0.104668 -0.359267
v 0.062003 1.676569 5.436787
v 0.048655 2.000969 5.776765
v 0.045880 0.122221 4.328783
v 0.045831 0.017402 3.053274
v 0.046663 0.774435 5.130480
v 0.048882 1.322784 5.558776
v 0.045817 0.186476 -4.010480
v 0.045817 0.018687 -4.035963
v 0.045817 0.435003 -4.491096
v 0.045817 0.139266 -4.555619
v 0.045817 0.678635 -4.809146
v 0.045817 0.601627 -4.926347
v 0.045817 1.008714 -4.900944
v 0.045817 0.982373 -5.032944
v 0.045817 1.255491 -4.948308
v 0.045817 1.236212 -5.081237
v 0.041824 2.090581 5.788238
v 0.045817 1.314244 -4.982516
v 0.090839 1.753309 5.748640
v 0.127974 1.771904 5.404085
v 0.104081 1.755775 5.701662
v 0.117292 1.766096 5.555865
v 0.435911 1.744676 4.932543
v 0.465841 1.743252 4.960793
v 0.000000 1.493969 5.421365
v -0.477019 1.815641 4.857643
v -0.460735 1.853748 4.988790
v -0.221164 1.947449 5.236771
v -0.201146 1.959866 5.270674
v -0.191829 1.972841 5.311137
v -0.200446 1.707366 5.324389
v -0.189172 1.996058 5.436589
v -0.210669 1.977964 5.397439
v -0.215373 1.927525 5.381631
v -0.227029 1.944149 5.226362
v -0.222888 1.904598 5.236691
v -0.107773 1.524970 5.466385
v -0.097099 1.066067 5.183566
v -0.092296 0.548688 4.503819
v -0.104880 2.031806 5.495686
v -0.117365 1.670977 5.493480
v -0.091789 0.402109 4.101975
v -0.091668 0.162360 2.994483
v -0.094013 0.894891 5.012360
v -0.103142 1.398313 5.408117
v -0.083998 1.314244 -4.982516
v -0.091635 0.088121 -2.005530
v -0.091635 0.082110 -0.359242
v -0.091635 0.665701 -4.828831
v -0.457873 1.724226 4.964648
v -0.523645 1.794709 4.835917
v -0.506970 1.820656 4.874931
v -0.201272 1.705332 5.374240
v -0.186593 1.993217 5.414459
v -0.045817 0.855456 -5.001966
v 0.000000 0.131921 2.716869
v -0.055027 1.537797 5.427359
v -0.046067 0.273692 4.742664
v -0.045817 0.051325 -4.395397
v -0.045818 0.108168 1.186732
v -0.045818 -0.026036 1.191701
v -0.045817 0.137589 -3.594968
v -0.045817 1.317185 -4.960150
v -0.045817 -0.023564 -2.009190
v -0.045818 -0.029640 -0.359118
v -0.049975 1.646549 5.730228
v -0.045817 0.893343 -4.873111
v -0.049555 1.460074 5.646215
v -0.045817 0.003669 -3.611638
v -0.045817 0.354905 -4.346643
v -0.047528 0.985395 5.286870
v -0.045817 0.586967 -4.732743
v -0.045817 0.458390 -4.837077
v -0.045820 -0.012254 2.477357
v -0.045821 0.121529 2.460134
v -0.043236 2.097013 5.766988
v -0.045817 1.299672 -5.093311
v -0.045817 0.110667 -2.004791
v -0.045818 0.104668 -0.359267
v -0.062003 1.676569 5.436787
v -0.048655 2.000969 5.776765
v -0.045880 0.122221 4.328783
v -0.045831 0.017402 3.053274
v -0.046663 0.774435 5.130480
v -0.048882 1.322784 5.558776
v -0.045817 0.186476 -4.010480
v -0.045817 0.018687 -4.035963
v -0.045817 0.435003 -4.491096
v -0.045817 0.139266 -4.555619
v -0.045817 0.678635 -4.809146
v -0.045817 0.601627 -4.926347
v -0.045817 1.008714 -4.900944
v -0.045817 0.982373 -5.032944
v -0.045817 1.255491 -4.948308
v -0.045817 1.236212 -5.081237
v -0.041824 2.090581 5.788238
v -0.045817 1.314244 -4.982516
v -0.090839 1.753309 5.748640
v -0.127974 1.771904 5.404085
v -0.104081 1.755775 5.701662
v -0.117292 1.766096 5.555865
v -0.435911 1.744676 4.932543
v -0.465841 1.743252 4.960793
v -0.207591 1.747199 5.293009
v -0.206166 1.752677 5.384597
v -0.516948 1.741079 4.850240
v -0.050261 1.760702 5.756532
v -0.023083 0.568801 4.492724
v -0.024415 1.082418 5.162138
v -0.083999 0.626919 -4.787602
v -0.083999 0.105129 -1.154061
v -0.083999 0.396497 -4.427731
v 0.207591 1.747199 5.293009
v 0.206166 1.752677 5.384597
v 0.516948 1.741079 4.850240
v 0.050261 1.760702 5.756532
v 0.023083 0.568801 4.492724
v 0.024415 1.082418 5.162138
v 0.083999 0.626919 -4.787602
v 0.083999 0.105129 -1.154061
v 0.083999 0.396497 -4.427731
v 0.090680 0.460677 -4.835341
v 0.097703 1.493131 5.419960
v 0.083999 0.148785 -3.895511
v 0.084010 0.131921 2.716870
v 0.083999 0.124054 -2.898988
v 0.083999 0.105240 0.417536
v 0.084002 0.114843 1.919796
v 0.083345 1.299963 -5.091095
v 0.090680 0.856086 -4.999823
v 0.090680 0.005897 -3.611361
v 0.090680 -0.021331 -2.009117
v 0.090680 0.057121 -4.394586
v 0.067772 0.110667 -2.004791
v 0.067772 0.104668 -0.359267
v 0.121527 1.972769 5.340467
v 0.091641 0.108047 2.461870
v 0.091638 0.110342 1.920174
v 0.106776 1.490204 5.427467
v 0.091635 0.784059 -4.845262
v 0.091635 0.513301 -4.795424
v 0.083999 1.306664 -5.040150
v 0.091635 0.870581 -4.950524
v 0.091635 0.057133 -3.604983
v 0.091635 0.030024 -2.007434
v 0.091635 0.023979 -0.359178
v 0.091635 0.190425 -4.375933
v -0.090680 0.460677 -4.835341
v -0.097703 1.493131 5.419960
v -0.083999 0.148785 -3.895511
v -0.084010 0.131921 2.716870
v -0.083999 0.124054 -2.898988
v -0.083999 0.105240 0.417536
v -0.084002 0.114843 1.919796
v -0.083345 1.299963 -5.091095
v -0.090680 0.856086 -4.999823
v -0.090680 0.005897 -3.611361
v -0.090680 -0.021331 -2.009117
v -0.090680 0.057121 -4.394586
v -0.067772 0.110667 -2.004791
v -0.067772 0.104668 -0.359267
v -0.121527 1.972769 5.340467
v -0.091641 0.108047 2.461870
v -0.091638 0.110342 1.920174
v -0.106776 1.490204 5.427467
v -0.091635 0.784059 -4.845262
v -0.091635 0.513301 -4.795424
v -0.083999 1.306664 -5.040150
v -0.091635 0.870581 -4.950524
v -0.091635 0.057133 -3.604983
v -0.091635 0.030024 -2.007434
v -0.091635 0.023979 -0.359178
v -0.091635 0.190425 -4.375933
v -0.090686 -0.010029 2.477068
v -0.090682 -0.023803 1.191618
v -0.091635 0.330641 -4.685112
v -0.091638 -0.001320 1.929538
v -0.091635 0.736186 -4.947784
v -0.091635 0.069950 -4.210740
v -0.067884 0.423202 4.093391
v -0.091648 0.127436 2.717563
v -0.067796 0.184541 2.990056
v -0.069553 0.912136 4.995695
v -0.076957 1.413432 5.376312
v -0.083999 0.270691 -4.178562
v -0.091635 0.029216 -3.912864
v -0.091635 0.089253 -4.025790
v -0.090680 0.021627 -4.035539
v -0.091635 0.118957 -4.475487
v -0.091635 0.275235 -4.529860
v -0.090680 0.144931 -4.554546
v -0.083998 0.785989 -4.841128
v 0.090686 -0.010029 2.477068
v 0.090682 -0.023803 1.191618
v 0.091635 0.330641 -4.685112
v 0.091638 -0.001320 1.929538
v 0.091635 0.736186 -4.947784
v 0.091635 0.069950 -4.210740
v 0.067884 0.423202 4.093391
v 0.091648 0.127436 2.717563
v 0.067796 0.184541 2.990056
v 0.069553 0.912136 4.995695
v 0.076957 1.413432 5.376312
v 0.083999 0.270691 -4.178562
v 0.091635 0.029216 -3.912864
v 0.091635 0.089253 -4.025790
v 0.090680 0.021627 -4.035539
v 0.091635 0.118957 -4.475487
v 0.091635 0.275235 -4.529860
v 0.090680 0.144931 -4.554546
v 0.083998 0.785989 -4.841128
v 0.091635 0.548361 -4.885917
v 0.091635 0.632371 -4.879558
v 0.090680 0.602908 -4.924397
v 0.083998 1.132103 -4.924626
v 0.091635 0.947044 -4.892999
v 0.091635 0.992889 -4.980247
v 0.091635 1.131336 -4.929076
v 0.090680 1.236533 -5.079026
v 0.091635 1.243909 -5.028169
v 0.091636 0.027542 1.189718
v 0.091635 0.566316 -4.755070
v 0.091635 0.885236 -4.900684
v 0.091635 0.108932 -3.598536
v 0.091635 0.324257 -4.357076
v 0.091635 0.157434 -4.015934
v 0.091635 0.406034 -4.504903
v 0.091635 1.003078 -4.929191
v 0.091635 1.251366 -4.976753
v 0.091638 0.070005 1.923558
v 0.334630 1.888453 5.068806
v 0.331880 1.714277 5.185117
v 0.163725 1.971401 5.311117
v 0.091636 0.079450 1.187796
v 0.091635 0.342215 -4.351556
v 0.091635 0.423103 -4.497599
v 0.458491 1.723392 4.979558
v 0.091635 0.375711 -4.436984
v 0.091638 0.092337 1.921684
v 0.068260 0.568797 4.492746
v 0.067773 0.108168 1.186732
v 0.071984 1.082349 5.162098
v 0.067772 0.137589 -3.594968
v 0.067772 0.354905 -4.346643
v 0.067772 0.586967 -4.732743
v 0.022949 0.423203 4.093384
v 0.022917 0.184541 2.990055
v 0.023544 0.912152 4.995647
v 0.026200 1.413701 5.376784
v 0.067772 0.186476 -4.010481
v 0.067772 0.435003 -4.491096
v 0.067772 0.678635 -4.809146
v 0.067771 1.255491 -4.948308
v 0.045824 0.131921 2.716869
v 0.045817 1.306664 -5.040150
v 0.053683 1.493569 5.420607
v 0.203191 1.713467 5.386760
v 0.090680 0.013005 -3.915195
v 0.090680 0.537659 -4.899122
v 0.090680 0.074753 -4.481902
v 0.026945 1.493781 5.421023
v 0.091648 0.118468 2.718946
v 0.062594 2.075928 5.665037
v 0.091638 0.034342 1.926548
v 0.022912 0.131921 2.716869
v 0.106335 1.484512 5.440960
v 0.090680 0.039374 -4.215062
v 0.090680 0.510542 -4.612274
v 0.090680 0.302804 -4.694944
v 0.090680 0.729497 -4.962111
v 0.085943 1.803882 5.408146
v 0.000000 0.296528 -2.818993
v 0.000000 0.092139 -2.818993
v 0.000000 0.336569 1.088202
v 0.000000 0.136320 1.088202
v 0.000000 0.333316 -0.198622
v 0.000000 0.134101 -0.198622
v 0.000000 0.316696 -1.772259
v 0.000000 0.116479 -1.772259
v 0.000000 0.354537 2.432658
v 0.000000 0.153073 2.444299
v -0.091635 0.548361 -4.885917
v -0.091635 0.632371 -4.879558
v -0.090680 0.602908 -4.924397
v -0.083998 1.132103 -4.924626
v -0.091635 0.947044 -4.892999
v -0.091635 0.992889 -4.980247
v -0.091635 1.131336 -4.929076
v -0.090680 1.236533 -5.079026
v -0.091635 1.243909 -5.028169
v -0.091636 0.027542 1.189718
v -0.091635 0.566316 -4.755070
v -0.091635 0.885236 -4.900684
v -0.091635 0.108932 -3.598536
v -0.091635 0.324257 -4.357076
v -0.091635 0.157434 -4.015934
v -0.091635 0.406034 -4.504903
v -0.091635 1.003078 -4.929191
v -0.091635 1.251366 -4.976753
v -0.091638 0.070005 1.923558
v -0.334630 1.888453 5.068806
v -0.331880 1.714277 5.185117
v -0.163725 1.971401 5.311117
v -0.091636 0.079450 1.187796
v -0.091635 0.342215 -4.351556
v -0.091635 0.423103 -4.497599
v -0.458491 1.723392 4.979558
v -0.091635 0.375711 -4.436984
v -0.091638 0.092337 1.921684
v -0.068260 0.568797 4.492746
v -0.067773 0.108168 1.186732
v -0.071984 1.082349 5.162098
v -0.067772 0.137589 -3.594968
v -0.067772 0.354905 -4.346643
v -0.067772 0.586967 -4.732743
v -0.022949 0.423203 4.093384
v -0.022917 0.184541 2.990055
v -0.023544 0.912152 4.995647
v -0.026200 1.413701 5.376784
v -0.067772 0.186476 -4.010481
v -0.067772 0.435003 -4.491096
v 0.000000 0.136320 1.327477
v 0.000000 0.336569 1.327477
v 0.000000 0.134101 0.029773
v 0.000000 0.333316 0.029773
v 0.000000 0.116479 -1.526685
v 0.000000 0.316696 -1.526685
v 0.000000 0.166527 2.677142
v 0.000000 0.367991 2.665500
v -0.067772 0.678635 -4.809146
v -0.067771 1.255491 -4.948308
v -0.045824 0.131921 2.716869
v -0.045817 1.306664 -5.040150
v -0.053683 1.493569 5.420607
v -0.203191 1.713467 5.386760
v -0.090680 0.013005 -3.915195
v -0.090680 0.537659 -4.899122
v -0.090680 0.074753 -4.481902
v -0.026945 1.493781 5.421023
v -0.091648 0.118468 2.718946
v -0.062594 2.075928 5.665037
v -0.091638 0.034342 1.926548
v -0.022912 0.131921 2.716869
v -0.106335 1.484512 5.440960
v -0.090680 0.039374 -4.215062
v -0.090680 0.510542 -4.612274
v -0.090680 0.302804 -4.694944
v -0.090680 0.729497 -4.962111
v -0.085943 1.803882 5.408146
v 0.000000 0.092139 -2.644359
v 0.000000 0.296528 -2.644359
v 0.336198 1.883172 5.062601
v 0.164509 1.962737 5.312853
v 0.135746 1.715066 5.496564
v 0.157596 1.977842 5.321089
v 0.134813 2.026526 5.503082
v 0.137887 2.022862 5.509301
v 0.134881 1.700620 5.488567
v 0.091635 0.384026 -4.433282
v 0.091635 0.945089 -4.901829
v 0.091638 0.101339 1.920929
v 0.091635 0.257681 -4.182302
v 0.091635 0.500347 -4.620428
v 0.091635 0.780200 -4.853528
v 0.091635 1.129804 -4.937975
v 0.334143 1.713995 5.178335
v 0.091647 0.103264 2.721378
v 0.067771 1.132103 -4.924626
v 0.067772 0.626919 -4.787602
v 0.067772 0.396497 -4.427730
v 0.067772 0.148785 -3.895511
v 0.067781 0.131921 2.716869
v 0.067772 0.785989 -4.841129
v 0.067772 0.270691 -4.178562
v 0.067648 1.309474 -4.958670
v 0.067772 0.510985 -4.611919
v 0.079007 1.493325 5.420130
v 0.067772 0.105129 -1.154061
v 0.067772 0.124054 -2.898988
v 0.067772 0.728542 -4.964156
v 0.067772 0.105239 0.417536
v 0.067774 0.114843 1.919796
v 0.815934 0.667953 2.465824
v 0.963581 0.530452 2.473769
v 1.225313 0.957251 2.482533
v 1.051069 1.050851 2.464535
v 0.528062 0.460558 2.445585
v 0.608513 0.275080 2.456302
v 0.830914 0.306342 -2.862944
v 0.738106 0.486806 -2.862944
v 1.128946 0.556203 -2.915607
v 0.989929 0.697925 -2.915489
v 1.057621 0.684650 -1.795428
v 1.199081 0.545758 -1.802102
v 0.873165 0.249948 -1.752459
v 0.784308 0.436583 -1.752459
v 1.439712 0.913169 -3.003172
v 1.285862 1.037866 -2.998091
v 1.522737 0.951458 -1.904837
v 1.364455 1.070348 -1.890686
v 1.422535 1.042703 -0.231480
v 1.591195 0.935962 -0.231480
v 1.128172 0.689022 -0.207294
v 1.268716 0.548499 -0.207294
v 1.095750 0.693105 1.139363
v 1.239858 0.550784 1.139363
v 0.718330 0.447131 1.107764
v 0.790630 0.258011 1.107764
v 0.812889 0.426536 -0.198915
v 0.894124 0.236637 -0.198915
v 1.533233 1.013450 1.150437
v 1.357431 1.105791 1.150437
v 1.606244 1.423975 -1.966206
v 1.772418 1.317500 -1.981063
v 1.546191 1.549551 1.120539
v -0.336198 1.883172 5.062601
v -0.164509 1.962737 5.312853
v -0.135746 1.715066 5.496564
v -0.157596 1.977842 5.321089
v -0.134813 2.026526 5.503082
v -0.137887 2.022862 5.509301
v -0.134881 1.700620 5.488567
v 0.000000 1.020118 -4.796276
v 0.000000 1.025589 -4.656602
v -0.091635 0.384026 -4.433282
v -0.091635 0.945089 -4.901829
v -0.091638 0.101339 1.920929
v 0.000000 1.052941 -3.958235
v -0.091635 0.257681 -4.182302
v 0.000000 1.158804 -4.662606
v -0.091635 0.500347 -4.620428
v -0.091635 0.780200 -4.853528
v -0.091635 1.129804 -4.937975
v -0.334143 1.713995 5.178335
v -0.091647 0.103264 2.721378
v -0.067771 1.132103 -4.924626
v -0.067772 0.626919 -4.787602
v -0.067772 0.396497 -4.427730
v -0.067772 0.148785 -3.895511
v -0.067781 0.131921 2.716869
v 0.000000 1.185154 -3.986483
v 0.000000 1.051939 -3.980480
v -0.067772 0.785989 -4.841129
v -0.067772 0.270691 -4.178562
v -0.067648 1.309474 -4.958670
v -0.067772 0.510985 -4.611919
v -0.079007 1.493325 5.420130
v -0.067772 0.105129 -1.154061
v -0.067772 0.124054 -2.898988
v -0.067772 0.728542 -4.964156
v -0.067772 0.105239 0.417536
v -0.067774 0.114843 1.919796
v -0.815934 0.667953 2.465824
v -0.963581 0.530452 2.473769
v -1.225313 0.957251 2.482533
v -1.051069 1.050851 2.464535
v 0.000000 1.131131 -4.801279
v -0.528062 0.460558 2.445585
v -0.608513 0.275080 2.456302
v -0.830914 0.306342 -2.862944
v -0.738106 0.486806 -2.862944
v -1.128946 0.556203 -2.915607
v -0.989929 0.697925 -2.915489
v -1.057621 0.684650 -1.795428
v -1.199081 0.545758 -1.802102
v -0.873165 0.249948 -1.752459
v 0.000000 1.163954 -3.963238
v -0.784308 0.436583 -1.752459
v -1.439712 0.913169 -3.003172
v -1.285862 1.037866 -2.998091
v -1.522737 0.951458 -1.904837
v -1.364455 1.070348 -1.890686
v -1.422535 1.042703 -0.231480
v -1.591195 0.935962 -0.231480
v -1.128172 0.689022 -0.207294
v -1.268716 0.548499 -0.207294
v -1.095750 0.693105 1.139363
v -1.239858 0.550784 1.139363
v -0.718330 0.447131 1.107764
v -0.790630 0.258011 1.107764
v -0.812889 0.426536 -0.198915
v -0.894124 0.236637 -0.198915
v -1.533233 1.013450 1.150437
v -1.357431 1.105791 1.150437
v -1.606244 1.423975 -1.966206
v -1.772418 1.317500 -1.981063
v -1.546191 1.549551 1.120539
v 0.000000 1.042320 -4.797277
v 0.000000 1.075143 -3.959235
v 1.728317 1.472082 1.120539
v -1.728317 1.472082 1.120539
v 1.434762 1.252830 -3.038922
v 1.592694 1.133956 -3.048831
v 1.632833 1.496019 -0.257715
v -1.434762 1.252830 -3.038922
v 1.812372 1.412729 -0.257715
v 1.489839 1.462441 2.499232
v 1.312364 1.544829 2.469467
v -1.592694 1.133956 -3.048831
v 0.000000 0.375580 -0.353699
v -1.632833 1.496019 -0.257715
v -1.812372 1.412729 -0.257715
v -1.489839 1.462441 2.499232
v 0.000000 0.473965 3.815098
v 0.000000 0.427736 2.603848
v 0.000000 0.619792 3.897954
v 0.000000 0.525552 3.934905
v -1.312364 1.544829 2.469467
v 0.000000 0.310432 -4.444480
v 0.000000 0.412591 -4.431572
v 0.000000 0.426707 -4.225659
v 0.000000 0.269164 -4.079663
v 0.000000 0.394913 -2.664792
v 0.000000 0.376036 -1.127582
v 0.000000 0.376139 0.411184
v 0.963581 0.543906 2.706612
v 0.815934 0.681407 2.698667
v 1.051069 1.064305 2.697378
v 1.225313 0.970705 2.715376
v 0.000000 0.492867 3.888144
v 0.000000 0.577352 3.935786
v 0.000000 0.419932 -3.876839
v 0.608513 0.288534 2.689145
v 0.000000 0.390024 1.913175
v 0.528062 0.474012 2.678428
v 0.000000 0.363292 -4.447358
v 0.738106 0.486806 -2.689598
v 0.830914 0.306342 -2.689598
v 0.000000 0.282739 -4.389524
v 0.989929 0.697925 -2.742142
v 1.128946 0.556203 -2.742260
v 1.199081 0.545758 -1.556528
v 1.057621 0.684650 -1.549854
v 0.784308 0.436583 -1.506884
v 0.873165 0.249948 -1.506884
v 1.286369 1.037823 -2.824744
v 0.000000 0.627100 3.835027
v 1.440219 0.913126 -2.829825
v 1.408365 1.070348 -1.645111
v 1.566647 0.951458 -1.659262
v 1.591195 0.935962 -0.003084
v 0.000000 0.507385 3.207705
v 1.422535 1.042703 -0.003084
v 1.268716 0.548499 0.021101
v 1.128172 0.689022 0.021101
v 1.239858 0.550784 1.378638
v 0.000000 0.429951 -4.384748
v 1.095750 0.693105 1.378638
v 0.790630 0.258011 1.347039
v 0.718330 0.447131 1.347039
v 0.894124 0.236637 0.029481
v 0.812889 0.426536 0.029481
v 1.357431 1.105791 1.389712
v 1.533233 1.013450 1.389712
v -0.963581 0.543906 2.706612
v -0.815934 0.681407 2.698667
v -1.051069 1.064305 2.697378
v -1.225313 0.970705 2.715376
v 1.772418 1.317500 -1.735488
v -0.608513 0.288534 2.689145
v 1.606244 1.423975 -1.720631
v 1.728317 1.472082 1.359814
v -0.528062 0.474012 2.678428
v -0.738106 0.486806 -2.689598
v -0.830914 0.306342 -2.689598
v -0.989929 0.697925 -2.742142
v -1.128946 0.556203 -2.742260
v -1.199081 0.545758 -1.556528
v -1.057621 0.684650 -1.549854
v -0.784308 0.436583 -1.506884
v -0.873165 0.249948 -1.506884
v -1.286369 1.037823 -2.824744
v -1.440219 0.913126 -2.829825
v -1.408365 1.070348 -1.645111
v -1.566647 0.951458 -1.659262
v 1.546191 1.549551 1.359814
v -1.591195 0.935962 -0.003084
v -1.422535 1.042703 -0.003084
v -1.268716 0.548499 0.021101
v -1.128172 0.689022 0.021101
v 1.613908 1.133956 -2.875485
v 1.455977 1.252830 -2.865575
v 1.812372 1.412729 -0.029320
v 1.632833 1.496019 -0.029320
v 1.246755 1.558284 2.702311
v 1.424230 1.475895 2.732075
v 1.068234 1.020118 -4.796276
v 1.455309 1.051000 -4.019578
v 1.505811 1.071582 -3.544577
v 1.404806 1.161288 -4.598330
v 0.803008 1.020118 -4.796276
v 1.505811 1.204797 -3.550580
v 1.404806 1.028073 -4.592327
v 1.511423 1.073764 -3.496143
v 1.399194 1.025421 -4.660310
v 0.853144 1.055222 -3.907622
v 0.386095 1.052965 -3.957701
v 0.403164 1.020118 -4.796276
v 1.026379 1.067509 -3.634947
v 1.184115 1.076877 -3.427082
v -1.239858 0.550784 1.378638
v -1.095750 0.693105 1.378638
v -0.790630 0.258011 1.347039
v -0.718330 0.447131 1.347039
v -0.894124 0.236637 0.029481
v -0.812889 0.426536 0.029481
v -1.357431 1.105791 1.389712
v -1.533233 1.013450 1.389712
v -1.772418 1.317500 -1.735488
v -1.606244 1.423975 -1.720631
v -1.728317 1.472082 1.359814
v -1.546191 1.549551 1.359814
v -1.613908 1.133956 -2.875485
v -1.455977 1.252830 -2.865575
v -1.812372 1.412729 -0.029320
v -1.632833 1.496019 -0.029320
v -1.246755 1.558284 2.702311
v -1.424230 1.475895 2.732075
v -1.068234 1.020118 -4.796276
v -1.455309 1.051000 -4.019578
v -1.505811 1.071582 -3.544577
v -1.404806 1.161288 -4.598330
v -0.803008 1.020118 -4.796276
v -1.505811 1.204797 -3.550580
v -1.404806 1.028073 -4.592327
v 1.021345 1.068752 -3.607368
v 1.026379 1.200725 -3.640950
v 0.813513 1.158665 -4.665680
v 0.813513 1.025450 -4.659678
v 0.152223 1.178928 -3.937196
v 0.173496 1.131131 -4.801279
v 1.455309 1.184215 -4.025581
v 1.455309 1.051000 -4.019578
v 0.885745 1.183829 -4.029040
v 0.885745 1.050614 -4.023036
v 1.174287 1.072720 -3.519315
v 1.068234 1.131131 -4.801279
v 1.077720 1.158636 -4.666313
v 1.077720 1.025421 -4.660310
v 1.174287 1.205935 -3.525318
v 1.455309 1.162013 -4.024581
v 1.125491 1.184007 -4.030216
v 1.125491 1.050792 -4.024213
v 0.408355 1.025619 -4.655925
v 0.803008 1.131131 -4.801279
v 0.408355 1.158834 -4.661929
v 0.386095 1.052965 -3.957701
v 0.386095 1.186180 -3.963704
v 1.511423 1.184777 -3.501146
v 0.169951 1.025784 -4.652262
v 0.151373 1.054201 -3.933831
v 0.169951 1.158999 -4.658266
v 1.399194 1.136434 -4.665313
v 0.853144 1.166234 -3.912625
v 0.386095 1.186180 -3.963704
v 0.131811 1.188161 -3.919748
v 0.403165 1.131131 -4.801279
v 1.184115 1.187889 -3.432085
v 1.021345 1.179765 -3.612370
v 0.173496 1.020118 -4.796276
v 0.152224 1.054114 -3.932193
v 1.448447 1.073764 -3.496143
v 1.330139 1.020118 -4.796276
v 1.394671 1.184215 -4.025581
v 1.459202 1.078130 -3.399276
v 1.330139 1.131131 -4.801279
v 1.459202 1.189142 -3.404278
v 1.340894 1.158636 -4.666313
v 1.340895 1.025421 -4.660310
v 1.448447 1.206980 -3.502146
v 1.394671 1.051000 -4.019578
v 1.330139 1.042320 -4.797277
v 1.459202 1.100332 -3.400276
v 0.152223 1.060707 -3.933194
v 0.173496 1.042320 -4.797277
v 1.068234 1.042320 -4.797277
v 1.455309 1.073203 -4.020579
v 0.803008 1.042320 -4.797277
v 1.511423 1.095967 -3.497143
v 1.399194 1.047624 -4.661311
v -1.511423 1.073764 -3.496143
v -1.399194 1.025421 -4.660310
v 0.000000 1.624122 5.394402
v 0.000000 1.542909 3.913972
v -0.853144 1.055222 -3.907622
v -0.386095 1.052965 -3.957701
v -0.403164 1.020118 -4.796276
v -1.026379 1.067509 -3.634947
v -1.184115 1.076877 -3.427082
v -1.021345 1.068752 -3.607368
v -1.026379 1.200725 -3.640950
v -0.813513 1.158665 -4.665680
v 0.000000 1.506612 5.400848
v 0.000000 1.425398 3.920418
v -0.813513 1.025450 -4.659678
v -0.152223 1.178928 -3.937196
v -0.173496 1.131131 -4.801279
v -1.455309 1.184215 -4.025581
v -1.455309 1.051000 -4.019578
v -0.885745 1.183829 -4.029040
v 0.853144 1.077424 -3.908623
v 0.386095 1.052965 -3.957701
v 0.403165 1.042320 -4.797277
v 1.184115 1.099079 -3.428082
v 1.021345 1.090955 -3.608369
v 0.000703 0.221884 -0.353554
v 0.000585 0.277568 2.626698
v 0.067883 0.300380 2.622889
v 0.068700 0.245754 -0.353578
v 0.065470 0.394952 2.607656
v 0.068817 0.343852 -0.353675
v 0.059914 0.531719 3.917381
v 0.056149 0.597666 3.889668
v 0.061935 0.320052 -4.436645
v 0.061935 0.394051 -4.426964
v 0.068817 0.395055 -4.228887
v 0.068797 0.297263 -4.241794
v 0.000000 1.624330 5.363455
v 0.000703 0.222348 -1.128713
v 0.000703 0.222456 0.412713
v 0.000337 0.362561 3.245711
v 0.000688 0.237015 1.924960
v 0.000688 0.241445 -2.675272
v 0.000337 0.266147 -3.875164
v 0.039204 0.224868 -0.353557
v 0.068700 0.246323 0.412458
v 0.068700 0.246217 -1.128525
v 0.068598 0.260712 1.922996
v 0.068399 0.358205 1.915139
v 0.068817 0.344413 0.411439
v 0.056714 0.593103 3.841458
v 0.066459 0.357401 -4.435894
v 0.035549 0.614158 3.896534
v 0.068817 0.344309 -1.127770
v 0.038678 0.408043 -4.430782
v 0.039160 0.280419 2.626221
v 0.037269 0.421145 2.604324
v 0.068817 0.363222 -2.666539
v 0.068702 0.265277 -2.673525
v 0.039570 0.369650 -0.353696
v 0.076722 0.346419 2.615273
v 0.068817 0.388279 -3.880005
v 0.038678 0.311797 -4.443138
v 0.079125 0.293820 -0.353627
v 0.066017 0.509956 3.878366
v 0.067636 0.305686 -4.399398
v 0.058669 0.471972 3.213269
v 0.067712 0.381799 3.240145
v 0.062836 0.566414 3.912008
v 0.037949 0.526340 3.931903
v 0.067638 0.399421 -4.387043
v 0.068758 0.290480 -3.892668
v 0.079137 0.345177 -4.235340
v 0.039518 0.276085 -4.230838
v 0.039570 0.420786 -4.226063
v 0.039211 0.244424 -2.675054
v 0.039282 0.384016 1.913421
v 0.039204 0.225332 -1.128690
v 0.039570 0.370208 0.411216
v 0.039347 0.424200 -4.384936
v 0.039198 0.239978 1.924715
v 0.039570 0.388987 -2.665011
v 0.039570 0.370105 -1.127605
v 0.039204 0.225439 0.412681
v 0.039083 0.494732 3.886806
v 0.069811 0.550143 3.860748
v 0.037927 0.574945 3.932798
v 0.078824 0.308443 1.919068
v 0.079125 0.294386 0.411949
v 0.079125 0.294281 -1.128147
v 0.079125 0.313267 -2.670032
v 0.031855 0.618616 3.835528
v 0.032457 0.498745 3.208304
v 0.039459 0.364779 3.245111
v 0.072084 0.425220 3.226707
v 0.039342 0.285778 -4.399270
v 0.039124 0.361586 -4.445918
v 0.077546 0.351688 -4.393623
v 0.079132 0.338397 -3.886336
v 0.039389 0.269570 -3.891992
v 0.039570 0.414011 -3.877235
v 0.947433 1.543266 3.920469
v 0.445994 1.601365 4.979563
v -0.885745 1.050614 -4.023036
v -1.174287 1.072720 -3.519315
v -1.068234 1.131131 -4.801279
v -1.077720 1.158636 -4.666313
v -1.077720 1.025421 -4.660310
v -1.174287 1.205935 -3.525318
v -1.455309 1.162013 -4.024581
v -1.125491 1.184007 -4.030216
v -1.125491 1.050792 -4.024213
v -0.408355 1.025619 -4.655925
v -0.803008 1.131131 -4.801279
v -0.408355 1.158834 -4.661929
v -0.386095 1.052965 -3.957701
v -0.386095 1.186180 -3.963704
v -1.511423 1.184777 -3.501146
v -0.169951 1.025784 -4.652262
v -0.151373 1.054201 -3.933831
v -0.169951 1.158999 -4.658266
v -1.399194 1.136434 -4.665313
v -0.853144 1.166234 -3.912625
v -0.386095 1.186180 -3.963704
v -0.131811 1.188161 -3.919748
v -0.403165 1.131131 -4.801279
v -1.184115 1.187889 -3.432085
v -1.021345 1.179765 -3.612370
v -0.173496 1.020118 -4.796276
v -0.152224 1.054114 -3.932193
v -1.448447 1.073764 -3.496143
v 0.149728 1.623859 5.389599
v 0.304407 1.538323 3.830380
v 0.208702 1.621698 5.350218
v 0.628186 1.540274 3.865932
v 0.298789 1.617009 5.264731
v 0.988989 1.531406 3.704285
v 0.947433 1.425755 3.926915
v 0.445994 1.483855 4.986010
v 0.149728 1.506348 5.396045
v 0.304407 1.420813 3.836826
v 0.208702 1.504188 5.356664
v 0.628186 1.422763 3.872378
v 0.298789 1.499498 5.271178
v 0.988989 1.413895 3.710732
v -1.330139 1.020118 -4.796276
v -1.394671 1.184215 -4.025581
v -1.459202 1.078130 -3.399276
v -1.330139 1.131131 -4.801279
v -1.459202 1.189142 -3.404278
v -1.340894 1.158636 -4.666313
v 0.456662 1.602022 4.956798
v 0.152951 1.623977 5.357011
v 0.217441 1.621902 5.319191
v 0.313168 1.617125 5.232118
v 0.831031 1.536274 3.793018
v 0.332669 1.614224 5.213957
v 0.438572 1.540229 3.865120
v 0.257280 1.619255 5.305674
v 0.061221 1.542463 3.905833
v 0.103532 1.624123 5.394402
v 0.247266 1.537446 3.814391
v 0.171712 1.623194 5.377472
v 0.139746 1.624089 5.393801
v 0.034997 1.624123 5.394402
v 1.043161 1.530954 3.696039
v 0.179707 1.539472 3.851321
v 0.179707 1.421962 3.857767
v 1.043161 1.413443 3.702485
v 0.034997 1.506612 5.400848
v 0.139746 1.506579 5.400248
v 0.171712 1.505683 5.383919
v 0.247266 1.419936 3.820837
v 0.103532 1.506612 5.400848
v 0.061221 1.424952 3.912280
v 0.257280 1.501744 5.312120
v 0.438572 1.422719 3.871567
v 0.332669 1.496713 5.220404
v 0.831031 1.418763 3.799464
v -1.340895 1.025421 -4.660310
v -1.448447 1.206980 -3.502146
v -1.394671 1.051000 -4.019578
v -1.330139 1.042320 -4.797277
v -1.459202 1.100332 -3.400276
v -0.152223 1.060707 -3.933194
v -0.173496 1.042320 -4.797277
v -1.068234 1.042320 -4.797277
v -1.455309 1.073203 -4.020579
v -0.803008 1.042320 -4.797277
v -1.511423 1.095967 -3.497143
v -1.399194 1.047624 -4.661311
v -0.853144 1.077424 -3.908623
v -0.386095 1.052965 -3.957701
v -0.403165 1.042320 -4.797277
v -1.184115 1.099079 -3.428082
v -1.021345 1.090955 -3.608369
v -0.000703 0.221884 -0.353554
v -0.000585 0.277568 2.626698
v -0.067883 0.300380 2.622889
v -0.068700 0.245754 -0.353578
v -0.065470 0.394952 2.607656
v -0.068817 0.343852 -0.353675
v -0.059914 0.531719 3.917381
v -0.056149 0.597666 3.889668
v -0.061935 0.320052 -4.436645
v -0.061935 0.394051 -4.426964
v -0.068817 0.395055 -4.228887
v -0.068797 0.297263 -4.241794
v -0.000703 0.222348 -1.128713
v -0.000703 0.222456 0.412713
v -0.000337 0.362561 3.245711
v -0.000688 0.237015 1.924960
v -0.000688 0.241445 -2.675272
v -0.000337 0.266147 -3.875164
v -0.039204 0.224868 -0.353557
v -0.068700 0.246323 0.412458
v -0.068700 0.246217 -1.128525
v -0.068598 0.260712 1.922996
v -0.068399 0.358205 1.915139
v -0.068817 0.344413 0.411439
v -0.056714 0.593103 3.841458
v -0.066459 0.357401 -4.435894
v -0.035549 0.614158 3.896534
v -0.068817 0.344309 -1.127770
v -0.038678 0.408043 -4.430782
v -0.039160 0.280419 2.626221
v -0.037269 0.421145 2.604324
v -0.068817 0.363222 -2.666539
v -0.068702 0.265277 -2.673525
v -0.039570 0.369650 -0.353696
v -0.076722 0.346419 2.615273
v -0.068817 0.388279 -3.880005
v -0.038678 0.311797 -4.443138
v -0.079125 0.293820 -0.353627
v -0.066017 0.509956 3.878366
v -0.067636 0.305686 -4.399398
v -0.058669 0.471972 3.213269
v -0.067712 0.381799 3.240145
v -0.062836 0.566414 3.912008
v -0.037949 0.526340 3.931903
v -0.067638 0.399421 -4.387043
v -0.068758 0.290480 -3.892668
v -0.079137 0.345177 -4.235340
v -0.039518 0.276085 -4.230838
v -0.039570 0.420786 -4.226063
v -0.039211 0.244424 -2.675054
v -0.039282 0.384016 1.913421
v -0.039204 0.225332 -1.128690
v -0.039570 0.370208 0.411216
v -0.039347 0.424200 -4.384936
v -0.039198 0.239978 1.924715
v -0.039570 0.388987 -2.665011
v -0.039570 0.370105 -1.127605
v -0.039204 0.225439 0.412681
v 0.035543 1.624321 5.363286
v 0.141986 1.624184 5.360793
v 0.177272 1.623365 5.345861
v 0.105119 1.624258 5.362150
v 0.269233 1.619426 5.274055
v 0.347534 1.614380 5.182078
v -0.039083 0.494732 3.886806
v -0.069811 0.550143 3.860748
v -0.037927 0.574945 3.932798
v -0.078824 0.308443 1.919068
v -0.079125 0.294386 0.411949
v -0.079125 0.294281 -1.128147
v -0.079125 0.313267 -2.670032
v -0.031855 0.618616 3.835528
v -0.032457 0.498745 3.208304
v -0.039459 0.364779 3.245111
v -0.072084 0.425220 3.226707
v -0.039342 0.285778 -4.399270
v -0.039124 0.361586 -4.445918
v -0.077546 0.351688 -4.393623
v -0.079132 0.338397 -3.886336
v -0.039389 0.269570 -3.891992
v -0.039570 0.414011 -3.877235
v -0.947433 1.543266 3.920469
v -0.445994 1.601365 4.979563
v -0.149728 1.623859 5.389599
v -0.304407 1.538323 3.830380
v -0.208702 1.621698 5.350218
v -0.628186 1.540274 3.865932
v -0.298789 1.617009 5.264731
v -0.988989 1.531406 3.704285
v -0.947433 1.425755 3.926915
v -0.445994 1.483855 4.986010
v -0.149728 1.506348 5.396045
v -0.304407 1.420813 3.836826
v -0.208702 1.504188 5.356664
v -0.628186 1.422763 3.872378
v -0.298789 1.499498 5.271178
v -0.988989 1.413895 3.710732
v -0.456662 1.602022 4.956798
v -0.152951 1.623977 5.357011
v -0.217441 1.621902 5.319191
v -0.313168 1.617125 5.232118
v -0.831031 1.536274 3.793018
v -0.332669 1.614224 5.213957
v -0.438572 1.540229 3.865120
v -0.257280 1.619255 5.305674
v -0.061221 1.542463 3.905833
v -0.103532 1.624123 5.394402
v -0.247266 1.537446 3.814391
v -0.171712 1.623194 5.377472
v -0.139746 1.624089 5.393801
v -0.034997 1.624123 5.394402
v -1.043161 1.530954 3.696039
v -0.179707 1.539472 3.851321
v -0.179707 1.421962 3.857767
v -1.043161 1.413443 3.702485
v -0.034997 1.506612 5.400848
v -0.139746 1.506579 5.400248
v -0.171712 1.505683 5.383919
v -0.247266 1.419936 3.820837
v -0.103532 1.506612 5.400848
v -0.061221 1.424952 3.912280
v -0.257280 1.501744 5.312120
v -0.438572 1.422719 3.871567
v -0.332669 1.496713 5.220404
v -0.831031 1.418763 3.799464
v -0.035543 1.624321 5.363286
v -0.141986 1.624184 5.360793
v -0.177272 1.623365 5.345861
v -0.105119 1.624258 5.362150
v -0.269233 1.619426 5.274055
v -0.347534 1.614380 5.182078
v -1.370765 0.998710 -1.297614
v -1.456775 1.513577 -1.299318
v -1.369821 0.998670 -1.363071
v -1.453702 1.513503 -1.361366
v -1.707599 0.998476 -1.305796
v -1.711362 1.513162 -1.295393
v -1.707318 0.998465 -1.354889
v -1.710574 1.513141 -1.365292
v -1.385036 1.035166 -1.281249
v -1.383001 1.035080 -1.379435
v -1.705743 1.035262 -1.363071
v -1.706230 1.035281 -1.297614
v -1.464536 1.478934 -1.297614
v 1.370765 0.998710 -1.297614
v 1.456775 1.513577 -1.299318
v 1.369821 0.998670 -1.363071
v 1.453702 1.513503 -1.361366
v 1.707599 0.998476 -1.305796
v 1.711362 1.513162 -1.295393
v 1.707318 0.998465 -1.354889
v 1.710574 1.513141 -1.365292
v 1.385036 1.035166 -1.281249
v 1.383001 1.035080 -1.379435
v 1.705743 1.035262 -1.363071
v 1.706230 1.035281 -1.297614
v 1.464536 1.478934 -1.297614
v 1.459995 1.478820 -1.363071
v 1.711821 1.480940 -1.363071
v 1.712699 1.480964 -1.297614
v 1.465661 1.229871 -1.367653
v 1.702358 1.236048 -1.363071
v 1.703727 1.236096 -1.297614
v 1.473974 1.230180 -1.293032
v 1.112807 0.998386 -1.305796
v 1.112655 0.998380 -1.354889
v 1.125208 1.016950 -1.297614
v 1.124962 1.016941 -1.363071
v 1.188365 1.109813 -1.354889
v 1.188872 1.109833 -1.305796
v 1.150665 1.018353 -1.379435
v 1.228041 1.118250 -1.363071
v 1.136085 0.998408 -1.297614
v 1.135846 0.998398 -1.363071
v 1.229024 1.118289 -1.297614
v 1.151109 1.018371 -1.281249
v -1.459995 1.478820 -1.363071
v -1.711821 1.480940 -1.363071
v -1.712699 1.480964 -1.297614
v -1.465661 1.229871 -1.367653
v -1.702358 1.236048 -1.363071
v -1.703727 1.236096 -1.297614
v -1.473974 1.230180 -1.293032
v -1.112807 0.998386 -1.305796
v -1.112655 0.998380 -1.354889
v -1.125208 1.016950 -1.297614
v -1.124962 1.016941 -1.363071
v -1.188365 1.109813 -1.354889
v -1.188872 1.109833 -1.305796
v -1.150665 1.018353 -1.379435
v -1.228041 1.118250 -1.363071
v -1.136085 0.998408 -1.297614
v -1.135846 0.998398 -1.363071
v -1.229024 1.118289 -1.297614
v -1.151109 1.018371 -1.281249
v -1.402885 0.998698 -1.363071
v -1.452510 1.513474 -1.376942
v -1.403919 0.998742 -1.297614
v -1.456956 1.513581 -1.283743
v -1.413618 1.036853 -1.281249
v -1.411384 1.036759 -1.379435
v -1.466033 1.479371 -1.281249
v -1.459552 1.479208 -1.379435
v -1.467890 1.240765 -1.379435
v -1.478932 1.241167 -1.281249
v -1.445604 1.198327 -1.379435
v -1.701351 1.199780 -1.363071
v -1.702584 1.199824 -1.297614
v -1.454434 1.198671 -1.281249
v -1.175831 1.108529 -1.363071
v -1.176430 1.108553 -1.297614
v -1.213731 1.115601 -1.281249
v -1.212483 1.115551 -1.379435
v -1.464442 1.206951 -1.281249
v -1.455095 1.206591 -1.379435
v -1.496287 1.327733 -1.297614
v -1.486475 1.327431 -1.363071
v -1.713071 1.335356 -1.363071
v -1.714428 1.335398 -1.297614
v -1.482410 1.328812 -1.379435
v -1.496286 1.329238 -1.281249
v -1.398250 1.163599 -1.363071
v -1.252688 0.998527 -1.363071
v -1.276219 1.026017 -1.281249
v -1.275110 1.025971 -1.379435
v -1.253219 0.998549 -1.297614
v -1.402532 1.163772 -1.297614
v -1.373020 1.153335 -1.379435
v -1.378141 1.153543 -1.281249
v -1.667505 1.513204 -1.376942
v 1.402885 0.998698 -1.363071
v 1.452510 1.513474 -1.376942
v 1.403919 0.998742 -1.297614
v 1.456956 1.513581 -1.283743
v 1.413618 1.036853 -1.281249
v 1.411384 1.036759 -1.379435
v 1.466033 1.479371 -1.281249
v 1.459552 1.479208 -1.379435
v 1.467890 1.240765 -1.379435
v 1.478932 1.241167 -1.281249
v 1.445604 1.198327 -1.379435
v 1.701351 1.199780 -1.363071
v 1.702584 1.199824 -1.297614
v 1.454434 1.198671 -1.281249
v 1.175831 1.108529 -1.363071
v 1.176430 1.108553 -1.297614
v 1.213731 1.115601 -1.281249
v 1.212483 1.115551 -1.379435
v 1.464442 1.206951 -1.281249
v 1.455095 1.206591 -1.379435
v 1.496287 1.327733 -1.297614
v 1.486475 1.327431 -1.363071
v 1.713071 1.335356 -1.363071
v 1.714428 1.335398 -1.297614
v 1.482410 1.328812 -1.379435
v 1.496286 1.329238 -1.281249
v 1.398250 1.163599 -1.363071
v 1.252688 0.998527 -1.363071
v 1.276219 1.026017 -1.281249
v 1.275110 1.025971 -1.379435
v 1.253219 0.998549 -1.297614
v 1.402532 1.163772 -1.297614
v 1.373020 1.153335 -1.379435
v 1.378141 1.153543 -1.281249
v 1.667505 1.513204 -1.376942
v 1.656091 0.998548 -1.297614
v 1.655884 1.035571 -1.379435
v 1.669544 1.480580 -1.379435
v 1.663113 1.236948 -1.379435
v 1.655564 0.998527 -1.363071
v 1.669028 1.513243 -1.283743
v 1.656916 1.035613 -1.281249
v 1.671482 1.480631 -1.281249
v 1.666136 1.237053 -1.281249
v 1.662882 1.201210 -1.281249
v 1.660148 1.201111 -1.379435
v 1.676980 1.334083 -1.281249
v 1.673895 1.333988 -1.379435
v 1.190685 1.125991 2.104668
v 1.276695 1.685166 2.102964
v 1.189741 1.125951 2.039211
v 1.273622 1.685090 2.040915
v 1.527519 1.125752 2.096486
v 1.531281 1.684740 2.106889
v 1.527238 1.125740 2.047393
v 1.530494 1.684719 2.036990
v 1.204956 1.163382 2.121033
v 1.202920 1.163294 2.022847
v 1.525663 1.163480 2.039211
v 1.526150 1.163500 2.104668
v 1.284456 1.618527 2.104668
v 1.279915 1.618410 2.039211
v 1.531741 1.620584 2.039211
v 1.532618 1.620609 2.104668
v 1.285581 1.363078 2.034629
v 1.522278 1.369414 2.039211
v 1.523647 1.369463 2.104668
v 1.293894 1.363395 2.109251
v 0.932727 1.125659 2.096486
v 0.932575 1.125653 2.047393
v 0.945128 1.144699 2.104668
v 0.944882 1.144689 2.039211
v 1.008285 1.239942 2.047393
v 1.008792 1.239963 2.096486
v 0.970585 1.146138 2.022847
v 1.047961 1.248596 2.039211
v 0.956005 1.125682 2.104668
v 0.955766 1.125672 2.039211
v 1.048944 1.248636 2.104668
v 0.971029 1.146156 2.121033
v 1.222806 1.125979 2.039211
v 1.272430 1.685060 2.025340
v 1.223839 1.126024 2.104668
v 1.276875 1.685170 2.118539
v 1.233538 1.165113 2.121033
v 1.231304 1.165016 2.022847
v 1.285953 1.618975 2.121033
v 1.279472 1.618808 2.022847
v 1.287810 1.374252 2.022847
v 1.298852 1.374664 2.121033
v 1.265524 1.330725 2.022847
v 1.521271 1.332216 2.039211
v 1.522503 1.332261 2.104668
v 1.274354 1.331079 2.121033
v 0.995751 1.238626 2.039211
v 0.996350 1.238650 2.104668
v 1.033651 1.245880 2.121033
v 1.032403 1.245828 2.022847
v 1.284362 1.339571 2.121033
v 1.275015 1.339202 2.022847
v 1.316207 1.463449 2.104668
v 1.306395 1.463140 2.039211
v 1.532991 1.471268 2.039211
v 1.534348 1.471311 2.104668
v 1.302330 1.464556 2.022847
v 1.316206 1.464993 2.121033
v 1.218169 1.295107 2.039211
v 1.072608 1.125804 2.039211
v 1.096139 1.153999 2.121033
v 1.095030 1.153951 2.022847
v 1.073139 1.125827 2.104668
v 1.222452 1.295285 2.104668
v 1.192940 1.284581 2.022847
v 1.198061 1.284794 2.121033
v 1.487425 1.684783 2.025340
v 1.476011 1.125826 2.104668
v 1.475804 1.163798 2.022847
v 1.489465 1.620215 2.022847
v 1.483033 1.370336 2.022847
v 1.475484 1.125804 2.039211
v 1.488948 1.684824 2.118539
v 1.476836 1.163841 2.121033
v 1.491402 1.620267 2.121033
v 1.486055 1.370444 2.121033
v 1.482802 1.333683 2.121033
v 1.480068 1.333581 2.022847
v 1.496900 1.469962 2.121033
v 1.493814 1.469865 2.022847
v 1.210463 1.212754 -3.568618
v 1.210468 1.212734 -3.630666
v 1.400138 1.212427 -3.564693
v 1.399364 1.212406 -3.634592
v -1.656091 0.998548 -1.297614
v -1.655884 1.035571 -1.379435
v -1.669544 1.480580 -1.379435
v -1.663113 1.236948 -1.379435
v 0.713508 0.368841 -3.550550
v 0.712009 0.369004 -3.648736
v 0.852145 0.357240 -3.632371
v 0.852628 0.357175 -3.566914
v 1.202618 1.178501 -3.566914
v 1.202557 1.178539 -3.632371
v 0.000000 0.616478 -4.013859
v 0.000000 0.616478 -4.170772
v -1.655564 0.998527 -1.363071
v -1.669028 1.513243 -1.283743
v -1.656916 1.035613 -1.281249
v -1.671482 1.480631 -1.281249
v -1.666136 1.237053 -1.281249
v -1.662882 1.201210 -1.281249
v -1.660148 1.201111 -1.379435
v -1.676980 1.334083 -1.281249
v -1.673895 1.333988 -1.379435
v -1.190685 1.125991 2.104668
v -1.276695 1.685166 2.102964
v -1.189741 1.125951 2.039211
v -1.273622 1.685090 2.040915
v -1.527519 1.125752 2.096486
v -1.531281 1.684740 2.106889
v 1.395679 1.180205 -3.632371
v 1.396540 1.180229 -3.566914
v 0.000000 0.985917 -4.170772
v 0.846253 0.691985 -3.636953
v 1.079354 0.596966 -3.632371
v 1.080699 0.596779 -3.566914
v 0.846305 0.691984 -3.562332
v 1.210458 1.212738 -3.646242
v -1.527238 1.125740 2.047393
v 1.210517 1.212758 -3.553043
v 0.724497 0.369154 -3.550550
v -1.530494 1.684719 2.036990
v -1.204956 1.163382 2.121033
v -1.202920 1.163294 2.022847
v 0.723031 0.369282 -3.648736
v 1.202584 1.178535 -3.550550
v 1.202505 1.178473 -3.648736
v 0.846338 0.686124 -3.645988
v 0.846369 0.686144 -3.553297
v -1.525663 1.163480 2.039211
v 0.829758 0.662340 -3.648736
v -1.526150 1.163500 2.104668
v -1.284456 1.618527 2.104668
v -1.279915 1.618410 2.039211
v -1.531741 1.620584 2.039211
v -1.532618 1.620609 2.104668
v -1.285581 1.363078 2.034629
v -1.522278 1.369414 2.039211
v -1.523647 1.369463 2.104668
v -1.293894 1.363395 2.109251
v -0.932727 1.125659 2.096486
v 1.058183 0.563855 -3.632371
v 0.000000 0.985917 -4.013859
v -0.932575 1.125653 2.047393
v 1.059227 0.563718 -3.566914
v 0.832937 0.662132 -3.550550
v 0.839282 0.669426 -3.550550
v 0.835615 0.669703 -3.648736
v 0.961246 0.737150 -3.566914
v 0.961228 0.737109 -3.632371
v 1.150506 0.736936 -3.632371
v 1.151867 0.736978 -3.566914
v 0.961198 0.737110 -3.648736
v 0.961297 0.737131 -3.550550
v 0.587317 0.383082 -3.632371
v 0.645778 0.351455 -3.550550
v 0.644678 0.351601 -3.648736
v 0.588439 0.383061 -3.566914
v 0.585238 0.374731 -3.648736
v 0.586853 0.374659 -3.550550
v 1.356337 1.212469 -3.646242
v 0.806761 0.365510 -3.648736
v 1.353294 1.179845 -3.648736
v 1.039615 0.604845 -3.648736
v 1.357794 1.212508 -3.553043
v 0.807785 0.365373 -3.550550
v 1.355222 1.179896 -3.550550
v 1.041948 0.604543 -3.550550
v 1.014737 0.572924 -3.550550
v 1.012676 0.573184 -3.648736
v 1.114098 0.735663 -3.550550
v 1.111011 0.735568 -3.648736
v 0.725151 0.342639 -4.013859
v 1.426345 1.121437 -4.013859
v 0.725151 0.342639 -4.170772
v 1.426345 1.121437 -4.170772
v 0.433045 0.765160 -4.170772
v 0.441529 0.801197 -4.170772
v 0.433045 0.837234 -4.170772
v 0.407920 0.730508 -4.170772
v 0.407920 0.871886 -4.170772
v 0.086138 0.620027 -4.013859
v 0.086138 0.620027 -4.170772
v 0.367118 0.903822 -4.170772
v 0.312208 0.670581 -4.170772
v 0.312208 0.931814 -4.170772
v 0.168966 0.971856 -4.170772
v 0.245300 0.647608 -4.170772
v 0.245300 0.954786 -4.170772
v 0.168966 0.630538 -4.170772
v 0.367118 0.698572 -4.170772
v 0.168966 0.630538 -4.013859
v 0.086138 0.982368 -4.170772
v 0.245300 0.647608 -4.013859
v 0.278423 0.658981 -4.013859
v 0.312208 0.670581 -4.013859
v 0.367118 0.698572 -4.013859
v 0.407920 0.730508 -4.013859
v 0.433045 0.765160 -4.013859
v 0.441529 0.801197 -4.013859
v 0.433045 0.837234 -4.013859
v 0.407920 0.871886 -4.013859
v 0.312208 0.931814 -4.013859
v 0.367118 0.903822 -4.013859
v 0.086138 0.982368 -4.013859
v 0.168966 0.971856 -4.013859
v 0.245300 0.954786 -4.013859
v 0.000000 1.155313 1.713610
v 0.000000 1.073992 1.749479
v 0.000000 1.076285 1.717183
v 0.000000 1.191660 2.434578
v 0.000000 1.189367 2.466873
v 0.000000 1.105140 2.438489
v 0.000000 1.110338 2.470446
v 0.000000 1.048962 -1.581500
v 0.000000 1.042218 -1.614661
v 0.000000 0.971894 -1.578440
v 0.000000 0.974156 -1.611959
v 0.000000 1.082834 -1.077531
v 0.000000 1.080572 -1.044011
v 0.000000 1.005766 -1.074471
v 0.000000 1.012510 -1.041309
v 0.000000 0.912152 4.995647
v 0.000000 0.586967 -4.732743
v 0.000000 -0.023564 -2.009190
v 0.000000 0.018687 -4.035963
v 0.000000 0.423203 4.093384
v 0.000000 -0.012254 2.477357
v 0.000000 1.236212 -5.081237
v 0.000000 0.354905 -4.346643
v 0.000000 1.299672 -5.093311
v 0.000000 0.108168 1.186732
v 0.000000 0.893343 -4.873111
v 0.000000 0.137589 -3.594968
v 0.000000 1.460074 5.646215
v 0.000000 1.322784 5.558776
v 0.000000 2.090581 5.788238
v 0.000000 1.314244 -4.982516
v 0.000000 2.000969 5.776765
v 0.000000 1.317185 -4.960150
v 0.000000 1.646549 5.730227
v 0.000000 0.458390 -4.837077
v 0.000000 0.774435 5.130480
v 0.000000 0.139266 -4.555619
v 0.000000 1.255491 -4.948308
v 0.000000 0.110667 -2.004791
v 0.000000 0.122221 4.328783
v 0.000000 0.435003 -4.491096
v 0.000000 1.008714 -4.900944
v 0.000000 0.273692 4.742664
v 0.000000 0.982373 -5.032944
v 0.000000 1.760702 5.756532
v 0.000000 1.082418 5.162138
v 0.000000 1.413701 5.376784
v 0.000000 0.221936 -0.353554
v 0.000000 0.277610 2.626691
v 0.000000 0.221936 -0.353554
v 0.000000 0.277610 2.626691
v 0.000000 0.241497 -2.675268
v 0.000000 0.222401 -1.128713
v 0.000000 0.237067 1.924956
v 0.000000 0.222508 0.412712
v 0.000000 0.362580 3.245706
v 0.000000 0.266176 -3.875306
v 0.000000 0.241497 -2.675268
v 0.000000 0.222401 -1.128713
v 0.000000 0.237067 1.924956
v 0.000000 0.222508 0.412712
v 0.000000 0.362580 3.245706
v 0.000000 0.266176 -3.875306
v 0.000000 0.342639 -4.013859
v 0.000000 0.342639 -4.170772
v 0.000000 1.121437 -4.170772
v 0.000000 1.121437 -4.013859
v 0.000000 0.855456 -5.001966
v 0.000000 0.601627 -4.926347
v 0.000000 0.186476 -4.010480
v 0.000000 0.017402 3.053274
v 0.000000 0.104668 -0.359267
v 0.000000 1.306664 -5.040150
v 0.000000 0.184541 2.990055
v 0.000000 0.985395 5.286870
v 0.000000 -0.029640 -0.359118
v 0.000000 0.678635 -4.809146
v 0.000000 0.051325 -4.395397
v 0.000000 0.568801 4.492724
v 0.000000 -0.026036 1.191701
v 0.000000 0.003669 -3.611638
v -0.945128 1.144699 2.104668
v -0.944882 1.144689 2.039211
v -1.008285 1.239942 2.047393
v -1.008792 1.239963 2.096486
v -0.970585 1.146138 2.022847
v -1.047961 1.248596 2.039211
v -0.956005 1.125682 2.104668
v -0.955766 1.125672 2.039211
v -1.048944 1.248636 2.104668
v -0.971029 1.146156 2.121033
v -1.222806 1.125979 2.039211
v -1.272430 1.685060 2.025340
v -1.223839 1.126024 2.104668
v -1.276875 1.685170 2.118539
v -1.233538 1.165113 2.121033
v -1.231304 1.165016 2.022847
v -1.285953 1.618975 2.121033
v -1.279472 1.618808 2.022847
v -1.287810 1.374252 2.022847
v -1.298852 1.374664 2.121033
v -1.265524 1.330725 2.022847
v -1.521271 1.332216 2.039211
v -1.522503 1.332261 2.104668
v -1.274354 1.331079 2.121033
v -0.995751 1.238626 2.039211
v -0.996350 1.238650 2.104668
v -1.033651 1.245880 2.121033
v -1.032403 1.245828 2.022847
v -1.284362 1.339571 2.121033
v -1.275015 1.339202 2.022847
v -1.316207 1.463449 2.104668
v -1.306395 1.463140 2.039211
v -1.532991 1.471268 2.039211
v -1.534348 1.471311 2.104668
v -1.302330 1.464556 2.022847
v -1.316206 1.464993 2.121033
v -1.218169 1.295107 2.039211
v -1.072608 1.125804 2.039211
v -1.096139 1.153999 2.121033
v -1.095030 1.153951 2.022847
v -1.073139 1.125827 2.104668
v -1.222452 1.295285 2.104668
v -1.192940 1.284581 2.022847
v -1.198061 1.284794 2.121033
v -1.487425 1.684783 2.025340
v -1.476011 1.125826 2.104668
v -1.475804 1.163798 2.022847
v -1.489465 1.620215 2.022847
v -1.483033 1.370336 2.022847
v -1.475484 1.125804 2.039211
v -1.488948 1.684824 2.118539
v -1.476836 1.163841 2.121033
v -1.491402 1.620267 2.121033
v -1.486055 1.370444 2.121033
v -1.482802 1.333683 2.121033
v -1.480068 1.333581 2.022847
v -1.496900 1.469962 2.121033
v -1.493814 1.469865 2.022847
v -1.210463 1.212754 -3.568618
v -1.210468 1.212734 -3.630666
v -1.400138 1.212427 -3.564693
v -1.399364 1.212406 -3.634592
v -0.713508 0.368841 -3.550550
v -0.712009 0.369004 -3.648736
v -0.852145 0.357240 -3.632371
v -0.852628 0.357175 -3.566914
v -1.202618 1.178501 -3.566914
v -1.202557 1.178539 -3.632371
v -1.395679 1.180205 -3.632371
v -1.396540 1.180229 -3.566914
v -0.846253 0.691985 -3.636953
v -1.079354 0.596966 -3.632371
v -1.080699 0.596779 -3.566914
v -0.846305 0.691984 -3.562332
v -1.210458 1.212738 -3.646242
v -1.210517 1.212758 -3.553043
v -0.724497 0.369154 -3.550550
v -0.723031 0.369282 -3.648736
v -1.202584 1.178535 -3.550550
v -1.202505 1.178473 -3.648736
v -0.846338 0.686124 -3.645988
v -0.846369 0.686144 -3.553297
v -0.829758 0.662340 -3.648736
v -1.058183 0.563855 -3.632371
v -1.059227 0.563718 -3.566914
v -0.832937 0.662132 -3.550550
v -0.839282 0.669426 -3.550550
v -0.835615 0.669703 -3.648736
v -0.961246 0.737150 -3.566914
v -0.961228 0.737109 -3.632371
v -1.150506 0.736936 -3.632371
v -1.151867 0.736978 -3.566914
v -0.961198 0.737110 -3.648736
v -0.961297 0.737131 -3.550550
v -0.587317 0.383082 -3.632371
v -0.645778 0.351455 -3.550550
v -0.644678 0.351601 -3.648736
v -0.588439 0.383061 -3.566914
v -0.585238 0.374731 -3.648736
v -0.586853 0.374659 -3.550550
v -1.356337 1.212469 -3.646242
v -0.806761 0.365510 -3.648736
v -1.353294 1.179845 -3.648736
v -1.039615 0.604845 -3.648736
v -1.357794 1.212508 -3.553043
v -0.807785 0.365373 -3.550550
v -1.355222 1.179896 -3.550550
v -1.041948 0.604543 -3.550550
v -1.014737 0.572924 -3.550550
v -1.012676 0.573184 -3.648736
v -1.114098 0.735663 -3.550550
v -1.111011 0.735568 -3.648736
v -0.725151 0.342639 -4.013859
v -1.426345 1.121437 -4.013859
v -0.725151 0.342639 -4.170772
v -1.426345 1.121437 -4.170772
v -0.433045 0.765160 -4.170772
v -0.441529 0.801197 -4.170772
v -0.433045 0.837234 -4.170772
v -0.407920 0.730508 -4.170772
v -0.407920 0.871886 -4.170772
v -0.086138 0.620027 -4.013859
v -0.086138 0.620027 -4.170772
v -0.367118 0.903822 -4.170772
v -0.312208 0.670581 -4.170772
v -0.312208 0.931814 -4.170772
v -0.168966 0.971856 -4.170772
v -0.245300 0.647608 -4.170772
v -0.245300 0.954786 -4.170772
v -0.168966 0.630538 -4.170772
v -0.367118 0.698572 -4.170772
v -0.168966 0.630538 -4.013859
v -0.086138 0.982368 -4.170772
v -0.245300 0.647608 -4.013859
v -0.278423 0.658981 -4.013859
v -0.312208 0.670581 -4.013859
v -0.367118 0.698572 -4.013859
v -0.407920 0.730508 -4.013859
v -0.433045 0.765160 -4.013859
v -0.441529 0.801197 -4.013859
v -0.433045 0.837234 -4.013859
v -0.407920 0.871886 -4.013859
v -0.312208 0.931814 -4.013859
v -0.367118 0.903822 -4.013859
v -0.086138 0.982368 -4.013859
v -0.168966 0.971856 -4.013859
v -0.245300 0.954786 -4.013859
v -1.777217 1.497411 -1.161120
v -1.830148 1.497411 -1.131117
v -1.830148 1.497411 -1.071112
v -1.777217 1.497411 -1.041109
v -1.724287 1.497411 -1.071112
v -1.724287 1.497411 -1.131117
v -1.807777 1.544629 -1.149986
v -1.838336 1.537846 -1.098464
v -1.807777 1.531063 -1.046943
v -1.746658 1.531063 -1.046943
v -1.716098 1.537846 -1.098464
v -1.746658 1.544629 -1.149986
v -1.807777 1.635847 -1.125544
v -1.838336 1.615961 -1.077533
v -1.807777 1.596074 -1.029523
v -1.746658 1.596074 -1.029523
v -1.716098 1.615961 -1.077534
v -1.746658 1.635847 -1.125544
v -1.807777 1.717632 -1.078326
v -1.838336 1.685997 -1.037099
v -1.807777 1.654362 -0.995871
v -1.746658 1.654362 -0.995871
v -1.716098 1.685997 -1.037099
v -1.746658 1.717632 -1.078326
v -1.807777 1.784408 -1.011550
v -1.838336 1.743180 -0.979915
v -1.807777 1.701953 -0.948280
v -1.746658 1.701953 -0.948280
v -1.716098 1.743180 -0.979915
v -1.746658 1.784408 -1.011550
v -1.807777 1.831626 -0.929766
v -1.838336 1.783615 -0.909879
v -1.807777 1.735605 -0.889993
v -1.746658 1.735605 -0.889993
v -1.716098 1.783615 -0.909879
v -1.746658 1.831626 -0.929766
v -1.807777 1.856068 -0.838548
v -1.838336 1.804546 -0.831765
v -1.807777 1.753025 -0.824982
v -1.746658 1.753025 -0.824982
v -1.716098 1.804546 -0.831765
v -1.746658 1.856068 -0.838548
v -1.807777 1.856068 -0.744112
v -1.838336 1.804546 -0.750894
v -1.807777 1.753025 -0.757677
v -1.746658 1.753025 -0.757677
v -1.716098 1.804546 -0.750894
v -1.746658 1.856068 -0.744112
v -1.807777 1.831626 -0.652893
v -1.838336 1.783615 -0.672780
v -1.807777 1.735605 -0.692666
v -1.746658 1.735605 -0.692666
v -1.716098 1.783615 -0.672780
v -1.746658 1.831626 -0.652893
v -1.807777 1.784408 -0.571109
v -1.838336 1.743180 -0.602744
v -1.807777 1.701953 -0.634379
v -1.746658 1.701953 -0.634379
v -1.716098 1.743180 -0.602744
v -1.746658 1.784408 -0.571109
v -1.807777 1.717632 -0.504333
v -1.838336 1.685997 -0.545560
v -1.807777 1.654362 -0.586788
v -1.746658 1.654362 -0.586788
v -1.716098 1.685997 -0.545560
v -1.746658 1.717632 -0.504333
v -1.807777 1.635847 -0.457115
v -1.838336 1.615961 -0.505125
v -1.807777 1.596074 -0.553136
v -1.746658 1.596074 -0.553136
v -1.716098 1.615961 -0.505125
v -1.746658 1.635847 -0.457115
v -1.807777 1.544629 -0.432673
v -1.838336 1.537846 -0.484194
v -1.807777 1.531063 -0.535716
v -1.746658 1.531063 -0.535716
v -1.716098 1.537846 -0.484195
v -1.746658 1.544629 -0.432673
v -1.777217 1.497411 -0.421539
v -1.830148 1.497411 -0.451541
v -1.830148 1.497411 -0.511547
v -1.777217 1.497411 -0.541550
v -1.724287 1.497411 -0.511547
v -1.724287 1.497411 -0.451541
v 1.777217 1.497411 -1.161120
v 1.830148 1.497411 -1.131117
v 1.830148 1.497411 -1.071112
v 1.777217 1.497411 -1.041109
v 1.724287 1.497411 -1.071112
v 1.724287 1.497411 -1.131117
v 1.807777 1.544629 -1.149986
v 1.838336 1.537846 -1.098464
v 1.807777 1.531063 -1.046943
v 1.746658 1.531063 -1.046943
v 1.716098 1.537846 -1.098464
v 1.746658 1.544629 -1.149986
v 1.807777 1.635847 -1.125544
v 1.838336 1.615961 -1.077533
v 1.807777 1.596074 -1.029523
v 1.746658 1.596074 -1.029523
v 1.716098 1.615961 -1.077534
v 1.746658 1.635847 -1.125544
v 1.807777 1.717632 -1.078326
v 1.838336 1.685997 -1.037099
v 1.807777 1.654362 -0.995871
v 1.746658 1.654362 -0.995871
v 1.716098 1.685997 -1.037099
v 1.746658 1.717632 -1.078326
v 1.807777 1.784408 -1.011550
v 1.838336 1.743180 -0.979915
v 1.807777 1.701953 -0.948280
v 1.746658 1.701953 -0.948280
v 1.716098 1.743180 -0.979915
v 1.746658 1.784408 -1.011550
v 1.807777 1.831626 -0.929766
v 1.838336 1.783615 -0.909879
v 1.807777 1.735605 -0.889993
v 1.746658 1.735605 -0.889993
v 1.716098 1.783615 -0.909879
v 1.746658 1.831626 -0.929766
v 1.807777 1.856068 -0.838548
v 1.838336 1.804546 -0.831765
v 1.807777 1.753025 -0.824982
v 1.746658 1.753025 -0.824982
v 1.716098 1.804546 -0.831765
v 1.746658 1.856068 -0.838548
v 1.807777 1.856068 -0.744112
v 1.838336 1.804546 -0.750894
v 1.807777 1.753025 -0.757677
v 1.746658 1.753025 -0.757677
v 1.716098 1.804546 -0.750894
v 1.746658 1.856068 -0.744112
v 1.807777 1.831626 -0.652893
v 1.838336 1.783615 -0.672780
v 1.807777 1.735605 -0.692666
v 1.746658 1.735605 -0.692666
v 1.716098 1.783615 -0.672780
v 1.746658 1.831626 -0.652893
v 1.807777 1.784408 -0.571109
v 1.838336 1.743180 -0.602744
v 1.807777 1.701953 -0.634379
v 1.746658 1.701953 -0.634379
v 1.716098 1.743180 -0.602744
v 1.746658 1.784408 -0.571109
v 1.807777 1.717632 -0.504333
v 1.838336 1.685997 -0.545560
v 1.807777 1.654362 -0.586788
v 1.746658 1.654362 -0.586788
v 1.716098 1.685997 -0.545560
v 1.746658 1.717632 -0.504333
v 1.807777 1.635847 -0.457115
v 1.838336 1.615961 -0.505125
v 1.807777 1.596074 -0.553136
v 1.746658 1.596074 -0.553136
v 1.716098 1.615961 -0.505125
v 1.746658 1.635847 -0.457115
v 1.807777 1.544629 -0.432673
v 1.838336 1.537846 -0.484194
v 1.807777 1.531063 -0.535716
v 1.746658 1.531063 -0.535716
v 1.716098 1.537846 -0.484195
v 1.746658 1.544629 -0.432673
v 1.777217 1.497411 -0.421539
v 1.830148 1.497411 -0.451541
v 1.830148 1.497411 -0.511547
v 1.777217 1.497411 -0.541550
v 1.724287 1.497411 -0.511547
v 1.724287 1.497411 -0.451541
v 0.590838 2.363435 0.204040
v 0.618938 2.425792 0.192626
v 3.559405 0.561912 -2.442038
v 3.586164 0.615183 -2.448601
v 4.652272 -0.089667 -3.407713
v 4.670079 -0.059684 -3.408208
v 3.672880 0.497364 -2.675265
v 3.696603 0.537308 -2.675924
v 4.565370 -0.038126 -3.534821
v 4.581396 -0.011141 -3.535266
v 4.076336 0.254071 -2.896845
v 4.102435 0.292152 -2.903246
v 4.013831 0.293188 -3.048950
v 4.033612 0.326494 -3.049500
v 3.011969 0.895107 -1.950546
v 3.037913 0.950148 -1.959370
v 4.527401 -0.017749 -3.297933
v 4.435822 0.038326 -3.441534
v 4.548770 0.018230 -3.298527
v 4.453629 0.068309 -3.442030
v 0.600336 2.394822 0.193275
v 3.498647 0.632675 -2.384061
v 4.688130 -0.091082 -3.431990
v 3.652888 0.536626 -2.653110
v 4.581666 -0.030028 -3.563859
v 4.011863 0.316408 -3.078068
v 3.021606 0.923019 -1.958793
v 4.430075 0.061527 -3.471584
v 0.635529 2.436896 0.202124
v 3.051999 0.960862 -1.952279
v 3.626376 0.606001 -2.466306
v 3.969649 0.378718 -2.773048
v 1.098327 2.059818 -0.244593
v 1.124272 2.114859 -0.253416
v 1.107964 2.087730 -0.252839
v 1.138357 2.125573 -0.246326
v 0.575159 2.350524 0.200510
v 0.614726 2.442128 0.178239
v 0.586658 2.395317 0.179188
v 0.500055 2.386018 0.240794
v 0.639660 2.456713 0.197807
v 0.488620 2.399982 0.259446
v 0.529035 2.501490 0.241061
v 0.497332 2.448635 0.242141
v 0.558980 2.515976 0.256558
v 0.535810 2.496575 0.215911
v 0.504107 2.443722 0.216990
v 0.547762 2.356543 0.209272
v 0.621574 2.478059 0.206178
v 0.596626 2.458030 0.183211
v 0.565102 2.405472 0.184284
v 0.639411 2.429249 0.198469
v 0.644218 2.333063 0.284655
v 0.685977 2.387648 0.293870
v 3.614185 0.530743 -2.359308
v 3.648415 0.579764 -2.354589
v 4.704148 -0.119184 -3.329369
v 4.721955 -0.089201 -3.329864
v 3.839755 0.402416 -2.423250
v 3.863478 0.442360 -2.423909
v 4.788249 -0.164939 -3.198227
v 4.804276 -0.137954 -3.198673
v 0.613264 2.341075 0.244468
v 3.612924 0.526291 -2.425523
v 4.678210 -0.104426 -3.368541
v 4.696017 -0.074443 -3.369036
v 4.128213 0.224554 -2.818501
v 4.157216 0.260982 -2.820515
v 4.240198 0.164391 -2.707089
v 4.259978 0.197697 -2.707640
v 4.224584 0.216570 -2.947230
v 4.102274 0.239313 -2.857673
v 3.063844 0.865591 -1.872204
v 3.100163 0.914729 -1.865359
v 3.034942 0.875357 -1.911293
v 4.579278 -0.047266 -3.219589
v 4.676549 -0.098642 -3.077987
v 4.574708 0.003472 -3.259356
v 4.553339 -0.032507 -3.258761
v 4.600647 -0.011286 -3.220184
v 4.694357 -0.068659 -3.078482
v 0.667375 2.356678 0.294519
v 3.560898 0.597256 -2.290049
v 4.740006 -0.120598 -3.353646
v 3.824686 0.438877 -2.393660
v 4.822392 -0.166996 -3.200312
v 4.714068 -0.105840 -3.392818
v 4.271052 0.168935 -2.686638
v 3.083857 0.887600 -1.864781
v 4.706497 -0.095750 -3.054131
v 0.664455 2.425015 0.242196
v 0.688910 2.406523 0.282738
v 3.103874 0.931346 -1.873937
v 3.678253 0.576485 -2.387964
v 3.653551 0.593050 -2.427273
v 3.079420 0.948272 -1.913273
v 4.016336 0.352154 -2.702539
v 4.041908 0.333539 -2.782200
v -0.590838 2.363435 0.204040
v -0.618938 2.425792 0.192626
v -3.559405 0.561912 -2.442038
v -3.586164 0.615183 -2.448601
v -4.652272 -0.089667 -3.407713
v -4.670079 -0.059684 -3.408208
v -3.672880 0.497364 -2.675265
v -3.696603 0.537308 -2.675924
v -4.565370 -0.038126 -3.534821
v -4.581396 -0.011141 -3.535266
v -4.076336 0.254071 -2.896845
v -4.102435 0.292152 -2.903246
v -4.013831 0.293188 -3.048950
v -4.033612 0.326494 -3.049500
v -3.011969 0.895107 -1.950546
v -3.037913 0.950148 -1.959370
v -4.527401 -0.017749 -3.297933
v -4.435822 0.038326 -3.441534
v -4.548770 0.018230 -3.298527
v -4.453629 0.068309 -3.442030
v -0.600336 2.394822 0.193275
v -3.498647 0.632675 -2.384061
v -4.688130 -0.091082 -3.431990
v -3.652888 0.536626 -2.653110
v -4.581666 -0.030028 -3.563859
v -4.011863 0.316408 -3.078068
v -3.021606 0.923019 -1.958793
v -4.430075 0.061527 -3.471584
v -0.635529 2.436896 0.202124
v -3.051999 0.960862 -1.952279
v -3.626376 0.606001 -2.466306
v -3.969649 0.378718 -2.773048
v -1.098327 2.059818 -0.244593
v -1.124272 2.114859 -0.253416
v -1.107964 2.087730 -0.252839
v -1.138357 2.125573 -0.246326
v -0.575159 2.350524 0.200510
v -0.614726 2.442128 0.178239
v -0.586658 2.395317 0.179188
v -0.500055 2.386018 0.240794
v -0.639660 2.456713 0.197807
v -0.488620 2.399982 0.259446
v -0.529035 2.501490 0.241061
v -0.497332 2.448635 0.242141
v -0.558980 2.515976 0.256558
v -0.535810 2.496575 0.215911
v -0.504107 2.443722 0.216990
v -0.547762 2.356543 0.209272
v -0.621574 2.478059 0.206178
v -0.596626 2.458030 0.183211
v -0.565102 2.405472 0.184284
v -0.639411 2.429249 0.198469
v -0.644218 2.333063 0.284655
v -0.685977 2.387648 0.293870
v -3.614185 0.530743 -2.359308
v -3.648415 0.579764 -2.354589
v -4.704148 -0.119184 -3.329369
v -4.721955 -0.089201 -3.329864
v -3.839755 0.402416 -2.423250
v -3.863478 0.442360 -2.423909
v -4.788249 -0.164939 -3.198227
v -4.804276 -0.137954 -3.198673
v -0.613264 2.341075 0.244468
v -3.612924 0.526291 -2.425523
v -4.678210 -0.104426 -3.368541
v -4.696017 -0.074443 -3.369036
v -4.128213 0.224554 -2.818501
v -4.157216 0.260982 -2.820515
v -4.240198 0.164391 -2.707089
v -4.259978 0.197697 -2.707640
v -4.224584 0.216570 -2.947230
v -4.102274 0.239313 -2.857673
v -3.063844 0.865591 -1.872204
v -3.100163 0.914729 -1.865359
v -3.034942 0.875357 -1.911293
v -4.579278 -0.047266 -3.219589
v -4.676549 -0.098642 -3.077987
v -4.574708 0.003472 -3.259356
v -4.553339 -0.032507 -3.258761
v -4.600647 -0.011286 -3.220184
v -4.694357 -0.068659 -3.078482
v -0.667375 2.356678 0.294519
v -3.560898 0.597256 -2.290049
v -4.740006 -0.120598 -3.353646
v -3.824686 0.438877 -2.393660
v -4.822392 -0.166996 -3.200312
v -4.714068 -0.105840 -3.392818
v -4.271052 0.168935 -2.686638
v -3.083857 0.887600 -1.864781
v -4.706497 -0.095750 -3.054131
v -0.664455 2.425015 0.242196
v -0.688910 2.406523 0.282738
v -3.103874 0.931346 -1.873937
v -3.678253 0.576485 -2.387964
v -3.653551 0.593050 -2.427273
v -3.079420 0.948272 -1.913273
v -4.016336 0.352154 -2.702539
v -4.041908 0.333539 -2.782200
v -1.150202 2.030303 -0.166251
v -1.121300 2.040068 -0.205340
v -1.186521 2.079440 -0.159407
v -1.170213 2.052312 -0.158829
v -1.190232 2.096057 -0.167984
v -1.165778 2.112983 -0.207320
v -0.636121 2.315838 0.292575
v -0.701316 2.392860 0.309007
v -0.597495 2.317174 0.245905
v -0.673247 2.346049 0.309956
v -0.580139 2.340452 0.361737
v -0.676118 2.446165 0.242442
v -0.700621 2.422027 0.289872
v -0.563828 2.357192 0.373025
v -0.629270 2.444458 0.392437
v -0.518613 2.370405 0.318192
v -0.579067 2.473894 0.317152
v -0.597568 2.391603 0.393516
v -0.546130 2.419053 0.318300
v -0.597402 2.499967 0.314834
v -0.634188 2.473185 0.370136
v -0.528115 2.350009 0.304216
v -0.651810 2.430574 0.391093
v -0.620107 2.377720 0.392173
v -0.618483 2.316304 0.316076
v -0.664610 2.462911 0.256371
v -0.692295 2.437819 0.312982
v -0.576949 2.319083 0.260229
v -0.694113 2.402563 0.330436
v -0.662589 2.350004 0.331508
v -0.622354 2.343744 0.239455
v -0.666832 2.416659 0.237475
v -0.670562 2.435193 0.241987
v -0.594206 2.365987 0.204344
v -3.462654 0.691493 -2.338067
v -4.618866 -0.072907 -3.379279
v -3.819364 0.471066 -2.656396
v -4.530069 -0.018625 -3.521749
v -3.823626 0.458669 -2.825663
v -3.625941 0.523366 -2.586081
v -4.665728 -0.052436 -3.340689
v -4.644804 -0.087666 -3.340107
v -0.617110 2.345911 0.243743
v -0.593817 2.395008 0.186171
v -3.796602 0.419314 -2.649730
v -4.360768 0.132871 -3.131219
v -3.800540 0.419798 -2.825020
v -4.266116 0.182756 -3.272604
v -3.825504 0.402336 -2.612987
v -4.059061 0.316274 -2.991862
v -4.035819 0.277140 -2.991215
v -3.436622 0.636639 -2.329486
v -2.083146 1.531254 -1.108224
v -3.464970 0.613965 -2.294522
v -4.336805 0.097915 -3.128150
v -4.248061 0.152357 -3.272101
v -4.396730 0.111796 -3.100693
v -4.362743 0.083157 -3.088978
v -4.639790 -0.037678 -3.379861
v -4.547572 0.010844 -3.522236
v -4.469027 0.015961 -3.386753
v -4.489951 0.051190 -3.387335
v -0.617043 2.433720 0.185377
v -4.240388 0.177020 -3.299899
v -2.066838 1.504125 -1.107647
v -3.807061 0.441787 -2.851336
v -3.560874 0.593660 -2.508634
v -4.627895 -0.056750 -3.519344
v -4.531273 0.000023 -3.556441
v -3.439017 0.668968 -2.330902
v -0.638438 2.445843 0.199742
v -3.481577 0.698746 -2.335484
v -3.508967 0.686111 -2.296474
v -3.815189 0.480903 -2.637402
v -2.097231 1.541967 -1.101133
v -2.124652 1.529378 -1.062128
v -3.847729 0.463294 -2.604737
v -4.594481 -0.056427 -3.494335
v -4.611982 -0.026958 -3.494822
v -3.652604 0.568260 -2.586822
v -2.057202 1.476213 -1.099400
v -2.080174 1.456463 -1.060147
v -0.695908 2.375576 0.128457
v -0.679601 2.348448 0.129034
v -0.709993 2.386290 0.135547
v -0.737414 2.373700 0.174552
v -0.564317 2.349719 0.201793
v -0.675901 2.453616 0.245392
v -0.488497 2.395436 0.251712
v -0.603433 2.501526 0.311428
v -0.516906 2.359506 0.315217
v -0.605873 2.329084 0.244845
v -0.584277 2.356733 0.202033
v -0.590139 2.491014 0.316270
v -0.545705 2.513534 0.247703
v -0.523008 2.504618 0.225824
v -0.635222 2.466461 0.198826
v -0.491474 2.452035 0.226894
v -0.552357 2.334253 0.282228
v -0.566196 2.477451 0.199427
v -0.561722 2.516042 0.248664
v -0.534431 2.424499 0.200510
v -0.554989 2.507378 0.222013
v -0.523212 2.370889 0.224525
v -0.640497 2.478868 0.278349
v -0.597985 2.493982 0.221389
v -0.590242 2.313073 0.249162
v -0.610936 2.448020 0.176358
v -0.580279 2.396895 0.177397
v -0.669963 2.320536 0.137281
v -0.692936 2.300786 0.176533
v -0.620421 2.421942 0.195196
v -0.603825 2.394333 0.195783
v -0.646269 2.336364 0.282969
v -3.524905 0.656074 -2.244056
v -4.670743 -0.102424 -3.300935
v -3.880845 0.436084 -2.563546
v -4.767739 -0.153854 -3.162820
v -4.020669 0.346556 -2.528089
v -3.752337 0.451450 -2.395197
v -0.670485 2.351385 0.301956
v -3.848789 0.389621 -2.570917
v -4.412955 0.103178 -3.052405
v -3.997582 0.307686 -2.527447
v -4.505047 0.046809 -2.911768
v -4.219781 0.224828 -2.749141
v -4.196539 0.185694 -2.748495
v -3.488809 0.606946 -2.250673
v -2.145396 1.495835 -1.014213
v -4.388682 0.068399 -3.049807
v -4.486993 0.016410 -2.911266
v -4.691666 -0.067195 -3.301517
v -4.785241 -0.124385 -3.163306
v -4.638363 -0.080388 -3.131020
v -4.659288 -0.045158 -3.131601
v -0.693711 2.390097 0.301162
v -4.514656 0.020967 -2.885698
v -2.129089 1.468706 -1.013636
v -4.029478 0.315236 -2.515440
v -3.680667 0.525500 -2.327720
v -4.797232 -0.153098 -3.263610
v -4.803233 -0.154716 -3.145725
v -3.501267 0.633548 -2.236891
v -0.695025 2.413647 0.285199
v -3.533453 0.669230 -2.257141
v -3.866177 0.451892 -2.560400
v -2.149107 1.512452 -1.022791
v -4.761504 -0.151460 -3.242096
v -4.779006 -0.121990 -3.242582
v -3.779000 0.496344 -2.395939
v -2.109076 1.446697 -1.021058
v -0.758157 2.340158 0.222466
v -0.741850 2.313029 0.223043
v -0.761868 2.356774 0.213888
v -0.629966 2.312366 0.300935
v -0.568818 2.349735 0.373014
v -0.640864 2.324537 0.287489
v -0.634927 2.462769 0.382446
v -0.640343 2.437857 0.403024
v -0.700870 2.429109 0.297968
v -0.608810 2.385274 0.404094
v -0.673111 2.416619 0.360890
v -0.642044 2.470341 0.369966
v -0.641346 2.363667 0.361974
v -0.599304 2.327594 0.339438
v -0.674076 2.450687 0.336303
v -0.703065 2.395601 0.315492
v -0.672409 2.344475 0.316530
v -0.721838 2.291020 0.215621
v -0.683268 2.386183 0.290109
v -0.666674 2.358574 0.290696
v -0.686882 2.403082 0.281213
v -3.796216 0.418854 -2.758538
v -4.581366 -0.004928 -3.468319
v -3.823349 0.464539 -2.759292
v -4.280563 0.130356 -3.217575
v -4.560871 -0.039436 -3.467749
v -4.301776 0.166074 -3.218165
v -3.939649 0.337244 -2.541924
v -4.750124 -0.100947 -3.213459
v -3.966782 0.382929 -2.542679
v -4.448823 0.034620 -2.963468
v -4.729629 -0.135456 -3.212889
v -4.470037 0.070338 -2.964058
v -0.646413 2.455846 0.390032
v 1.150202 2.030303 -0.166251
v 1.121300 2.040068 -0.205340
v 1.186521 2.079440 -0.159407
v 1.170213 2.052312 -0.158829
v 1.190232 2.096057 -0.167984
v 1.165778 2.112983 -0.207320
v 0.636121 2.315838 0.292575
v 0.701316 2.392860 0.309007
v 0.597495 2.317174 0.245905
v 0.673247 2.346049 0.309956
v 0.580139 2.340452 0.361737
v 0.676118 2.446165 0.242442
v 0.700621 2.422027 0.289872
v 0.563828 2.357192 0.373025
v 0.629270 2.444458 0.392437
v 0.518613 2.370405 0.318192
v 0.579067 2.473894 0.317152
v 0.597568 2.391603 0.393516
v 0.546130 2.419053 0.318300
v 0.597402 2.499967 0.314834
v 0.634188 2.473185 0.370136
v 0.528115 2.350009 0.304216
v 0.651810 2.430574 0.391093
v 0.620107 2.377720 0.392173
v 0.618483 2.316304 0.316076
v 0.664610 2.462911 0.256371
v 0.692295 2.437819 0.312982
v 0.576949 2.319083 0.260229
v 0.694113 2.402563 0.330436
v 0.662589 2.350004 0.331508
v 0.622354 2.343744 0.239455
v 0.666832 2.416659 0.237475
v 0.670562 2.435193 0.241987
v 0.594206 2.365987 0.204344
v 3.462654 0.691493 -2.338067
v 4.618866 -0.072907 -3.379279
v 3.819364 0.471066 -2.656396
v 4.530069 -0.018625 -3.521749
v 3.823626 0.458669 -2.825663
v 3.625941 0.523366 -2.586081
v 4.665728 -0.052436 -3.340689
v 4.644804 -0.087666 -3.340107
v 0.617110 2.345911 0.243743
v 0.593817 2.395008 0.186171
v 3.796602 0.419314 -2.649730
v 4.360768 0.132871 -3.131219
v 3.800540 0.419798 -2.825020
v 4.266116 0.182756 -3.272604
v 3.825504 0.402336 -2.612987
v 4.059061 0.316274 -2.991862
v 4.035819 0.277140 -2.991215
v 3.436622 0.636639 -2.329486
v 2.083146 1.531254 -1.108224
v 3.464970 0.613965 -2.294522
v 4.336805 0.097915 -3.128150
v 4.248061 0.152357 -3.272101
v 4.396730 0.111796 -3.100693
v 4.362743 0.083157 -3.088978
v 4.639790 -0.037678 -3.379861
v 4.547572 0.010844 -3.522236
v 4.469027 0.015961 -3.386753
v 4.489951 0.051190 -3.387335
v 0.617043 2.433720 0.185377
v 4.240388 0.177020 -3.299899
v 2.066838 1.504125 -1.107647
v 3.807061 0.441787 -2.851336
v 3.560874 0.593660 -2.508634
v 4.627895 -0.056750 -3.519344
v 4.531273 0.000023 -3.556441
v 3.439017 0.668968 -2.330902
v 0.638438 2.445843 0.199742
v 3.481577 0.698746 -2.335484
v 3.508967 0.686111 -2.296474
v 3.815189 0.480903 -2.637402
v 2.097231 1.541967 -1.101133
v 2.124652 1.529378 -1.062128
v 3.847729 0.463294 -2.604737
v 4.594481 -0.056427 -3.494335
v 4.611982 -0.026958 -3.494822
v 3.652604 0.568260 -2.586822
v 2.057202 1.476213 -1.099400
v 2.080174 1.456463 -1.060147
v 0.695908 2.375576 0.128457
v 0.679601 2.348448 0.129034
v 0.709993 2.386290 0.135547
v 0.737414 2.373700 0.174552
v 0.564317 2.349719 0.201793
v 0.675901 2.453616 0.245392
v 0.488497 2.395436 0.251712
v 0.603433 2.501526 0.311428
v 0.516906 2.359506 0.315217
v 0.605873 2.329084 0.244845
v 0.584277 2.356733 0.202033
v 0.590139 2.491014 0.316270
v 0.545705 2.513534 0.247703
v 0.523008 2.504618 0.225824
v 0.635222 2.466461 0.198826
v 0.491474 2.452035 0.226894
v 0.552357 2.334253 0.282228
v 0.566196 2.477451 0.199427
v 0.561722 2.516042 0.248664
v 0.534431 2.424499 0.200510
v 0.554989 2.507378 0.222013
v 0.523212 2.370889 0.224525
v 0.640497 2.478868 0.278349
v 0.597985 2.493982 0.221389
v 0.590242 2.313073 0.249162
v 0.610936 2.448020 0.176358
v 0.580279 2.396895 0.177397
v 0.669963 2.320536 0.137281
v 0.692936 2.300786 0.176533
v 0.620421 2.421942 0.195196
v 0.603825 2.394333 0.195783
v 0.646269 2.336364 0.282969
v 3.524905 0.656074 -2.244056
v 4.670743 -0.102424 -3.300935
v 3.880845 0.436084 -2.563546
v 4.767739 -0.153854 -3.162820
v 4.020669 0.346556 -2.528089
v 3.752337 0.451450 -2.395197
v 0.670485 2.351385 0.301956
v 3.848789 0.389621 -2.570917
v 4.412955 0.103178 -3.052405
v 3.997582 0.307686 -2.527447
v 4.505047 0.046809 -2.911768
v 4.219781 0.224828 -2.749141
v 4.196539 0.185694 -2.748495
v 3.488809 0.606946 -2.250673
v 2.145396 1.495835 -1.014213
v 4.388682 0.068399 -3.049807
v 4.486993 0.016410 -2.911266
v 4.691666 -0.067195 -3.301517
v 4.785241 -0.124385 -3.163306
v 4.638363 -0.080388 -3.131020
v 4.659288 -0.045158 -3.131601
v 0.693711 2.390097 0.301162
v 4.514656 0.020967 -2.885698
v 2.129089 1.468706 -1.013636
v 4.029478 0.315236 -2.515440
v 3.680667 0.525500 -2.327720
v 4.797232 -0.153098 -3.263610
v 4.803233 -0.154716 -3.145725
v 3.501267 0.633548 -2.236891
v 0.695025 2.413647 0.285199
v 3.533453 0.669230 -2.257141
v 3.866177 0.451892 -2.560400
v 2.149107 1.512452 -1.022791
v 4.761504 -0.151460 -3.242096
v 4.779006 -0.121990 -3.242582
v 3.779000 0.496344 -2.395939
v 2.109076 1.446697 -1.021058
v 0.758157 2.340158 0.222466
v 0.741850 2.313029 0.223043
v 0.761868 2.356774 0.213888
v 0.629966 2.312366 0.300935
v 0.568818 2.349735 0.373014
v 0.640864 2.324537 0.287489
v 0.634927 2.462769 0.382446
v 0.640343 2.437857 0.403024
v 0.700870 2.429109 0.297968
v 0.608810 2.385274 0.404094
v 0.673111 2.416619 0.360890
v 0.642044 2.470341 0.369966
v 0.641346 2.363667 0.361974
v 0.599304 2.327594 0.339438
v 0.674076 2.450687 0.336303
v 0.703065 2.395601 0.315492
v 0.672409 2.344475 0.316530
v 0.721838 2.291020 0.215621
v 0.683268 2.386183 0.290109
v 0.666674 2.358574 0.290696
v 0.686882 2.403082 0.281213
v 3.796216 0.418854 -2.758538
v 4.581366 -0.004928 -3.468319
v 3.823349 0.464539 -2.759292
v 4.280563 0.130356 -3.217575
v 4.560871 -0.039436 -3.467749
v 4.301776 0.166074 -3.218165
v 3.939649 0.337244 -2.541924
v 4.750124 -0.100947 -3.213459
v 3.966782 0.382929 -2.542679
v 4.448823 0.034620 -2.963468
v 4.729629 -0.135456 -3.212889
v 4.470037 0.070338 -2.964058
v 0.646413 2.455846 0.390032
v -1.680131 1.311001 -0.415952
v -1.679274 1.316843 -0.392583
v -1.671724 1.314782 -0.416083
v -1.652412 1.476882 -0.397983
v -1.651574 1.481139 -0.421694
v -1.644862 1.474822 -0.421484
v -1.680418 1.285871 -1.162083
v -1.672011 1.289652 -1.162214
v -1.679580 1.290127 -1.185794
v -1.651861 1.456009 -1.167825
v -1.652717 1.450167 -1.191194
v -1.645149 1.449692 -1.167614
v -1.919738 1.351176 -0.417213
v -1.926449 1.357492 -0.417424
v -1.918881 1.357018 -0.393844
v -1.891180 1.521314 -0.422955
v -1.892018 1.517057 -0.399244
v -1.899587 1.517532 -0.422824
v -1.920024 1.326046 -1.163344
v -1.919186 1.330302 -1.187055
v -1.926736 1.332362 -1.163554
v -1.891467 1.496184 -1.169086
v -1.899874 1.492402 -1.168955
v -1.892324 1.490342 -1.192455
v 1.680131 1.311001 -0.415952
v 1.679274 1.316843 -0.392583
v 1.671724 1.314782 -0.416083
v 1.652412 1.476882 -0.397983
v 1.651574 1.481139 -0.421694
v 1.644862 1.474822 -0.421484
v 1.680418 1.285871 -1.162083
v 1.672011 1.289652 -1.162214
v 1.679580 1.290127 -1.185794
v 1.651861 1.456009 -1.167825
v 1.652717 1.450167 -1.191194
v 1.645149 1.449692 -1.167614
v 1.919738 1.351176 -0.417213
v 1.926449 1.357492 -0.417424
v 1.918881 1.357018 -0.393844
v 1.891180 1.521314 -0.422955
v 1.892018 1.517057 -0.399244
v 1.899587 1.517532 -0.422824
v 1.920024 1.326046 -1.163344
v 1.919186 1.330302 -1.187055
v 1.926736 1.332362 -1.163554
v 1.891467 1.496184 -1.169086
v 1.899874 1.492402 -1.168955
v 1.892324 1.490342 -1.192455
v -1.316149 1.148081 -4.921040
v -1.316149 1.148081 -4.960096
v -1.355205 1.148081 -4.921040
v -1.355205 1.148081 -4.960096
v -1.306773 1.449114 -4.911664
v -1.306773 1.449114 -4.969472
v -1.364581 1.449114 -4.969472
v -1.364581 1.449114 -4.911664
v -1.309640 1.198417 -4.966605
v -1.361714 1.198417 -4.966605
v -1.361714 1.198417 -4.914531
v -1.309640 1.198417 -4.914531
v -1.303249 1.466498 -4.908140
v -1.303249 1.466498 -4.972995
v -1.368105 1.466498 -4.908140
v -1.368105 1.466498 -4.972995
v -1.295306 1.450128 -4.900197
v -1.295306 1.450128 -4.980938
v -1.376048 1.450128 -4.980938
v -1.376048 1.450128 -4.900197
v -1.309639 1.399764 -4.914531
v -1.309640 1.399764 -4.966605
v -1.361714 1.399764 -4.966605
v -1.361715 1.399764 -4.914531
v -1.311870 1.148081 -4.940568
v -1.310755 1.154373 -4.965490
v -1.335677 1.148081 -4.964375
v -1.360599 1.154373 -4.965490
v -1.359484 1.148081 -4.940568
v -1.360599 1.154373 -4.915646
v -1.335677 1.148081 -4.916760
v -1.301040 1.447761 -4.905931
v -1.309282 1.443685 -4.914172
v -1.370314 1.447761 -4.905931
v -1.370314 1.447761 -4.975205
v -1.301039 1.447761 -4.975205
v -1.335677 1.449114 -4.900825
v -1.375420 1.449114 -4.940568
v -1.335677 1.449114 -4.980311
v -1.295934 1.449114 -4.940568
v -1.309640 1.299091 -4.966605
v -1.361714 1.299091 -4.966605
v -1.361715 1.299091 -4.914531
v -1.310755 1.154373 -4.915646
v -1.299876 1.198417 -4.940568
v -1.335677 1.198417 -4.976369
v -1.371478 1.198417 -4.940568
v -1.335677 1.198417 -4.904767
v -1.294650 1.458861 -4.899540
v -1.296143 1.468128 -4.940567
v -1.335677 1.468128 -4.980102
v -1.375211 1.468128 -4.940567
v -1.335678 1.468128 -4.901033
v -1.294650 1.458861 -4.981595
v -1.376705 1.458861 -4.981595
v -1.376704 1.458861 -4.899540
v -1.335677 1.450128 -4.885058
v -1.391187 1.450128 -4.940567
v -1.335677 1.450128 -4.996078
v -1.280167 1.450128 -4.940567
v -1.309640 1.299091 -4.914531
v -1.309281 1.443685 -4.966963
v -1.362072 1.443685 -4.966963
v -1.362073 1.443685 -4.914172
v -1.299876 1.399764 -4.940568
v -1.335677 1.399764 -4.976369
v -1.371478 1.399764 -4.940568
v -1.335677 1.399764 -4.904767
v -1.383304 1.447761 -4.940567
v -1.288051 1.447761 -4.940567
v -1.335677 1.447761 -4.892941
v -1.335677 1.148081 -4.940568
v -1.335678 1.447761 -4.988194
v -1.335677 1.443685 -4.904274
v -1.371971 1.443685 -4.940568
v -1.335677 1.443685 -4.976861
v -1.299383 1.443685 -4.940568
v -1.301383 1.154373 -4.940568
v -1.335677 1.154373 -4.974862
v -1.369972 1.154373 -4.940568
v -1.335677 1.154373 -4.906273
v -1.279221 1.459022 -4.940567
v -1.335677 1.459022 -4.997024
v -1.392133 1.459022 -4.940567
v -1.335677 1.459022 -4.884111
v -1.335677 1.471549 -4.940567
v -1.299876 1.299091 -4.940568
v -1.335677 1.299091 -4.976369
v -1.371478 1.299091 -4.940568
v -1.335677 1.299091 -4.904767
v -1.335677 1.444700 -4.940567
v -1.383084 1.480915 -4.906125
v -1.317570 1.480915 -4.884838
v -1.277079 1.480915 -4.940567
v -1.317570 1.480915 -4.996298
v -1.383084 1.480915 -4.975010
v -1.353784 1.539514 -4.884838
v -1.288270 1.539514 -4.906125
v -1.288270 1.539514 -4.975010
v -1.353784 1.539514 -4.996298
v -1.394275 1.539514 -4.940567
v -1.335677 1.575729 -4.940567
v -1.325034 1.454484 -4.907811
v -1.363542 1.454484 -4.920323
v -1.352899 1.475771 -4.887566
v -1.391407 1.475771 -4.940567
v -1.363542 1.454484 -4.960812
v -1.301234 1.454484 -4.940567
v -1.290590 1.475771 -4.907811
v -1.325034 1.454484 -4.973325
v -1.290590 1.475771 -4.973325
v -1.352899 1.475771 -4.993570
v -1.397985 1.510215 -4.920322
v -1.397985 1.510215 -4.960813
v -1.335677 1.510215 -4.875053
v -1.374186 1.510215 -4.887565
v -1.273369 1.510215 -4.920322
v -1.297168 1.510215 -4.887565
v -1.297168 1.510215 -4.993570
v -1.273369 1.510215 -4.960813
v -1.374186 1.510215 -4.993570
v -1.335677 1.510215 -5.006083
v -1.380764 1.544658 -4.907811
v -1.318455 1.544658 -4.887566
v -1.279947 1.544658 -4.940567
v -1.318455 1.544658 -4.993570
v -1.380764 1.544658 -4.973325
v -1.346320 1.565945 -4.907811
v -1.370120 1.565945 -4.940567
v -1.307812 1.565945 -4.920323
v -1.307812 1.565945 -4.960812
v -1.346320 1.565945 -4.973325
v 1.316149 1.148081 -4.921040
v 1.316149 1.148081 -4.960096
v 1.355205 1.148081 -4.921040
v 1.355205 1.148081 -4.960096
v 1.306773 1.449114 -4.911664
v 1.306773 1.449114 -4.969472
v 1.364581 1.449114 -4.969472
v 1.364581 1.449114 -4.911664
v 1.309640 1.198417 -4.966605
v 1.361714 1.198417 -4.966605
v 1.361714 1.198417 -4.914531
v 1.309640 1.198417 -4.914531
v 1.303249 1.466498 -4.908140
v 1.303249 1.466498 -4.972995
v 1.368105 1.466498 -4.908140
v 1.368105 1.466498 -4.972995
v 1.295306 1.450128 -4.900197
v 1.295306 1.450128 -4.980938
v 1.376048 1.450128 -4.980938
v 1.376048 1.450128 -4.900197
v 1.309639 1.399764 -4.914531
v 1.309640 1.399764 -4.966605
v 1.361714 1.399764 -4.966605
v 1.361715 1.399764 -4.914531
v 1.311870 1.148081 -4.940568
v 1.310755 1.154373 -4.965490
v 1.335677 1.148081 -4.964375
v 1.360599 1.154373 -4.965490
v 1.359484 1.148081 -4.940568
v 1.360599 1.154373 -4.915646
v 1.335677 1.148081 -4.916760
v 1.301040 1.447761 -4.905931
v 1.309282 1.443685 -4.914172
v 1.370314 1.447761 -4.905931
v 1.370314 1.447761 -4.975205
v 1.301039 1.447761 -4.975205
v 1.335677 1.449114 -4.900825
v 1.375420 1.449114 -4.940568
v 1.335677 1.449114 -4.980311
v 1.295934 1.449114 -4.940568
v 1.309640 1.299091 -4.966605
v 1.361714 1.299091 -4.966605
v 1.361715 1.299091 -4.914531
v 1.310755 1.154373 -4.915646
v 1.299876 1.198417 -4.940568
v 1.335677 1.198417 -4.976369
v 1.371478 1.198417 -4.940568
v 1.335677 1.198417 -4.904767
v 1.294650 1.458861 -4.899540
v 1.296143 1.468128 -4.940567
v 1.335677 1.468128 -4.980102
v 1.375211 1.468128 -4.940567
v 1.335678 1.468128 -4.901033
v 1.294650 1.458861 -4.981595
v 1.376705 1.458861 -4.981595
v 1.376704 1.458861 -4.899540
v 1.335677 1.450128 -4.885058
v 1.391187 1.450128 -4.940567
v 1.335677 1.450128 -4.996078
v 1.280167 1.450128 -4.940567
v 1.309640 1.299091 -4.914531
v 1.309281 1.443685 -4.966963
v 1.362072 1.443685 -4.966963
v 1.362073 1.443685 -4.914172
v 1.299876 1.399764 -4.940568
v 1.335677 1.399764 -4.976369
v 1.371478 1.399764 -4.940568
v 1.335677 1.399764 -4.904767
v 1.383304 1.447761 -4.940567
v 1.288051 1.447761 -4.940567
v 1.335677 1.447761 -4.892941
v 1.335677 1.148081 -4.940568
v 1.335678 1.447761 -4.988194
v 1.335677 1.443685 -4.904274
v 1.371971 1.443685 -4.940568
v 1.335677 1.443685 -4.976861
v 1.299383 1.443685 -4.940568
v 1.301383 1.154373 -4.940568
v 1.335677 1.154373 -4.974862
v 1.369972 1.154373 -4.940568
v 1.335677 1.154373 -4.906273
v 1.279221 1.459022 -4.940567
v 1.335677 1.459022 -4.997024
v 1.392133 1.459022 -4.940567
v 1.335677 1.459022 -4.884111
v 1.335677 1.471549 -4.940567
v 1.299876 1.299091 -4.940568
v 1.335677 1.299091 -4.976369
v 1.371478 1.299091 -4.940568
v 1.335677 1.299091 -4.904767
v 1.335677 1.444700 -4.940567
v 1.383084 1.480915 -4.906125
v 1.317570 1.480915 -4.884838
v 1.277079 1.480915 -4.940567
v 1.317570 1.480915 -4.996298
v 1.383084 1.480915 -4.975010
v 1.353784 1.539514 -4.884838
v 1.288270 1.539514 -4.906125
v 1.288270 1.539514 -4.975010
v 1.353784 1.539514 -4.996298
v 1.394275 1.539514 -4.940567
v 1.335677 1.575729 -4.940567
v 1.325034 1.454484 -4.907811
v 1.363542 1.454484 -4.920323
v 1.352899 1.475771 -4.887566
v 1.391407 1.475771 -4.940567
v 1.363542 1.454484 -4.960812
v 1.301234 1.454484 -4.940567
v 1.290590 1.475771 -4.907811
v 1.325034 1.454484 -4.973325
v 1.290590 1.475771 -4.973325
v 1.352899 1.475771 -4.993570
v 1.397985 1.510215 -4.920322
v 1.397985 1.510215 -4.960813
v 1.335677 1.510215 -4.875053
v 1.374186 1.510215 -4.887565
v 1.273369 1.510215 -4.920322
v 1.297168 1.510215 -4.887565
v 1.297168 1.510215 -4.993570
v 1.273369 1.510215 -4.960813
v 1.374186 1.510215 -4.993570
v 1.335677 1.510215 -5.006083
v 1.380764 1.544658 -4.907811
v 1.318455 1.544658 -4.887566
v 1.279947 1.544658 -4.940567
v 1.318455 1.544658 -4.993570
v 1.380764 1.544658 -4.973325
v 1.346320 1.565945 -4.907811
v 1.370120 1.565945 -4.940567
v 1.307812 1.565945 -4.920323
v 1.307812 1.565945 -4.960812
v 1.346320 1.565945 -4.973325
vn -0.0000 0.9870 -0.1605
vn -0.0305 0.9988 -0.0383
vn 0.0305 0.9988 -0.0383
vn -0.0000 -0.9799 0.1993
vn -0.0000 0.9799 -0.1993
vn 0.0305 -0.9982 0.0520
vn -0.2300 0.0440 0.9722
vn -0.1991 -0.0389 -0.9792
vn -0.0000 -0.9870 0.1605
vn -0.0000 0.0452 0.9990
vn 0.9757 0.0099 0.2190
vn 0.2007 0.0389 0.9789
vn 0.0302 0.9886 -0.1476
vn 0.0301 -0.9846 0.1720
vn -0.0000 -0.9977 0.0671
vn 0.2300 0.0440 0.9722
vn -0.0000 0.0397 0.9992
vn 0.0272 0.9795 -0.1997
vn 0.0274 0.9974 0.0668
vn 0.1991 -0.0389 -0.9792
vn -0.0000 -0.9990 0.0452
vn 0.0275 0.9973 -0.0676
vn 0.0274 -0.9973 -0.0678
vn 0.0272 -0.9797 0.1987
vn 0.0301 0.9961 0.0824
vn -0.0305 -0.9982 0.0520
vn 0.0275 -0.9974 0.0665
vn -0.9757 0.0099 0.2190
vn -0.0275 -0.9974 0.0665
vn 0.0302 -0.9979 -0.0578
vn -0.0302 0.9886 -0.1476
vn -0.0301 -0.9846 0.1720
vn -0.0275 0.9973 -0.0676
vn 0.2817 -0.0433 -0.9585
vn -0.0272 0.9795 -0.1997
vn -0.0274 0.9974 0.0668
vn -0.0274 -0.9973 -0.0678
vn 0.9998 -0.0008 -0.0194
vn -0.0272 -0.9797 0.1987
vn -0.2817 -0.0433 -0.9585
vn -0.0302 -0.9979 -0.0578
vn -0.9998 -0.0008 -0.0194
vn -0.0301 0.9961 0.0824
vn -0.5889 0.7725 -0.2376
vn -0.1482 0.9887 0.0204
vn -0.9864 -0.0395 0.1595
vn -0.9802 -0.1977 0.0130
vn -0.9794 0.2018 0.0025
vn -0.6604 0.7508 0.0155
vn -0.9791 0.2033 -0.0016
vn -0.9773 -0.2119 -0.0044
vn -0.5234 -0.6984 0.4882
vn -0.1482 0.9890 -0.0007
vn -0.9794 0.2018 0.0042
vn -0.6615 0.7500 -0.0005
vn 0.0744 -0.9972 0.0007
vn -0.6336 0.5413 0.5528
vn -0.5756 -0.8164 0.0470
vn -0.6733 0.7385 -0.0370
vn -0.6733 0.7385 -0.0369
vn -0.5773 -0.8165 0.0078
vn -0.5779 -0.8161 0.0006
vn 0.0797 -0.9967 -0.0146
vn -0.6615 0.7499 0.0092
vn -0.9794 0.2018 0.0001
vn -0.0784 -0.0177 0.9968
vn -0.1172 0.6692 0.7337
vn -0.9773 -0.2120 0.0002
vn 0.0745 -0.9972 -0.0006
vn -0.9637 0.2666 0.0172
vn -0.5787 -0.8153 -0.0168
vn -0.5779 -0.8161 -0.0101
vn -0.6614 0.7499 0.0155
vn -0.6625 0.7490 -0.0067
vn -0.6615 0.7500 0.0004
vn -0.1465 0.9890 0.0206
vn 0.0671 -0.9885 0.1357
vn -0.9625 0.2667 -0.0488
vn -0.1626 0.9853 -0.0531
vn -0.0604 -0.8174 0.5729
vn -0.6025 0.0219 0.7978
vn -0.7227 0.6791 -0.1289
vn -0.1482 0.9889 0.0121
vn 0.0733 -0.9957 0.0575
vn 0.0733 -0.9956 0.0575
vn -0.1497 0.9887 -0.0091
vn -0.1482 0.9890 0.0006
vn -0.9776 -0.2106 0.0021
vn -0.9767 0.2144 -0.0080
vn -0.9773 -0.2120 -0.0001
vn -0.9958 -0.0895 0.0209
vn 0.9773 -0.2120 0.0002
vn 0.9773 -0.2119 -0.0044
vn -0.0797 -0.9967 -0.0146
vn 0.1627 0.9852 -0.0531
vn 0.9791 0.2033 -0.0016
vn 0.5889 0.7725 -0.2376
vn 0.6611 0.7502 0.0092
vn 0.6625 0.7490 -0.0067
vn -0.0734 -0.9956 0.0575
vn -0.0735 -0.9956 0.0575
vn -0.0745 -0.9972 0.0007
vn -0.0743 -0.9972 -0.0006
vn 0.5773 -0.8165 0.0078
vn 0.7227 0.6790 -0.1289
vn 0.1482 0.9889 0.0121
vn 0.6614 0.7499 0.0155
vn -0.0671 -0.9885 0.1357
vn 0.6733 0.7385 -0.0370
vn 0.5776 -0.8163 -0.0101
vn 0.5788 -0.8153 -0.0168
vn 0.9802 -0.1977 0.0130
vn 0.6603 0.7508 0.0155
vn 0.1482 0.9890 -0.0007
vn 0.1497 0.9887 -0.0091
vn 0.9776 -0.2106 0.0021
vn 0.6615 0.7500 -0.0005
vn 0.1465 0.9890 0.0206
vn 0.5756 -0.8163 0.0470
vn 0.9794 0.2018 0.0042
vn 0.9794 0.2019 0.0025
vn 0.1482 0.9890 0.0006
vn 0.5779 -0.8161 0.0006
vn 0.6615 0.7499 0.0004
vn 0.1482 0.9887 0.0204
vn 0.9958 -0.0895 0.0209
vn 0.9637 0.2666 0.0172
vn 0.0604 -0.8174 0.5729
vn 0.5234 -0.6984 0.4882
vn 0.1173 0.6692 0.7337
vn 0.0784 -0.0177 0.9968
vn 0.9626 0.2666 -0.0487
vn 0.9626 0.2666 -0.0488
vn 0.9864 -0.0395 0.1595
vn 0.6335 0.5413 0.5528
vn 0.6025 0.0219 0.7978
vn -0.7016 0.7076 -0.0837
vn 0.9767 0.2144 -0.0080
vn 0.9794 0.2018 0.0001
vn 0.9773 -0.2120 -0.0001
vn -0.0000 -0.0000 1.0000
vn -0.3892 -0.0237 0.9208
vn -0.5809 -0.8138 -0.0156
vn -0.9794 0.2020 0.0039
vn -0.1481 0.9888 0.0192
vn -0.9792 0.2028 -0.0017
vn -0.5524 -0.8262 0.1107
vn -0.9690 0.2459 -0.0224
vn -0.3130 -0.0400 -0.9489
vn -0.3457 0.2800 -0.8956
vn -0.3456 0.2800 -0.8956
vn -0.6613 0.7500 0.0146
vn -0.6783 0.7345 -0.0201
vn -0.0270 -0.9985 -0.0486
vn 0.2070 0.9783 0.0022
vn -0.9898 -0.1409 0.0223
vn -0.9898 -0.1409 0.0222
vn -0.2558 0.9496 -0.1812
vn -0.5739 -0.8175 -0.0477
vn -0.9601 0.2001 -0.1953
vn 0.0019 -0.8786 -0.4775
vn -0.2054 0.9749 0.0864
vn -0.9778 -0.2085 -0.0184
vn -0.5275 -0.8326 0.1688
vn 0.9773 -0.2121 -0.0026
vn -0.9596 -0.1474 -0.2398
vn -0.0354 -0.0551 -0.9979
vn -0.0519 0.3071 -0.9503
vn 0.9688 0.2142 0.1245
vn -0.0012 -1.0000 0.0003
vn -0.0000 -0.0000 -1.0000
vn 0.9775 -0.2111 -0.0041
vn 0.7016 0.7076 -0.0837
vn 0.9794 0.2020 0.0039
vn 0.1481 0.9888 0.0192
vn 0.4742 -0.7727 -0.4219
vn 0.5809 -0.8138 -0.0156
vn 0.9690 0.2459 -0.0224
vn 0.3457 0.2800 -0.8956
vn 0.3130 -0.0399 -0.9489
vn 0.3130 -0.0400 -0.9489
vn 0.5524 -0.8262 0.1107
vn 0.0270 -0.9985 -0.0486
vn 0.6783 0.7345 -0.0202
vn 0.9779 -0.2012 0.0566
vn 0.6613 0.7500 0.0146
vn 0.9898 -0.1409 0.0222
vn 0.9898 -0.1409 0.0223
vn 0.2558 0.9496 -0.1812
vn 0.2135 0.9689 -0.1253
vn 0.5743 -0.8173 -0.0478
vn -0.2226 -0.3041 -0.9262
vn 0.9601 0.2001 -0.1953
vn -0.0018 -0.8786 -0.4775
vn 0.4707 0.2837 0.8354
vn 0.2054 0.9749 0.0864
vn 0.2054 0.9749 0.0865
vn 0.9792 0.2028 -0.0017
vn 0.9778 -0.2085 -0.0184
vn 0.5275 -0.8326 0.1688
vn 0.0354 -0.0551 -0.9979
vn 0.9596 -0.1474 -0.2398
vn 0.8324 0.5542 0.0029
vn 0.0519 0.3071 -0.9503
vn 0.4284 -0.2514 -0.8679
vn 0.0013 -1.0000 0.0003
vn -0.0191 -0.4645 -0.8854
vn -0.9998 0.0102 -0.0171
vn 0.9790 -0.1601 0.1262
vn 0.9792 -0.1589 0.1264
vn -0.9991 0.0401 -0.0123
vn 0.1818 0.9822 -0.0466
vn 0.1818 0.9822 -0.0467
vn 0.1023 0.9948 0.0006
vn -0.9994 -0.0296 -0.0198
vn -0.3996 -0.0438 0.9156
vn -0.2241 -0.3058 0.9253
vn -0.3762 -0.0207 -0.9263
vn -0.0009 -1.0000 0.0001
vn 0.2430 0.9667 -0.0800
vn 0.9699 0.2090 0.1246
vn 0.8735 0.4868 0.0055
vn -0.0112 -0.4051 -0.9142
vn 0.8786 0.4613 -0.1237
vn 0.8785 0.4614 -0.1237
vn 0.0012 -0.3991 0.9169
vn -0.9992 0.0399 -0.0067
vn 0.8335 0.4804 0.2730
vn 0.4754 0.2838 -0.8327
vn -0.9940 -0.1072 -0.0207
vn 0.0002 0.0744 0.9972
vn -0.0186 -0.5779 0.8159
vn -0.3840 0.0095 0.9233
vn -0.0014 1.0000 -0.0010
vn 0.0002 0.0743 -0.9972
vn -0.0113 -0.4049 0.9143
vn 0.4265 -0.2502 0.8692
vn -0.0008 -1.0000 0.0006
vn -0.3117 0.0198 -0.9500
vn 0.2555 0.9668 0.0087
vn -0.9688 0.2141 0.1244
vn 0.0186 -0.5779 -0.8159
vn -0.9784 -0.1983 0.0587
vn 0.3892 -0.0237 0.9208
vn -0.2068 0.9784 0.0023
vn 0.0014 -1.0000 0.0006
vn 0.3118 0.0198 -0.9500
vn -0.8325 0.5540 0.0028
vn -0.2555 0.9668 0.0087
vn 0.0010 -1.0000 0.0007
vn -0.4265 -0.2502 0.8692
vn -0.0002 0.0744 -0.9972
vn -0.0013 -1.0000 0.0003
vn -0.9779 -0.2012 0.0566
vn 0.0113 -0.4049 0.9143
vn 0.2226 -0.3041 -0.9263
vn 0.0014 1.0000 -0.0010
vn -0.8786 0.4613 -0.1237
vn -0.0002 0.0744 0.9972
vn 0.3840 0.0095 0.9233
vn -0.0011 -0.3990 0.9169
vn 0.0186 -0.5779 0.8159
vn 0.9992 0.0400 -0.0067
vn 0.0011 -1.0000 0.0001
vn -0.8335 0.4804 0.2729
vn -0.8335 0.4805 0.2729
vn 0.9940 -0.1072 -0.0207
vn -0.8735 0.4868 0.0055
vn -0.4754 0.2838 -0.8327
vn 0.9994 -0.0296 -0.0198
vn 0.9998 0.0102 -0.0170
vn 0.3996 -0.0439 0.9156
vn 0.0191 -0.4645 -0.8854
vn -0.1818 0.9822 -0.0467
vn -0.1820 0.9822 -0.0468
vn 0.2241 -0.3058 0.9253
vn 0.2240 -0.3058 0.9253
vn 0.3762 -0.0207 -0.9263
vn -0.1023 0.9948 0.0006
vn -0.4707 0.2838 0.8354
vn 0.0113 -0.4050 -0.9142
vn 0.9991 0.0401 -0.0123
vn 0.0009 -1.0000 0.0001
vn -0.4283 -0.2514 -0.8679
vn -0.9790 -0.1601 0.1262
vn 0.9927 -0.1047 0.0595
vn 0.1048 0.9945 0.0006
vn 0.1863 0.9813 -0.0479
vn 0.4764 0.2773 -0.8344
vn 0.4764 0.2772 -0.8344
vn -0.3892 -0.0231 0.9209
vn 0.9789 -0.1964 0.0567
vn -0.9996 0.0244 -0.0131
vn -0.0187 -0.5682 -0.8227
vn -0.0015 1.0000 -0.0010
vn 0.6180 0.7714 -0.1514
vn 0.6181 0.7714 -0.1514
vn -0.3997 -0.0427 0.9156
vn 0.4291 -0.2456 -0.8693
vn 0.9745 0.2102 0.0784
vn -0.9997 0.0201 -0.0123
vn 0.0007 -1.0000 0.0007
vn 0.2387 0.9667 0.0922
vn 0.4272 -0.2443 0.8705
vn -0.3763 -0.0202 -0.9263
vn 0.2123 0.9772 0.0021
vn -0.0191 -0.4645 0.8854
vn 0.9796 -0.1562 0.1263
vn 0.9707 -0.2341 0.0542
vn -0.3450 -0.0024 0.9386
vn 0.0001 0.0383 0.9993
vn -0.3727 0.0071 -0.9279
vn 0.6896 0.7217 0.0595
vn 0.4716 0.2772 0.8371
vn -0.3382 0.0001 -0.9411
vn 0.0011 -0.3994 -0.9168
vn -0.0113 -0.3964 0.9180
vn -0.0187 -0.5682 0.8227
vn -0.0192 -0.4553 -0.8901
vn -0.3840 0.0093 0.9233
vn -0.9998 0.0100 -0.0171
vn 0.8787 0.4774 0.0055
vn 0.8832 0.4522 -0.1243
vn 0.8832 0.4521 -0.1243
vn -0.0000 0.0376 -0.9993
vn -0.9992 0.0390 -0.0067
vn 0.8382 0.4712 0.2745
vn 0.2616 0.9651 0.0089
vn 0.9801 -0.1925 0.0480
vn 0.1828 0.9819 0.0499
vn -0.2232 -0.2972 -0.9284
vn -0.3851 -0.0421 -0.9219
vn 0.9763 -0.1879 0.1077
vn -0.9943 -0.1046 -0.0207
vn -0.2246 -0.2989 0.9275
vn -0.3178 0.0226 0.9479
vn -0.0016 1.0000 -0.0004
vn 0.5915 0.7743 0.2249
vn 0.5916 0.7743 0.2249
vn 0.0012 -0.3906 0.9206
vn 0.9729 0.1817 0.1427
vn 0.8385 0.5448 0.0031
vn -0.9994 -0.0289 -0.0198
vn -0.3118 0.0100 -0.9501
vn -0.3116 -0.0283 -0.9498
vn -0.0113 -0.3965 -0.9179
vn -0.2430 0.9667 -0.0801
vn -0.9699 0.2090 0.1246
vn 0.0187 -0.5682 -0.8227
vn -0.9927 -0.1046 0.0594
vn 0.3892 -0.0232 0.9209
vn -0.2119 0.9773 0.0024
vn -0.6896 0.7217 0.0595
vn 0.9996 0.0244 -0.0131
vn 0.3118 0.0100 -0.9501
vn -0.8385 0.5448 0.0031
vn -0.0007 -1.0000 0.0007
vn -0.2616 0.9651 0.0089
vn 0.0191 -0.4645 0.8854
vn -0.2387 0.9667 0.0921
vn -0.9745 0.2102 0.0784
vn -0.9801 -0.1925 0.0480
vn -0.4272 -0.2443 0.8705
vn -0.0011 -0.3994 -0.9168
vn -0.0001 0.0380 -0.9993
vn 0.3382 0.0001 -0.9411
vn -0.9789 -0.1964 0.0567
vn 0.0113 -0.3964 0.9180
vn 0.2231 -0.2972 -0.9284
vn 0.0015 1.0000 -0.0010
vn -0.5915 0.7743 0.2249
vn -0.5916 0.7743 0.2249
vn -0.8832 0.4522 -0.1243
vn -0.8832 0.4522 -0.1242
vn 0.3727 0.0071 -0.9279
vn -0.9707 -0.2341 0.0542
vn -0.0001 0.0383 0.9993
vn 0.3840 0.0093 0.9233
vn -0.0012 -0.3906 0.9206
vn 0.3850 -0.0422 -0.9220
vn 0.3450 -0.0024 0.9386
vn 0.0187 -0.5682 0.8227
vn 0.9992 0.0390 -0.0067
vn -0.9730 0.1817 0.1427
vn -0.9729 0.1817 0.1427
vn -0.8383 0.4711 0.2745
vn 0.9943 -0.1046 -0.0207
vn -0.1828 0.9819 0.0499
vn -0.9763 -0.1879 0.1076
vn -0.8786 0.4774 0.0056
vn -0.4764 0.2772 -0.8344
vn 0.3178 0.0226 0.9479
vn 0.0018 1.0000 -0.0003
vn 0.9994 -0.0289 -0.0198
vn 0.9998 0.0100 -0.0170
vn 0.3996 -0.0428 0.9157
vn 0.0192 -0.4553 -0.8901
vn -0.1863 0.9813 -0.0479
vn -0.1865 0.9813 -0.0480
vn 0.2246 -0.2989 0.9275
vn 0.3762 -0.0202 -0.9263
vn -0.1048 0.9945 0.0006
vn -0.4716 0.2772 0.8371
vn 0.0113 -0.3965 -0.9180
vn 0.9997 0.0201 -0.0123
vn -0.6180 0.7714 -0.1514
vn -0.6181 0.7714 -0.1514
vn -0.4290 -0.2455 -0.8693
vn -0.9796 -0.1562 0.1263
vn 0.6273 0.7634 -0.1537
vn -0.2778 -0.2763 -0.9201
vn 0.9936 -0.1012 0.0497
vn 0.9771 -0.1833 0.1077
vn -0.7075 -0.7066 -0.0093
vn -0.3716 -0.1963 0.9074
vn 0.9745 0.2243 0.0004
vn 0.2444 0.9651 0.0943
vn -0.0016 1.0000 -0.0005
vn 0.8774 0.4798 0.0005
vn 0.7525 0.4734 0.4578
vn 0.7670 0.6416 0.0065
vn -0.3179 0.0114 0.9481
vn 0.0094 -0.0056 -0.9999
vn 0.9737 0.1773 0.1428
vn -0.3175 -0.0263 0.9479
vn 0.0011 -0.3909 -0.9204
vn -0.9936 -0.1124 -0.0120
vn -0.3850 -0.0411 -0.9220
vn -0.0145 0.0457 -0.9988
vn -0.3778 -0.2068 0.9025
vn 0.9745 0.2245 0.0004
vn 0.1873 0.9810 0.0512
vn 0.6987 0.7129 0.0603
vn 0.9756 0.2052 0.0784
vn 0.0092 -0.0056 0.9999
vn -0.9996 0.0238 -0.0132
vn 0.2488 0.9651 -0.0819
vn 0.3759 0.9028 -0.2091
vn 0.3758 0.9028 -0.2091
vn -0.3135 -0.2360 0.9198
vn -0.0018 1.0000 -0.0003
vn -0.8405 -0.5416 -0.0167
vn -0.8752 -0.4836 -0.0146
vn -0.8914 -0.4528 -0.0189
vn 0.3657 0.9307 -0.0005
vn 0.7196 0.6047 -0.3415
vn 0.8774 0.4797 0.0003
vn -0.3083 -0.2290 -0.9233
vn 0.9908 -0.1239 0.0538
vn 0.0003 0.0745 -0.9972
vn 0.7336 0.5565 -0.3900
vn -0.0148 0.0463 0.9988
vn 0.3758 0.9026 0.2100
vn 0.3759 0.9026 0.2100
vn 0.6935 0.5828 0.4235
vn -0.2814 -0.2810 0.9175
vn -0.3672 -0.2017 -0.9080
vn -0.0192 -0.4553 0.8901
vn -0.3727 0.0070 -0.9279
vn 0.8774 0.4797 0.0013
vn 0.0003 0.0744 0.9972
vn -0.3614 -0.1903 -0.9128
vn 0.6005 0.7664 0.2283
vn 0.9742 0.2256 0.0014
vn 0.3117 -0.0283 -0.9498
vn 0.3116 -0.0283 -0.9498
vn -0.9745 0.2243 0.0005
vn -0.6273 0.7634 -0.1537
vn -0.9771 -0.1833 0.1077
vn -0.2488 0.9651 -0.0820
vn -0.2443 0.9651 0.0943
vn -0.2444 0.9651 0.0943
vn 0.8405 -0.5416 -0.0166
vn -0.0011 -0.3910 -0.9204
vn 0.3135 -0.2360 0.9198
vn 0.3715 -0.1963 0.9074
vn 0.3715 -0.1965 0.9074
vn 0.9996 0.0238 -0.0132
vn -0.0003 0.0744 0.9972
vn -0.0094 -0.0056 -0.9999
vn -0.8774 0.4797 0.0002
vn -0.7526 0.4734 0.4577
vn -0.7526 0.4734 0.4576
vn 0.9936 -0.1124 -0.0120
vn 0.3850 -0.0411 -0.9220
vn -0.9737 0.1773 0.1428
vn 0.3179 0.0114 0.9481
vn 0.3083 -0.2290 -0.9233
vn -0.9908 -0.1239 0.0538
vn -0.6987 0.7129 0.0603
vn 0.8752 -0.4836 -0.0146
vn -0.1873 0.9810 0.0512
vn -0.6005 0.7664 0.2283
vn -0.6005 0.7663 0.2283
vn -0.9936 -0.1012 0.0497
vn -0.9756 0.2052 0.0784
vn 0.0019 1.0000 -0.0003
vn 0.0192 -0.4553 0.8901
vn 0.3778 -0.2068 0.9025
vn 0.3727 0.0070 -0.9279
vn -0.0092 -0.0056 0.9999
vn 0.8914 -0.4528 -0.0189
vn -0.1257 0.9326 -0.3382
vn -0.9794 0.2018 -0.0001
vn -0.5779 -0.8161 -0.0005
vn -0.7336 0.5565 -0.3900
vn -0.8774 0.4797 0.0013
vn -0.3653 0.9309 0.0003
vn 0.0148 0.0463 0.9988
vn -0.0003 0.0745 -0.9972
vn -0.6935 0.5828 0.4236
vn 0.7075 -0.7066 -0.0093
vn 0.2814 -0.2810 0.9175
vn 0.3614 -0.1903 -0.9128
vn -0.7670 0.6416 0.0065
vn -0.3758 0.9028 -0.2092
vn -0.3759 0.9028 -0.2091
vn 0.2778 -0.2763 -0.9201
vn -0.3759 0.9026 0.2098
vn 0.3175 -0.0262 0.9479
vn -0.7196 0.6047 -0.3414
vn -0.9745 0.2246 0.0003
vn -0.9742 0.2256 0.0014
vn 0.0145 0.0457 -0.9988
vn 0.3672 -0.2017 -0.9080
vn -0.8774 0.4797 0.0004
vn -0.0732 -0.9957 0.0575
vn 0.0748 -0.9971 -0.0123
vn 0.0751 -0.9971 -0.0123
vn -0.0746 -0.9971 -0.0123
vn -0.0746 -0.9972 0.0096
vn -0.0648 -0.9887 0.1352
vn 0.0755 -0.9969 -0.0205
vn 0.0745 -0.9972 0.0096
vn 0.0743 -0.9972 0.0096
vn -0.0759 -0.9969 -0.0205
vn 0.5779 -0.8161 -0.0005
vn -0.9775 -0.2111 -0.0041
vn -0.2135 0.9689 -0.1253
vn -0.0186 -0.5779 -0.8159
vn -0.4742 -0.7727 -0.4219
vn 0.1257 0.9326 -0.3382
vn 0.9784 -0.1984 0.0587
vn 0.9794 0.2018 -0.0001
vn -0.9773 -0.2119 -0.0026
vn -0.2007 0.0389 0.9789
vn -0.0748 -0.9971 -0.0123
vn -0.0747 -0.9971 -0.0123
vn 0.0746 -0.9972 0.0096
vn 0.0746 -0.9971 -0.0123
vn 0.0758 -0.9969 -0.0205
vn -0.0738 -0.9972 0.0096
vn -0.0755 -0.9969 -0.0205
vn 0.0732 -0.9957 0.0575
vn 0.0648 -0.9887 0.1352
vn 0.0746 -0.9972 -0.0006
vn 0.0746 -0.9972 0.0007
vn 0.0931 -0.9955 -0.0174
vn 0.1060 -0.9745 0.1975
vn -0.0578 -0.9798 0.1917
vn -0.0000 0.9977 0.0673
vn -0.0000 -0.9977 -0.0673
vn -0.0000 -0.0397 -0.9992
vn -0.0000 0.9977 -0.0671
vn -0.0000 0.9975 0.0708
vn -0.0000 -0.9975 -0.0708
vn -0.0000 -0.0452 -0.9990
vn -0.0000 0.9990 -0.0452
vn -0.0746 -0.9972 -0.0006
vn -0.0746 -0.9972 0.0007
vn -0.0931 -0.9955 -0.0174
vn -0.1060 -0.9745 0.1975
vn 0.0578 -0.9798 0.1917
vn -0.0004 0.0337 0.9994
vn 0.9862 0.1654 -0.0052
vn 0.0004 0.0337 0.9994
vn -0.9862 0.1654 -0.0052
vn 0.1654 0.9857 -0.0333
vn 0.9862 -0.1654 0.0052
vn -0.0004 -0.0337 -0.9994
vn 0.4039 -0.8909 0.2079
vn 0.6747 0.7220 0.1535
vn 0.4037 -0.9029 -0.1478
vn 0.6746 0.7100 -0.2022
vn -0.6746 -0.7100 0.2022
vn -0.4038 0.9028 0.1478
vn -0.6746 -0.7220 -0.1534
vn -0.4040 0.8908 -0.2079
vn 0.4104 -0.9114 0.0305
vn 0.9379 -0.1468 0.3142
vn 0.6856 0.7276 -0.0248
vn 0.9377 -0.1677 -0.3043
vn -0.1617 -0.9703 -0.1799
vn 0.1616 0.9560 -0.2449
vn -0.9379 0.1468 -0.3142
vn -0.6856 -0.7276 0.0248
vn -0.4105 0.9114 -0.0305
vn -0.9377 0.1677 0.3044
vn -0.1616 -0.9560 0.2449
vn 0.1617 0.9703 0.1799
vn -0.1654 -0.9857 0.0333
vn -0.1654 0.9857 -0.0333
vn -0.9862 -0.1654 0.0052
vn 0.0004 -0.0337 -0.9994
vn -0.4039 -0.8909 0.2079
vn -0.6747 0.7220 0.1535
vn -0.4037 -0.9029 -0.1478
vn -0.6746 0.7100 -0.2022
vn 0.6746 -0.7100 0.2022
vn 0.4038 0.9028 0.1478
vn 0.6746 -0.7220 -0.1534
vn 0.4040 0.8908 -0.2079
vn -0.4104 -0.9114 0.0305
vn -0.9379 -0.1468 0.3142
vn -0.6855 0.7276 -0.0248
vn -0.9377 -0.1677 -0.3043
vn 0.1617 -0.9703 -0.1799
vn -0.1616 0.9560 -0.2449
vn 0.9379 0.1468 -0.3142
vn 0.6856 -0.7276 0.0248
vn 0.4105 0.9114 -0.0305
vn 0.9377 0.1677 0.3044
vn 0.1616 -0.9560 0.2449
vn -0.1617 0.9703 0.1799
vn 0.1654 -0.9857 0.0333
vn -0.1688 -0.9836 -0.0633
vn -0.1688 -0.9836 0.0633
vn 0.1688 -0.9836 0.0633
vn 0.2859 -0.9522 -0.1072
vn 0.2859 -0.9523 0.1072
vn 0.1688 -0.9836 -0.0633
vn 0.0633 -0.9836 -0.1688
vn -0.2859 -0.9523 0.1072
vn -0.2859 -0.9522 -0.1072
vn -0.0633 -0.9836 -0.1688
vn -0.0000 -1.0000 -0.0000
vn 0.1072 -0.9522 0.2859
vn -0.1072 -0.9523 0.2858
vn -0.0633 -0.9836 0.1688
vn 0.0633 -0.9836 0.1688
vn 0.3511 -0.0105 0.9363
vn -0.1072 -0.9522 -0.2859
vn 0.1072 -0.9522 -0.2859
vn 0.3017 -0.5113 0.8047
vn 0.9363 -0.0105 -0.3511
vn -0.3017 -0.5112 0.8047
vn -0.3511 -0.0105 0.9363
vn 0.8047 -0.5112 -0.3018
vn -0.3511 -0.0105 -0.9363
vn 0.8047 -0.5112 0.3017
vn 0.9363 -0.0105 0.3511
vn -0.3018 -0.5113 -0.8047
vn -0.9363 -0.0105 0.3511
vn 0.3018 -0.5113 -0.8047
vn 0.3511 -0.0105 -0.9363
vn -0.8047 -0.5112 0.3018
vn -0.5739 -0.7998 0.1762
vn -0.8047 -0.5112 -0.3018
vn -0.9363 -0.0105 -0.3511
vn -0.9355 -0.0320 0.3518
vn -0.1762 -0.7998 -0.5739
vn -0.9356 -0.0322 -0.3515
vn -0.5739 -0.7998 -0.1762
vn -0.3515 -0.0323 -0.9356
vn 0.5738 -0.7998 -0.1762
vn 0.3515 -0.0323 -0.9356
vn 0.1762 -0.7998 -0.5739
vn 0.9357 -0.0323 -0.3514
vn 0.1763 -0.7998 0.5739
vn 0.9357 -0.0323 0.3514
vn 0.5738 -0.7998 0.1762
vn 0.3515 -0.0322 0.9356
vn -0.9317 -0.0978 0.3497
vn -0.3515 -0.0322 0.9356
vn -0.1763 -0.7998 0.5739
vn -0.4986 0.8492 0.1737
vn -0.3497 -0.0977 -0.9317
vn -0.4986 0.8492 -0.1737
vn -0.9317 -0.0978 -0.3497
vn -0.1737 0.8492 -0.4986
vn 0.9317 -0.0978 -0.3497
vn 0.1737 0.8492 -0.4986
vn 0.3497 -0.0978 -0.9317
vn -0.2859 -0.9522 0.1072
vn 0.2859 -0.9523 -0.1072
vn -0.1072 -0.9522 0.2859
vn 0.3017 -0.5112 0.8047
vn -0.3018 -0.5112 0.8047
vn -0.8047 -0.5112 0.3017
vn -0.8047 -0.5113 -0.3018
vn 0.3017 -0.5113 -0.8047
vn 0.8047 -0.5113 0.3018
vn 0.5739 -0.7997 0.1763
vn 0.5739 -0.7998 -0.1762
vn 0.9356 -0.0322 -0.3515
vn 0.9358 -0.0326 0.3509
vn 0.1763 -0.7997 -0.5739
vn 0.3512 -0.0324 -0.9357
vn -0.5738 -0.7998 0.1762
vn -0.9357 -0.0323 0.3514
vn -0.9357 -0.0323 -0.3513
vn -0.1763 -0.7997 0.5739
vn -0.3514 -0.0323 0.9357
vn 0.9318 -0.0977 0.3497
vn 0.4986 0.8492 -0.1737
vn 0.4986 0.8492 0.1737
vn -0.3497 -0.0978 -0.9317
vn -0.1737 0.8493 -0.4986
vn -0.9318 -0.0977 -0.3497
vn -0.9317 -0.0977 0.3497
vn -0.3497 -0.0978 0.9317
vn 0.3497 -0.0978 0.9317
vn 0.1737 0.8493 0.4986
vn -0.1737 0.8492 0.4986
vn -0.0774 0.9940 -0.0774
vn -0.0774 0.9940 0.0774
vn 0.0774 0.9940 0.0774
vn 0.0774 0.9940 -0.0774
vn 0.9363 -0.0000 0.3511
vn 0.9363 -0.0000 -0.3511
vn 0.3511 -0.0000 -0.9363
vn -0.3511 -0.0000 -0.9363
vn -0.9363 -0.0000 -0.3511
vn -0.9363 -0.0000 0.3511
vn -0.3511 -0.0000 0.9363
vn 0.3511 -0.0000 0.9363
vn 0.9317 -0.0977 0.3497
vn -0.3497 -0.0979 0.9317
vn 0.1737 0.8492 0.4986
vn 0.9397 -0.1970 0.2794
vn 0.9697 -0.1996 0.1406
vn 0.9768 -0.1594 0.1431
vn -0.1828 0.9498 -0.2539
vn -0.2691 0.8998 -0.3434
vn -0.0515 0.9920 -0.1155
vn -0.8856 0.3933 -0.2469
vn -0.7112 0.6300 -0.3118
vn -0.8201 0.4207 -0.3879
vn 0.7538 -0.2612 0.6030
vn 0.4533 -0.6208 0.6396
vn 0.6439 -0.5047 0.5751
vn 0.8454 -0.3233 0.4252
vn 0.5984 -0.6084 0.5213
vn 0.8013 -0.4523 0.3916
vn 0.9010 -0.1656 0.4009
vn 0.3400 -0.7271 0.5965
vn 0.0778 0.9960 -0.0448
vn 0.0911 0.9956 -0.0239
vn 0.0760 0.9960 -0.0476
vn 0.8441 -0.5361 -0.0125
vn 0.7088 -0.7019 0.0695
vn 0.6715 -0.7408 -0.0160
vn 0.1071 0.9942 -0.0008
vn 0.0910 0.9956 -0.0240
vn 0.6034 -0.7962 0.0440
vn 0.9637 -0.2670 -0.0014
vn -0.9981 0.0229 -0.0566
vn -0.9981 0.0229 -0.0565
vn 0.9169 -0.2994 0.2637
vn 0.8973 -0.4261 0.1153
vn 0.1077 0.9942 -0.0000
vn 0.0919 0.9958 0.0024
vn 0.0597 0.9981 -0.0127
vn -0.0367 0.2264 0.9733
vn -0.0000 0.5755 0.8178
vn -0.0000 0.4662 0.8847
vn 0.6349 -0.3050 0.7098
vn 0.7637 -0.1049 0.6370
vn 0.6812 -0.1504 0.7165
vn -0.6500 0.5957 -0.4719
vn -0.0000 0.9320 -0.3625
vn -0.5635 0.6757 -0.4754
vn -0.6827 0.3847 -0.6212
vn -0.7161 0.6711 -0.1919
vn -0.3543 0.9343 -0.0389
vn -0.3498 0.9254 -0.1458
vn 0.6295 -0.6682 0.3965
vn 0.8203 -0.5647 -0.0902
vn 0.6681 -0.7425 -0.0481
vn -0.0000 0.9940 0.1097
vn -0.1326 0.9889 0.0672
vn -0.1274 0.9859 0.1088
vn -0.7457 0.0040 -0.6662
vn -0.8047 0.0858 -0.5875
vn -0.8107 0.0951 -0.5777
vn -0.8253 0.5624 0.0510
vn -0.7173 0.6930 0.0721
vn -0.7122 0.7008 0.0416
vn -0.8755 0.4797 0.0573
vn -0.8023 0.5927 0.0709
vn -0.6257 0.7801 0.0035
vn -0.7083 0.7012 -0.0813
vn -0.7021 0.7121 0.0041
vn -0.6706 0.7393 0.0615
vn -0.8476 0.5307 -0.0041
vn 0.1164 0.9895 -0.0858
vn 0.0953 0.9930 -0.0693
vn 0.1069 0.9890 -0.1025
vn 0.8165 -0.5764 -0.0331
vn 0.6656 -0.7463 -0.0091
vn -0.6608 0.7497 0.0349
vn -0.4485 0.8191 -0.3577
vn -0.0000 0.9920 -0.1265
vn -0.0000 0.7250 0.6887
vn -0.0337 0.2833 0.9584
vn -0.0416 0.7244 0.6881
vn -0.8763 0.4669 -0.1191
vn -0.9242 0.3552 -0.1406
vn -0.0000 1.0000 0.0027
vn -0.0863 0.9963 0.0028
vn -0.1139 0.9934 0.0122
vn -0.0439 0.9959 0.0786
vn -0.0000 0.9969 0.0787
vn -0.0000 0.9981 0.0616
vn -0.0000 0.9999 0.0126
vn 0.0529 -0.3394 -0.9392
vn -0.0000 -0.2787 -0.9604
vn 0.0349 -0.2785 -0.9598
vn 0.0819 -0.5845 -0.8072
vn -0.0000 -0.3567 -0.9342
vn 0.6397 -0.7684 -0.0182
vn 0.6341 -0.7732 -0.0066
vn 0.5959 -0.8008 -0.0608
vn 0.9383 -0.3195 -0.1323
vn 0.9032 -0.3892 -0.1812
vn 0.9257 -0.3289 -0.1869
vn -0.0000 -1.0000 0.0024
vn 0.0043 -1.0000 0.0014
vn 0.0090 -1.0000 0.0022
vn 0.0449 -0.9988 0.0216
vn -0.0000 -0.9978 0.0663
vn -0.0000 -0.9998 0.0222
vn 0.7170 -0.6104 0.3367
vn 0.7672 -0.6122 0.1912
vn -0.1108 -0.9782 0.1757
vn -0.0630 -0.9878 0.1425
vn 0.0442 -0.9855 -0.1637
vn -0.0000 -1.0000 0.0014
vn -0.0000 -0.9746 -0.2238
vn 0.0858 -0.8524 -0.5159
vn -0.0000 -0.8743 -0.4854
vn 0.9056 -0.1179 0.4075
vn -0.8507 0.3430 -0.3984
vn -0.7359 0.4828 -0.4746
vn 0.9581 -0.2802 -0.0589
vn 0.9141 -0.3856 -0.1250
vn -0.0696 0.5213 0.8505
vn 0.9375 -0.1978 0.2864
vn 0.1021 0.9886 -0.1108
vn 0.9361 -0.3473 -0.0561
vn -0.0000 -0.6287 -0.7777
vn 0.9493 0.1311 0.2856
vn 0.9755 -0.0284 0.2180
vn 0.9755 -0.0300 0.2180
vn 0.9106 0.2453 0.3327
vn 0.9105 0.2456 0.3327
vn 0.0935 0.9932 -0.0687
vn -0.0000 0.9999 -0.0137
vn 0.9802 -0.1982 0.0021
vn -0.6750 0.5579 -0.4828
vn -0.7197 0.6881 0.0920
vn -0.6788 0.7285 0.0926
vn 0.8253 -0.5405 -0.1632
vn -0.9116 0.3123 -0.2674
vn -0.8560 0.1733 -0.4870
vn -0.8563 0.1719 -0.4871
vn -0.7997 0.5961 0.0724
vn -0.8438 0.5326 0.0659
vn -0.8280 0.5574 0.0613
vn -0.9083 0.4183 -0.0075
vn -0.9768 -0.1594 0.1431
vn -0.9637 -0.2670 -0.0014
vn -0.9697 -0.1996 0.1406
vn -0.9397 -0.1970 0.2794
vn -0.9374 -0.1977 0.2867
vn 0.2691 0.8998 -0.3434
vn 0.1828 0.9498 -0.2539
vn 0.0515 0.9920 -0.1155
vn -0.8454 -0.3233 0.4252
vn -0.5984 -0.6084 0.5213
vn -0.6439 -0.5047 0.5751
vn -0.9010 -0.1656 0.4009
vn -0.0910 0.9956 -0.0240
vn -0.0778 0.9960 -0.0448
vn -0.0760 0.9960 -0.0476
vn -0.3400 -0.7271 0.5965
vn -0.4533 -0.6208 0.6396
vn -0.7088 -0.7019 0.0695
vn -0.8441 -0.5361 -0.0125
vn -0.6715 -0.7408 -0.0160
vn -0.6341 -0.7732 -0.0066
vn -0.6681 -0.7425 -0.0481
vn -0.5959 -0.8008 -0.0608
vn -0.1071 0.9942 -0.0008
vn -0.9032 -0.3892 -0.1812
vn -0.9383 -0.3195 -0.1323
vn -0.9257 -0.3289 -0.1869
vn 0.7997 0.5961 0.0724
vn 0.8438 0.5326 0.0659
vn 0.8023 0.5927 0.0709
vn -0.6034 -0.7962 0.0441
vn -0.6397 -0.7684 -0.0182
vn -0.0442 -0.9855 -0.1637
vn -0.0042 -1.0000 0.0014
vn -0.7672 -0.6122 0.1912
vn -0.9581 -0.2802 -0.0589
vn -0.9141 -0.3856 -0.1250
vn -0.9361 -0.3473 -0.0561
vn 0.4485 0.8191 -0.3577
vn 0.8201 0.4207 -0.3879
vn 0.6499 0.5957 -0.4719
vn 0.9981 0.0229 -0.0566
vn 0.0367 0.2264 0.9733
vn -0.1077 0.9942 -0.0000
vn -0.0919 0.9958 0.0024
vn -0.8973 -0.4261 0.1153
vn 0.3543 0.9343 -0.0389
vn 0.7161 0.6711 -0.1919
vn 0.3498 0.9254 -0.1458
vn -0.6523 -0.6431 0.4011
vn -0.8203 -0.5647 -0.0902
vn -0.8253 -0.5406 -0.1633
vn 0.7460 0.0044 -0.6660
vn 0.8047 0.0858 -0.5875
vn 0.7460 0.0044 -0.6659
vn 0.0337 0.2833 0.9584
vn 0.6827 0.3847 -0.6212
vn 0.1326 0.9889 0.0672
vn -0.9169 -0.2994 0.2637
vn 0.1108 -0.9782 0.1758
vn 0.0630 -0.9878 0.1425
vn 0.8107 0.0951 -0.5777
vn 0.8561 0.1735 -0.4869
vn 0.7173 0.6930 0.0721
vn 0.8253 0.5624 0.0510
vn 0.7122 0.7008 0.0416
vn 0.7112 0.6300 -0.3118
vn -0.9056 -0.1179 0.4075
vn -0.7538 -0.2612 0.6030
vn -0.7637 -0.1049 0.6370
vn 0.8755 0.4797 0.0573
vn 0.6706 0.7393 0.0615
vn 0.6608 0.7497 0.0349
vn 0.6257 0.7801 0.0035
vn 0.7083 0.7012 -0.0813
vn 0.8476 0.5307 -0.0041
vn 0.7021 0.7121 0.0044
vn -0.8165 -0.5764 -0.0331
vn -0.6656 -0.7463 -0.0091
vn -0.1164 0.9895 -0.0858
vn -0.0953 0.9930 -0.0693
vn -0.0935 0.9932 -0.0687
vn 0.9242 0.3552 -0.1406
vn 0.9083 0.4183 -0.0075
vn 0.8763 0.4669 -0.1192
vn 0.1139 0.9934 0.0122
vn -0.0529 -0.3394 -0.9392
vn -0.0349 -0.2785 -0.9598
vn 0.0439 0.9959 0.0786
vn -0.6349 -0.3050 0.7098
vn -0.6812 -0.1504 0.7165
vn 0.8856 0.3933 -0.2469
vn -0.0858 -0.8524 -0.5159
vn -0.0819 -0.5845 -0.8072
vn 0.5635 0.6757 -0.4754
vn 0.6646 0.5278 0.5289
vn -0.7170 -0.6104 0.3367
vn -0.8013 -0.4523 0.3916
vn 0.9116 0.3123 -0.2674
vn -0.0449 -0.9988 0.0216
vn -0.0090 -1.0000 0.0022
vn 0.7197 0.6881 0.0920
vn -0.0597 0.9981 -0.0127
vn 0.0696 0.5213 0.8505
vn 0.8507 0.3430 -0.3984
vn -0.9802 -0.1982 0.0021
vn -0.9105 0.2456 0.3327
vn -0.9594 0.0878 0.2679
vn -0.9105 0.2454 0.3327
vn 0.6750 0.5579 -0.4828
vn 0.7359 0.4828 -0.4746
vn -0.9494 0.1306 0.2856
vn -0.9755 -0.0294 0.2180
vn -0.1021 0.9886 -0.1108
vn -0.1069 0.9890 -0.1025
vn 0.6788 0.7285 0.0926
vn -0.9327 -0.0191 -0.3602
vn -0.8919 -0.0056 -0.4521
vn -0.8915 -0.0056 -0.4530
vn -0.9992 -0.0391 -0.0083
vn -0.9982 -0.0158 0.0581
vn -0.9981 -0.0149 0.0601
vn 0.0021 0.9857 -0.1685
vn -0.0872 0.9955 0.0381
vn 0.0841 0.9786 -0.1877
vn -0.4661 -0.8519 -0.2387
vn -0.4725 -0.8415 -0.2621
vn -0.4569 -0.8587 -0.2322
vn 0.0151 -0.9995 0.0291
vn 0.0356 -0.9984 0.0438
vn 0.0466 -0.9977 0.0499
vn 0.1856 0.9816 -0.0442
vn 0.0203 0.9989 -0.0422
vn 0.1889 0.9819 -0.0170
vn 0.2022 0.9769 0.0690
vn -0.0086 0.9984 -0.0555
vn 0.1879 0.9791 0.0782
vn 0.1230 -0.9856 0.1163
vn 0.1111 -0.9893 0.0945
vn 0.1244 -0.9843 0.1254
vn 0.0442 0.9616 -0.2710
vn 0.1087 0.9210 -0.3740
vn 0.0809 0.9634 -0.2554
vn -0.5368 -0.8359 0.1142
vn -0.4710 -0.8779 0.0868
vn -0.4627 -0.8828 0.0811
vn 0.0957 -0.9883 0.1191
vn 0.0363 -0.9917 0.1231
vn 0.0693 -0.9879 0.1384
vn 0.2684 0.9148 -0.3018
vn 0.1928 0.9354 -0.2963
vn 0.2334 0.8833 -0.4065
vn 0.0113 0.9993 -0.0363
vn -0.3593 0.8985 -0.2521
vn 0.1045 0.9676 -0.2300
vn 0.0820 0.9783 -0.1903
vn 0.0184 -0.3189 -0.9476
vn 0.0171 -0.0887 -0.9959
vn 0.0174 -0.2815 -0.9594
vn -0.4220 0.9022 -0.0897
vn -0.2887 0.9563 -0.0470
vn -0.4164 0.9080 -0.0470
vn 0.2162 0.9761 0.0237
vn 0.0356 0.9990 -0.0271
vn 0.2209 0.9736 0.0577
vn 0.2888 0.9517 -0.1046
vn 0.1131 0.9897 -0.0882
vn 0.0784 0.9936 -0.0810
vn -0.2505 0.9680 -0.0147
vn 0.9913 0.0241 0.1294
vn 0.9998 0.0166 0.0148
vn 0.9908 0.0245 0.1331
vn -0.4200 -0.8408 -0.3416
vn -0.2608 -0.8728 -0.4125
vn -0.4394 -0.8400 -0.3183
vn 0.0642 -0.9407 0.3330
vn 0.0775 -0.9481 0.3084
vn 0.0863 -0.8258 0.5573
vn 0.8423 -0.0031 0.5390
vn 0.9404 -0.1873 0.2837
vn 0.8372 -0.0027 0.5469
vn -0.0850 -0.9943 0.0649
vn -0.0101 -0.9928 0.1194
vn -0.0207 -0.9913 0.1299
vn -0.9722 -0.0427 -0.2301
vn -0.9921 -0.0532 -0.1137
vn -0.9926 -0.0531 -0.1091
vn -0.4478 -0.8917 -0.0654
vn -0.1607 -0.9867 0.0260
vn -0.4537 -0.8876 -0.0800
vn 0.6225 -0.7584 0.1932
vn 0.6157 -0.7788 0.1195
vn 0.6229 -0.7535 0.2103
vn -0.4579 -0.8739 -0.1631
vn -0.4494 -0.8698 -0.2036
vn -0.4617 -0.8760 -0.1397
vn 0.5631 -0.8182 -0.1162
vn 0.5934 -0.7995 -0.0929
vn 0.6315 -0.7729 -0.0619
vn 0.0294 -0.7453 0.6661
vn 0.0501 -0.7394 0.6713
vn 0.0711 -0.7332 0.6763
vn 0.9727 0.1711 0.1566
vn 0.8728 0.4305 0.2298
vn 0.9249 0.1946 0.3267
vn 0.0962 -0.9942 0.0485
vn -0.1595 -0.9862 0.0455
vn 0.0648 -0.9960 0.0619
vn 0.0695 -0.9954 0.0654
vn 0.9224 0.0171 0.3859
vn 0.9637 0.0253 0.2657
vn 0.9212 0.0168 0.3887
vn 0.9013 -0.1838 0.3922
vn 0.6373 -0.4201 0.6460
vn 0.7104 -0.3599 0.6049
vn 0.0100 -0.7504 0.6609
vn 0.0100 -0.7504 0.6610
vn 0.1535 0.9502 -0.2712
vn 0.1695 0.9547 -0.2446
vn 0.6233 -0.7820 0.0048
vn 0.6510 -0.7588 -0.0202
vn 0.6531 -0.7569 -0.0240
vn 0.0189 -0.1676 -0.9857
vn 0.0143 0.1536 -0.9880
vn 1.0000 -0.0000 -0.0000
vn 0.0583 0.9931 -0.1018
vn 0.0586 0.9812 -0.1841
vn -0.4342 0.8806 -0.1899
vn -0.2889 0.9505 -0.1148
vn -0.4243 0.8949 -0.1381
vn 0.9930 -0.0058 -0.1181
vn 0.9971 0.0076 -0.0763
vn 0.9929 -0.0062 -0.1185
vn 0.1005 0.9839 -0.1478
vn 0.0802 -0.9948 0.0633
vn 0.0828 -0.9942 0.0682
vn 0.0825 -0.9946 0.0630
vn 0.0146 -0.9758 -0.2184
vn 0.0059 -0.9996 0.0267
vn 0.0029 -1.0000 0.0038
vn -0.4316 0.1523 -0.8891
vn -0.4881 0.0064 -0.8728
vn -0.3956 0.1807 -0.9005
vn -0.1535 0.9502 -0.2712
vn -0.1087 0.9210 -0.3740
vn -0.0809 0.9634 -0.2554
vn -0.4427 0.8965 -0.0157
vn -0.2887 0.9567 -0.0364
vn -0.2922 0.9557 -0.0349
vn -0.5391 -0.8207 0.1890
vn -0.5529 -0.8169 0.1641
vn -0.5634 -0.8135 0.1438
vn -0.4979 -0.1155 -0.8595
vn -0.4836 -0.0970 -0.8699
vn 0.0103 -0.9722 -0.2339
vn 0.0191 -0.8910 -0.4536
vn 0.0061 -0.8880 -0.4598
vn 0.2580 -0.2399 0.9359
vn 0.2808 -0.3740 0.8839
vn 0.5613 -0.2914 0.7746
vn -0.6229 -0.7535 0.2103
vn -0.6204 -0.7340 0.2765
vn -0.6179 -0.7269 0.2998
vn -0.9949 0.0114 0.1002
vn -0.2209 0.9736 0.0577
vn -0.0113 0.9993 -0.0363
vn -0.0356 0.9990 -0.0271
vn 0.0922 -0.9941 0.0573
vn -0.9838 0.0627 0.1681
vn -0.9768 0.0827 0.1978
vn -0.0037 0.9902 0.1397
vn -0.0116 0.9999 -0.0069
vn 0.0858 -0.9945 0.0608
vn 0.0872 -0.9945 0.0582
vn 0.0046 0.4797 0.8774
vn 0.0039 0.4888 0.8724
vn 0.0055 0.5236 0.8519
vn 0.6204 -0.7340 0.2765
vn 0.6179 -0.7269 0.2998
vn 0.1228 -0.9826 0.1394
vn 0.1165 -0.9827 0.1437
vn 0.0918 -0.9850 0.1461
vn -0.4173 -0.9080 0.0375
vn -0.0612 0.8436 -0.5335
vn -0.1456 0.9156 -0.3748
vn -0.3285 0.8284 -0.4537
vn -0.4394 -0.0003 -0.8983
vn 0.0047 0.5766 0.8170
vn 0.0003 0.6759 0.7370
vn -0.5613 0.0353 -0.8269
vn -0.5833 -0.0289 -0.8117
vn 0.0069 0.9353 -0.3538
vn 0.6756 0.5595 0.4801
vn 0.7252 0.5007 0.4726
vn 0.6068 0.6293 0.4855
vn 0.6211 -0.7837 0.0061
vn 0.6045 -0.7953 0.0462
vn 0.6046 -0.7951 0.0469
vn -0.4301 0.9028 0.0072
vn 0.2505 -0.2044 0.9463
vn 0.2876 -0.1953 0.9376
vn 0.2473 -0.1642 0.9549
vn 0.0160 -0.4389 -0.8984
vn 0.2305 0.9699 -0.0788
vn 0.0411 0.9972 -0.0627
vn 0.1750 -0.2795 0.9440
vn -0.4623 -0.2104 -0.8614
vn -0.5613 -0.2914 0.7746
vn -0.9249 0.1946 0.3267
vn -0.9013 -0.1838 0.3922
vn 0.0362 0.9988 -0.0331
vn -0.0129 0.9993 -0.0344
vn -0.9338 -0.0196 -0.3573
vn -0.9713 -0.0419 -0.2342
vn -0.2039 0.9659 0.1594
vn 0.0108 0.9592 0.2826
vn 0.0085 0.9984 -0.0554
vn 0.3090 0.8976 -0.3144
vn 0.3593 0.8985 -0.2521
vn 0.0773 0.9960 -0.0454
vn 0.2876 0.9484 -0.1337
vn -0.0009 0.6075 0.7943
vn -0.0046 0.7649 0.6441
vn -0.2983 0.9419 -0.1543
vn 0.3114 -0.2026 0.9284
vn -0.3090 0.8976 -0.3144
vn 0.0461 0.9945 -0.0939
vn 0.3995 0.9141 0.0698
vn -0.7166 -0.0003 -0.6975
vn -0.4225 0.9060 -0.0253
vn -0.0147 0.9979 -0.0628
vn -0.0131 0.9990 -0.0418
vn 0.9647 0.0254 0.2622
vn -0.0108 -0.9945 0.1037
vn -0.4750 0.8007 -0.3651
vn -0.4864 0.8185 -0.3057
vn -0.0411 0.9972 -0.0627
vn 0.2922 0.9557 -0.0349
vn -0.0784 0.9936 -0.0810
vn 0.0257 -0.9917 0.1258
vn -0.0032 -0.9979 0.0645
vn 0.0028 0.4774 0.8787
vn 0.0169 0.9988 -0.0460
vn 0.9783 -0.0427 -0.2028
vn 0.9619 -0.0655 -0.2653
vn 0.0161 -0.3914 -0.9201
vn -0.9991 -0.0399 -0.0108
vn -0.4561 0.8532 -0.2532
vn 0.1047 -0.9906 0.0878
vn 0.0889 -0.9934 0.0729
vn -0.8725 -0.0016 -0.4886
vn 0.4697 0.8804 0.0645
vn 0.4698 0.8804 0.0645
vn -0.0238 -0.9909 0.1325
vn -0.0189 -0.1676 -0.9857
vn -0.0176 -0.2815 -0.9594
vn -0.0179 -0.2674 -0.9634
vn 0.9973 0.0080 -0.0735
vn 0.9998 0.0162 0.0117
vn -0.1127 -0.9931 0.0314
vn -0.2030 -0.9755 -0.0849
vn 0.8190 0.0022 0.5738
vn 0.8207 0.0024 0.5714
vn 0.4427 0.8965 -0.0157
vn 0.2887 0.9567 -0.0364
vn 0.4225 0.9060 -0.0253
vn 0.0018 -0.9951 -0.0991
vn 0.0011 -0.9940 -0.1093
vn 0.4881 0.0064 -0.8728
vn 0.4979 -0.1155 -0.8595
vn 0.5833 -0.0289 -0.8117
vn 0.0127 -0.5585 -0.8294
vn -0.8317 -0.0006 -0.5553
vn -0.8724 -0.0018 -0.4889
vn 0.2889 0.9505 -0.1148
vn -0.0204 0.9989 -0.0421
vn -0.0362 0.9988 -0.0331
vn 0.6102 -0.6983 0.3741
vn 0.5970 -0.6734 0.4359
vn 0.6116 -0.7042 0.3605
vn 0.0703 -0.9822 0.1742
vn 0.9921 -0.0532 -0.1137
vn 0.9722 -0.0427 -0.2301
vn 0.9926 -0.0531 -0.1091
vn 0.0393 0.9656 -0.2571
vn 0.0179 -0.2674 -0.9634
vn 0.0177 -0.2764 -0.9609
vn -0.4626 -0.8399 -0.2838
vn -0.8423 -0.0030 0.5390
vn -0.9404 -0.1873 0.2837
vn -0.9727 0.1711 0.1566
vn 0.2901 0.9537 -0.0799
vn -0.0169 0.9988 -0.0460
vn -0.2580 -0.2399 0.9359
vn -0.3114 -0.2026 0.9284
vn -0.0828 -0.9942 0.0682
vn -0.0802 -0.9948 0.0633
vn -0.0825 -0.9946 0.0630
vn 0.8919 -0.0056 -0.4521
vn 0.9327 -0.0191 -0.3602
vn 0.8915 -0.0057 -0.4530
vn 0.9992 -0.0391 -0.0083
vn 0.9982 -0.0157 0.0581
vn 0.9991 -0.0399 -0.0108
vn -0.0151 -0.9995 0.0291
vn -0.0145 -0.9758 -0.2183
vn -0.0059 -0.9996 0.0267
vn -0.1856 0.9816 -0.0442
vn -0.2305 0.9699 -0.0788
vn 0.4725 -0.8415 -0.2621
vn 0.4661 -0.8519 -0.2387
vn 0.4569 -0.8587 -0.2322
vn -0.0695 -0.9954 0.0654
vn -0.0858 -0.9945 0.0608
vn -0.0648 -0.9960 0.0619
vn -0.8734 0.0072 0.4870
vn -0.8207 0.0024 0.5714
vn -0.8190 0.0023 0.5738
vn -0.0029 -1.0000 0.0038
vn 0.4494 -0.8698 -0.2036
vn 0.4579 -0.8739 -0.1631
vn 0.4617 -0.8760 -0.1397
vn -0.0363 -0.9917 0.1231
vn -0.0957 -0.9883 0.1191
vn -0.0694 -0.9879 0.1384
vn 0.0037 0.9902 0.1397
vn 0.0116 0.9999 -0.0069
vn -0.0021 0.9857 -0.1683
vn -0.1005 0.9839 -0.1478
vn -0.0820 0.9783 -0.1903
vn -0.0773 0.9960 -0.0454
vn -0.0356 -0.9984 0.0438
vn -0.0466 -0.9977 0.0499
vn 0.4627 -0.8828 0.0811
vn 0.1595 -0.9862 0.0455
vn 0.4710 -0.8779 0.0868
vn -0.0889 -0.9934 0.0729
vn -0.1047 -0.9906 0.0878
vn -0.1111 -0.9893 0.0945
vn -0.9783 -0.0427 -0.2028
vn -0.9619 -0.0655 -0.2653
vn -0.9811 -0.0379 -0.1898
vn 0.1607 -0.9867 0.0260
vn 0.4478 -0.8917 -0.0654
vn 0.4537 -0.8876 -0.0800
vn -0.0442 0.9616 -0.2710
vn 0.1456 0.9156 -0.3748
vn -0.2022 0.9769 0.0690
vn -0.1879 0.9791 0.0782
vn 0.4316 0.1523 -0.8891
vn 0.5613 0.0353 -0.8269
vn 0.0207 -0.9913 0.1299
vn 0.0101 -0.9928 0.1194
vn 0.0147 0.9979 -0.0628
vn 0.0129 0.9993 -0.0344
vn 0.0131 0.9990 -0.0418
vn 0.5368 -0.8359 0.1142
vn 0.5475 -0.8289 0.1152
vn -0.6157 -0.7788 0.1195
vn -0.6225 -0.7584 0.1932
vn 0.2887 0.9563 -0.0470
vn 0.4163 0.9080 -0.0470
vn -0.0962 -0.9942 0.0485
vn -0.2684 0.9148 -0.3018
vn -0.2334 0.8833 -0.4065
vn -0.1928 0.9354 -0.2963
vn -0.0294 -0.7453 0.6661
vn -0.0711 -0.7332 0.6763
vn -0.0501 -0.7394 0.6713
vn -0.1230 -0.9856 0.1163
vn -0.1244 -0.9843 0.1254
vn -0.9224 0.0171 0.3859
vn -0.9637 0.0253 0.2657
vn -0.9647 0.0254 0.2622
vn 0.4342 0.8806 -0.1899
vn 0.2983 0.9419 -0.1543
vn -0.1045 0.9676 -0.2300
vn -0.0872 -0.9945 0.0582
vn 0.2506 0.9680 -0.0147
vn 0.2039 0.9659 0.1594
vn 0.0872 0.9955 0.0381
vn 0.0850 -0.9943 0.0649
vn 0.1127 -0.9931 0.0314
vn -0.1228 -0.9826 0.1394
vn -0.1165 -0.9827 0.1437
vn 0.0108 -0.9945 0.1037
vn 0.0032 -0.9979 0.0645
vn -0.0257 -0.9917 0.1259
vn -0.0108 0.9592 0.2826
vn -0.2876 -0.1953 0.9376
vn -0.2505 -0.2044 0.9463
vn -0.9913 0.0242 0.1294
vn -0.9998 0.0166 0.0148
vn -0.9998 0.0162 0.0117
vn -0.5970 -0.6734 0.4359
vn -0.6102 -0.6983 0.3741
vn -0.6116 -0.7042 0.3605
vn -0.0184 -0.3189 -0.9476
vn -0.0171 -0.0887 -0.9959
vn -0.0583 0.9931 -0.1018
vn -0.0586 0.9812 -0.1841
vn 0.0064 0.9997 0.0228
vn 0.9713 -0.0419 -0.2342
vn 0.9338 -0.0196 -0.3573
vn -0.4697 0.8804 0.0645
vn -0.3995 0.9141 0.0698
vn -0.4698 0.8804 0.0645
vn -0.2901 0.9537 -0.0799
vn -0.1695 0.9547 -0.2446
vn 0.4750 0.8007 -0.3651
vn 0.4864 0.8185 -0.3057
vn -0.2162 0.9761 0.0237
vn -0.0143 0.1536 -0.9880
vn -0.6373 -0.4201 0.6460
vn -0.7104 -0.3599 0.6049
vn 0.4220 0.9022 -0.0897
vn 0.4561 0.8532 -0.2532
vn 0.3279 0.9230 -0.2013
vn 0.4394 -0.0003 -0.8983
vn 0.4836 -0.0970 -0.8699
vn -0.1131 0.9897 -0.0882
vn 0.4200 -0.8408 -0.3417
vn 0.2608 -0.8728 -0.4125
vn 0.1897 -0.8808 -0.4339
vn -0.0703 -0.9822 0.1742
vn -0.2888 0.9517 -0.1046
vn -0.2876 0.9484 -0.1337
vn -0.2808 -0.3740 0.8839
vn -0.6233 -0.7820 0.0048
vn -0.6510 -0.7588 -0.0202
vn -0.6211 -0.7837 0.0061
vn -0.8728 0.4305 0.2298
vn -0.6756 0.5595 0.4801
vn -0.6068 0.6293 0.4855
vn -0.7252 0.5007 0.4726
vn 0.3285 0.8284 -0.4537
vn -0.1750 -0.2795 0.9440
vn 0.4301 0.9028 0.0072
vn 0.0612 0.8436 -0.5335
vn -0.9973 0.0079 -0.0735
vn -0.6045 -0.7953 0.0462
vn -0.0642 -0.9407 0.3330
vn -0.0841 0.9786 -0.1877
vn -0.0069 0.9353 -0.3538
vn -0.1434 0.9565 -0.2542
vn -0.0047 0.5766 0.8170
vn -0.0003 0.6759 0.7370
vn -0.0054 0.5236 0.8519
vn -0.0039 0.4888 0.8724
vn -0.0028 0.4774 0.8787
vn -0.0046 0.4797 0.8774
vn -0.0393 0.9656 -0.2571
vn -0.2473 -0.1642 0.9549
vn 0.8724 -0.0018 -0.4889
vn 0.8317 -0.0006 -0.5553
vn 0.8725 -0.0016 -0.4886
vn -0.0177 -0.2764 -0.9609
vn -0.0918 -0.9850 0.1461
vn -0.1774 -0.2942 0.9391
vn 0.4394 -0.8400 -0.3183
vn 0.4626 -0.8399 -0.2838
vn -0.0922 -0.9941 0.0573
vn -0.0461 0.9945 -0.0939
vn -0.0127 -0.5585 -0.8294
vn -0.0159 -0.3914 -0.9201
vn -0.0160 -0.4389 -0.8984
vn 0.9981 -0.0149 0.0601
vn 0.9949 0.0114 0.1002
vn 0.8734 0.0073 0.4870
vn 0.8746 0.0073 0.4848
vn 0.9838 0.0627 0.1681
vn 0.9768 0.0827 0.1978
vn -0.0191 -0.8910 -0.4536
vn -0.0103 -0.9722 -0.2339
vn -0.0061 -0.8880 -0.4598
vn -0.0775 -0.9481 0.3084
vn 0.0238 -0.9909 0.1325
vn 0.4623 -0.2104 -0.8614
vn 0.2030 -0.9755 -0.0849
vn -0.0064 0.9997 0.0228
vn -0.3279 0.9230 -0.2012
vn 0.5391 -0.8207 0.1890
vn 0.5529 -0.8169 0.1641
vn 0.5391 -0.8208 0.1890
vn -0.0100 -0.7504 0.6609
vn -0.0100 -0.7504 0.6610
vn -0.0018 -0.9951 -0.0991
vn 0.3956 0.1807 -0.9005
vn -0.8372 -0.0027 0.5469
vn -0.0863 -0.8258 0.5573
vn -0.9971 0.0076 -0.0763
vn -0.9930 -0.0058 -0.1181
vn -0.9929 -0.0062 -0.1185
vn 0.0046 0.7649 0.6441
vn 0.0010 0.6075 0.7943
vn 0.7166 -0.0003 -0.6975
vn -0.9908 0.0244 0.1331
vn -0.6531 -0.7569 -0.0240
vn -0.6315 -0.7729 -0.0619
vn -0.0014 -1.0000 -0.0091
vn -0.0057 -0.9945 0.1048
vn 0.4476 -0.8691 -0.2105
vn -0.0158 0.2935 0.9558
vn -0.0107 0.4353 0.9002
vn -0.0119 0.4339 0.9009
vn -0.7274 -0.0004 -0.6862
vn -0.8284 -0.0009 -0.5602
vn 0.7274 -0.0004 -0.6862
vn 0.8284 -0.0009 -0.5602
vn 0.9606 0.1188 0.2512
vn 0.9606 0.1188 0.2511
vn 0.0014 -1.0000 -0.0091
vn 0.0057 -0.9945 0.1048
vn 0.0107 0.4353 0.9002
vn -0.7963 -0.4864 0.3597
vn -0.6721 -0.5912 0.4458
vn -0.6213 -0.6289 0.4674
vn -0.6148 -0.7805 0.1130
vn -0.6046 -0.7951 0.0469
vn -0.0011 -0.9940 -0.1093
vn -0.0058 -0.9961 0.0875
vn -0.9597 -0.2423 0.1424
vn -0.9606 0.1188 0.2512
vn -0.9606 0.1188 0.2511
vn 0.6148 -0.7805 0.1130
vn 0.0829 0.9951 0.0539
vn 0.7963 -0.4864 0.3597
vn 0.6721 -0.5912 0.4458
vn 0.9597 -0.2423 0.1424
vn -0.4476 -0.8691 -0.2105
vn -0.5475 -0.8289 0.1152
vn -0.9541 -0.1442 0.2625
vn -0.9828 -0.0653 0.1728
vn -0.9833 -0.0964 0.1543
vn -0.9454 -0.1931 0.2625
vn -0.9825 -0.1165 0.1453
vn -0.0116 0.9997 -0.0227
vn -0.0175 -0.2689 -0.9630
vn -0.0175 -0.2690 -0.9630
vn 0.8109 -0.2235 -0.5408
vn 0.7805 -0.3695 -0.5042
vn 0.7928 -0.1754 -0.5838
vn -0.6589 -0.7439 -0.1118
vn -0.6582 -0.7379 -0.1490
vn -0.6574 -0.7454 -0.1103
vn 0.0158 0.2935 0.9558
vn 0.0119 0.4339 0.9009
vn 0.0058 -0.9961 0.0875
vn -0.1011 0.7625 -0.6391
vn -0.1903 0.8729 -0.4492
vn -0.2001 0.7493 -0.6313
vn -0.0129 0.2235 0.9746
vn -0.1118 0.3027 0.9465
vn -0.0000 0.1885 0.9821
vn 0.0175 -0.2689 -0.9630
vn 0.0094 -0.9819 0.1892
vn 0.9811 -0.0379 -0.1898
vn -0.0094 -0.9819 0.1892
vn -0.0130 0.3217 -0.9468
vn -0.0025 0.5140 -0.8578
vn -0.0133 0.3262 -0.9452
vn 0.1903 0.8729 -0.4492
vn 0.1011 0.7625 -0.6391
vn 0.2001 0.7493 -0.6313
vn -0.7805 -0.3695 -0.5042
vn -0.8109 -0.2235 -0.5408
vn -0.7928 -0.1754 -0.5838
vn 0.9541 -0.1442 0.2625
vn 0.9828 -0.0653 0.1728
vn 0.9608 -0.0783 0.2661
vn 0.0845 0.9188 0.3856
vn -0.0000 0.8941 0.4480
vn -0.0000 0.9422 0.3351
vn -0.1662 0.1133 0.9796
vn -0.1617 0.1083 0.9809
vn -0.1663 0.1133 0.9796
vn -0.8279 -0.0622 -0.5574
vn -0.7674 0.2407 -0.5943
vn -0.8290 -0.0889 -0.5522
vn 0.9833 -0.0964 0.1543
vn 0.9454 -0.1930 0.2624
vn 0.9825 -0.1165 0.1453
vn 0.0129 0.2235 0.9746
vn 0.1118 0.3027 0.9465
vn -0.0000 0.7911 0.6116
vn -0.0123 0.8465 0.5323
vn -0.0062 0.8567 0.5158
vn -0.0000 0.9915 -0.1304
vn 0.6589 -0.7439 -0.1118
vn 0.6574 -0.7454 -0.1103
vn 0.6582 -0.7379 -0.1490
vn 0.0828 0.8464 0.5261
vn 0.1858 0.8328 0.5214
vn 0.0419 0.8453 0.5326
vn 0.0962 0.8856 -0.4545
vn 0.0005 0.7663 -0.6425
vn 0.9995 -0.0327 0.0003
vn 0.9988 -0.0498 -0.0013
vn 0.9997 -0.0253 -0.0007
vn 0.0033 -0.6038 0.7971
vn 0.0034 -0.6114 0.7913
vn 0.0014 -0.6040 0.7970
vn 0.9995 -0.0087 -0.0292
vn 0.9997 0.0013 -0.0260
vn 1.0000 -0.0022 -0.0070
vn -0.0000 0.9934 -0.1151
vn -0.0000 0.9797 -0.2003
vn -0.0086 1.0000 0.0008
vn 0.4829 -0.5793 -0.6567
vn 0.2987 -0.7116 -0.6359
vn 0.1960 -0.6116 -0.7665
vn 0.5177 0.2371 0.8221
vn 0.2638 0.2766 0.9241
vn 0.5088 0.2458 0.8251
vn -0.0118 -0.4744 0.8802
vn -0.0622 -0.3116 0.9482
vn -0.0237 -0.4751 0.8796
vn 0.1331 0.9911 0.0036
vn 0.0922 0.9957 0.0106
vn 0.0543 0.9985 0.0036
vn 0.0919 0.9761 -0.1969
vn 0.1891 0.9631 -0.1915
vn 0.2680 0.9571 -0.1103
vn -0.0000 -0.9564 -0.2919
vn -0.1483 0.9615 -0.2314
vn -0.0369 0.9472 -0.3184
vn -0.0819 0.9557 -0.2826
vn 0.0391 0.9991 0.0171
vn 0.0008 0.9999 0.0105
vn 0.2638 0.1826 0.9471
vn -0.0000 0.2116 0.9774
vn -0.0469 0.3682 0.9286
vn -0.0000 0.3845 0.9231
vn -0.0813 0.3284 0.9410
vn -0.8896 -0.1011 0.4454
vn -0.8526 -0.0840 0.5158
vn -0.8902 -0.0704 0.4500
vn -0.8792 0.4732 -0.0555
vn -0.2680 0.9571 -0.1103
vn -0.8666 0.4988 -0.0108
vn 0.9997 -0.0074 -0.0221
vn 0.9981 -0.0174 -0.0584
vn 0.9999 0.0104 0.0051
vn -0.0000 0.2601 0.9656
vn -0.0314 0.1029 -0.9942
vn 0.0492 0.0310 0.9983
vn -0.0000 0.0511 0.9987
vn -0.0000 0.0510 0.9987
vn -0.2634 0.9646 -0.0104
vn -0.0226 0.9997 -0.0106
vn -0.0920 0.9957 -0.0065
vn 0.9992 -0.0338 0.0228
vn 0.9847 -0.1130 0.1323
vn 0.9998 -0.0203 0.0083
vn -0.0000 0.9934 -0.1146
vn 0.0003 0.9997 -0.0237
vn 1.0000 -0.0097 -0.0017
vn 1.0000 -0.0023 -0.0008
vn 1.0000 -0.0022 -0.0010
vn -0.2638 0.2766 0.9241
vn -0.5088 0.2458 0.8251
vn -0.1964 0.3120 0.9296
vn 0.5505 -0.8314 -0.0757
vn -0.0000 -0.1869 -0.9824
vn 0.0134 -0.2130 -0.9770
vn -0.0000 -0.2121 -0.9773
vn -0.1881 0.9614 -0.2008
vn -0.1882 0.9614 -0.2008
vn 0.0010 -0.9829 -0.1842
vn -0.0693 -0.0488 -0.9964
vn -0.0000 -0.1444 -0.9895
vn -0.1700 -0.3027 -0.9378
vn 0.0855 0.8889 0.4500
vn 0.0328 0.8718 0.4888
vn 0.0555 0.8720 0.4863
vn 0.3201 -0.3047 -0.8971
vn 0.3229 -0.3419 -0.8825
vn 0.1598 -0.3648 -0.9173
vn 0.0191 -0.9995 -0.0256
vn 0.0081 -0.9981 -0.0611
vn 0.0361 -0.9990 -0.0249
vn -0.0826 0.8286 0.5538
vn -0.0000 0.8084 0.5887
vn 0.9992 -0.0409 -0.0001
vn 0.9944 -0.1056 0.0090
vn 0.9900 -0.1409 0.0095
vn 0.9977 -0.0670 0.0043
vn -0.5505 -0.8314 -0.0757
vn -0.4079 -0.9097 -0.0779
vn -0.0214 -0.9752 -0.2204
vn -0.0236 -0.9813 -0.1910
vn -0.9990 -0.0384 0.0226
vn -0.9998 -0.0203 0.0082
vn -0.9992 -0.0338 0.0228
vn -0.0010 -0.9829 -0.1842
vn 0.9688 0.2478 -0.0053
vn -0.6058 0.5238 -0.5989
vn -0.6089 0.5215 -0.5977
vn 0.5724 -0.5620 -0.5970
vn -0.0000 -0.6116 0.7911
vn -0.0000 -0.6040 0.7970
vn 0.0051 0.8877 0.4605
vn 0.9047 -0.1050 0.4129
vn 0.8902 -0.0704 0.4500
vn 0.9095 -0.0315 0.4145
vn 0.2634 0.9646 -0.0104
vn 0.8666 0.4988 -0.0108
vn 0.8686 0.4955 -0.0053
vn 0.0318 -0.3132 0.9492
vn -0.0000 -0.1546 0.9880
vn -0.0000 -0.3192 0.9477
vn 0.1482 0.9615 -0.2314
vn 0.1235 0.9567 -0.2637
vn 0.1882 0.9614 -0.2008
vn 0.9996 -0.0296 -0.0015
vn 0.9998 -0.0194 0.0007
vn 0.9983 -0.0584 -0.0029
vn -0.9733 0.2008 0.1113
vn -0.8719 0.4283 0.2374
vn -0.9986 0.0468 0.0258
vn 0.9995 -0.0154 -0.0271
vn 0.9998 -0.0120 -0.0133
vn 0.9984 -0.0293 -0.0485
vn 0.0735 0.9437 -0.3226
vn -0.0000 0.8708 -0.4916
vn -0.0000 0.9303 -0.3668
vn -0.0000 -0.3027 -0.9531
vn -0.3086 -0.3229 -0.8947
vn -0.0000 -0.3302 -0.9439
vn -0.1858 0.8328 0.5214
vn -0.0828 0.8464 0.5261
vn -0.0419 0.8453 0.5326
vn -0.0076 -0.5828 0.8126
vn -0.0146 -0.5829 0.8124
vn 0.9683 0.2235 0.1116
vn 0.9914 -0.0844 0.1005
vn 0.9438 -0.2077 0.2572
vn 0.9701 -0.1525 0.1890
vn 0.4398 0.8972 -0.0396
vn 0.1408 0.9581 -0.2496
vn 0.2886 0.9420 -0.1712
vn -0.9995 -0.0084 -0.0294
vn -0.9997 0.0013 -0.0260
vn -0.9986 0.0017 -0.0535
vn -0.0065 0.9998 0.0210
vn 0.0971 0.1966 0.9757
vn -0.0910 0.9955 0.0266
vn -0.0004 0.9989 0.0478
vn -0.0000 0.9836 0.1804
vn 0.2177 0.9559 -0.1972
vn -0.0000 -0.4752 0.8799
vn 0.0076 -0.5828 0.8126
vn 0.0118 -0.4744 0.8802
vn 1.0000 -0.0001 -0.0001
vn -0.0144 0.3145 -0.9492
vn 0.0621 -0.3116 0.9482
vn 0.9989 -0.0450 0.0114
vn 0.9993 -0.0345 0.0136
vn 0.9986 -0.0508 0.0112
vn 0.0062 0.8567 0.5158
vn 0.0123 0.8465 0.5323
vn -1.0000 -0.0000 -0.0000
vn -0.3283 -0.3186 -0.8893
vn -0.3379 -0.3323 -0.8806
vn 0.0920 0.9957 -0.0065
vn 0.0265 0.9996 -0.0023
vn 0.0005 1.0000 -0.0064
vn 1.0000 -0.0005 -0.0005
vn 1.0000 -0.0004 -0.0005
vn -0.3933 -0.3131 -0.8645
vn -0.0000 0.9615 -0.2748
vn 0.9978 -0.0482 0.0446
vn 0.8792 0.4732 -0.0555
vn -1.0000 0.0070 -0.0007
vn -0.9995 -0.0149 -0.0271
vn -0.9984 -0.0293 -0.0485
vn -0.9998 -0.0120 -0.0133
vn 0.9976 -0.0584 0.0371
vn 0.9990 -0.0384 0.0226
vn -0.0000 0.9580 0.2867
vn -0.0000 0.8845 0.4665
vn 0.9733 0.2008 0.1113
vn -0.0000 0.2855 0.9584
vn 0.0226 0.9997 -0.0106
vn 0.0004 0.9989 0.0478
vn -0.0000 0.9978 0.0670
vn 0.1820 0.9031 0.3890
vn 0.0147 0.8949 0.4461
vn 0.1964 0.3120 0.9296
vn -0.0000 -0.7807 -0.6249
vn -0.0000 -0.9564 -0.2920
vn 0.9982 0.0595 -0.0083
vn 0.9991 -0.0056 -0.0415
vn 0.9982 0.0506 -0.0319
vn 0.9961 -0.0716 0.0514
vn 0.9882 -0.1208 0.0947
vn 0.2080 0.4423 -0.8724
vn 0.2080 0.4424 -0.8724
vn 0.0826 0.8286 0.5538
vn -0.9999 -0.0104 -0.0018
vn -0.9995 -0.0308 -0.0030
vn -0.9999 -0.0153 -0.0018
vn 0.1867 0.8218 0.5384
vn 0.6481 0.1789 0.7403
vn 0.5087 0.2402 0.8268
vn 0.2794 0.9494 -0.1437
vn 0.0303 0.9576 -0.2866
vn 0.2893 0.9473 -0.1375
vn 0.9986 0.0017 -0.0535
vn 0.8806 -0.2137 0.4230
vn 0.9831 -0.1123 0.1445
vn 0.8471 -0.3574 0.3932
vn 1.0000 -0.0056 -0.0010
vn 1.0000 -0.0090 0.0003
vn -0.2237 0.9570 -0.1849
vn -0.0000 0.9729 -0.2314
vn -0.2886 0.9420 -0.1712
vn -0.0000 0.9998 -0.0217
vn -0.2461 -0.9324 -0.2645
vn -0.0368 -0.9969 -0.0690
vn 0.0067 -0.9980 -0.0623
vn 0.0161 0.9830 0.1827
vn 0.4057 -0.9107 -0.0774
vn 0.4079 -0.9097 -0.0779
vn -0.0919 0.9761 -0.1969
vn 0.9999 0.0092 0.0050
vn 0.9999 -0.0167 -0.0020
vn -0.0365 -0.9970 -0.0689
vn -0.2460 -0.9325 -0.2644
vn -0.0130 -0.9984 -0.0553
vn 0.9590 0.0529 0.2784
vn 0.9782 0.0533 0.2007
vn 0.9451 0.0094 0.3266
vn -0.9533 -0.2648 -0.1453
vn 0.0813 0.3284 0.9410
vn 0.2237 0.9570 -0.1849
vn -0.7965 -0.2437 -0.5533
vn -0.8067 -0.1645 -0.5676
vn 0.9998 -0.0124 -0.0136
vn 0.9993 -0.0245 -0.0276
vn -0.0000 0.4058 0.9140
vn 0.1859 0.8771 0.4429
vn 0.0369 0.9472 -0.3184
vn 0.8214 0.3454 0.4538
vn 0.6252 0.7168 0.3087
vn 0.6252 0.7169 0.3087
vn 0.4643 0.8824 -0.0763
vn 0.5170 0.8557 0.0206
vn 0.0976 0.9933 0.0619
vn 0.1659 0.9700 -0.1775
vn 0.5089 0.1622 0.8454
vn 0.5178 0.1673 0.8390
vn 0.5095 0.1669 0.8441
vn -0.1007 -0.2786 -0.9551
vn -0.0411 -0.2617 -0.9643
vn -0.0467 -0.2821 -0.9582
vn -0.0971 0.1966 0.9757
vn 0.1007 -0.2786 -0.9551
vn -0.7581 0.0305 -0.6514
vn -0.7357 0.2958 -0.6094
vn -0.7357 0.2957 -0.6093
vn 1.0000 -0.0019 -0.0008
vn 1.0000 -0.0088 -0.0003
vn 0.3229 0.9301 -0.1751
vn 0.8719 0.4282 0.2374
vn 0.9993 0.0339 0.0181
vn -0.0000 0.9997 -0.0255
vn -0.0000 -0.4109 -0.9117
vn 0.0178 -0.2615 -0.9650
vn 0.0467 -0.2821 -0.9582
vn 0.9997 -0.0234 0.0085
vn 0.9999 -0.0103 -0.0007
vn -0.0684 -0.9569 0.2821
vn 0.0910 0.9955 0.0266
vn 0.1862 0.9822 0.0244
vn 0.0488 0.9517 -0.3032
vn 0.0819 0.9557 -0.2826
vn 0.1056 0.9598 -0.2602
vn -0.1475 0.9849 -0.0901
vn 1.0000 -0.0021 -0.0004
vn 0.4054 -0.9118 -0.0653
vn -0.0000 0.9996 0.0281
vn 1.0000 -0.0000 -0.0001
vn -0.4360 -0.0216 -0.8997
vn -0.5612 0.0449 -0.8265
vn -0.4248 -0.0827 -0.9015
vn -0.7184 -0.1715 -0.6742
vn -0.7039 -0.2115 -0.6780
vn 0.1731 0.9848 0.0168
vn -0.8161 -0.1094 -0.5675
vn 0.1207 0.9595 -0.2545
vn 0.1206 0.9595 -0.2546
vn 1.0000 -0.0003 -0.0006
vn -0.0000 -0.2614 -0.9652
vn 0.0191 -0.9993 0.0307
vn 0.0135 -0.9977 0.0657
vn 0.0067 -0.9978 0.0662
vn 0.7864 -0.3894 0.4795
vn 0.6268 -0.6858 0.3699
vn 0.6120 -0.7027 0.3628
vn -0.3281 -0.8823 -0.3375
vn -0.0909 -0.9882 -0.1235
vn -0.1053 -0.0622 -0.9925
vn 0.0192 -0.9998 -0.0105
vn 0.2264 0.6060 -0.7625
vn 0.1179 0.4979 -0.8592
vn 0.2742 0.4653 -0.8416
vn 1.0000 -0.0001 -0.0000
vn -0.3519 -0.3223 -0.8788
vn 0.8896 -0.1011 0.4454
vn 0.8845 -0.2977 0.3591
vn 0.9106 -0.0378 0.4115
vn 0.3874 -0.5998 -0.7001
vn 0.0009 -0.6123 0.7906
vn -0.0002 0.6245 -0.7811
vn 0.1139 0.6203 -0.7761
vn -0.0000 -0.5972 -0.8021
vn 0.8518 0.0398 0.5223
vn 0.8593 -0.0380 0.5100
vn -0.0000 0.1066 -0.9943
vn 0.3084 0.9378 -0.1594
vn -0.0000 0.0047 -1.0000
vn -0.0394 0.0198 -0.9990
vn -0.6158 0.5134 -0.5976
vn 0.1845 0.9615 -0.2035
vn 0.8674 0.4450 0.2228
vn 0.9983 0.0580 -0.0081
vn 0.9984 0.0480 0.0310
vn 0.9996 0.0242 0.0159
vn 0.1964 -0.9775 0.0776
vn 0.1964 -0.9774 0.0776
vn -0.3800 0.3018 -0.8744
vn -0.3193 0.2622 -0.9106
vn -0.4711 0.5540 -0.6864
vn 0.0001 -0.9767 0.2147
vn -0.0000 -0.9767 0.2147
vn 0.9999 -0.0104 -0.0019
vn 0.9999 -0.0153 -0.0018
vn 0.9995 -0.0308 -0.0030
vn 0.0007 1.0000 0.0003
vn -0.0000 0.9999 0.0103
vn -0.0000 1.0000 0.0007
vn 1.0000 -0.0040 -0.0042
vn 0.0940 0.9565 -0.2760
vn 0.1864 0.9436 -0.2737
vn 0.8526 -0.0840 0.5158
vn 0.0146 -0.5829 0.8124
vn 0.5455 0.0420 -0.8371
vn 0.5612 0.0449 -0.8265
vn 0.6631 0.2065 -0.7195
vn 0.9967 -0.0816 -0.0001
vn -0.0000 0.2354 -0.9719
vn 0.7378 0.6704 0.0789
vn 1.0000 -0.0023 -0.0018
vn -0.8806 -0.2137 0.4230
vn -0.8471 -0.3574 0.3933
vn -0.9831 -0.1123 0.1445
vn 0.9637 -0.2268 0.1405
vn 0.0411 -0.2617 -0.9643
vn 0.8048 0.0263 0.5930
vn 0.9664 0.1232 0.2257
vn 0.1877 0.9822 -0.0065
vn 0.0001 -0.9391 0.3437
vn 0.1864 0.9824 0.0105
vn -0.1277 0.1116 0.9855
vn -0.1242 0.0982 0.9874
vn 0.3402 -0.0604 0.9384
vn 0.7045 -0.0031 0.7097
vn -0.6521 0.3879 -0.6514
vn -0.6897 0.3364 -0.6412
vn -0.7844 0.1777 -0.5942
vn 0.2078 0.2027 0.9569
vn 0.1867 0.9824 -0.0001
vn -0.8411 0.3462 0.4155
vn 0.3637 0.2684 -0.8920
vn 0.0469 0.3682 0.9286
vn -0.2078 0.2027 0.9569
vn -0.5089 0.1622 0.8454
vn -0.2638 0.1826 0.9471
vn 0.0237 -0.4751 0.8796
vn 0.2042 0.9789 -0.0022
vn 0.0921 0.9958 -0.0001
vn -0.1887 0.2765 0.9423
vn 0.0393 0.8137 0.5800
vn -0.1409 0.9580 -0.2496
vn 0.8233 -0.1970 0.5323
vn 0.8507 -0.0819 0.5193
vn -0.9106 -0.0378 0.4116
vn 0.9953 -0.0956 0.0153
vn 0.9784 -0.2061 0.0181
vn 0.9999 -0.0111 -0.0066
vn 0.9998 -0.0202 -0.0094
vn 0.0909 -0.9882 -0.1235
vn 0.0236 -0.9813 -0.1910
vn 0.2461 -0.9325 -0.2645
vn 0.9997 -0.0254 0.0003
vn 0.9988 -0.0497 0.0007
vn 0.0203 -0.1851 -0.9825
vn 0.0269 -0.2141 -0.9764
vn -0.2079 0.4423 -0.8724
vn -0.2080 0.4423 -0.8724
vn 0.9966 -0.0115 -0.0815
vn 0.9815 -0.0128 0.1911
vn 0.9614 -0.0043 0.2751
vn 0.9998 -0.0216 0.0047
vn -0.9999 -0.0167 -0.0021
vn 0.9931 0.1149 -0.0238
vn 0.9976 0.0440 -0.0541
vn 0.9932 0.1119 -0.0312
vn 0.6022 0.5111 0.6133
vn -0.9782 0.0533 0.2007
vn -0.9623 -0.0538 0.2665
vn -0.9815 -0.0128 0.1911
vn -0.0000 -0.9978 0.0667
vn 1.0000 0.0070 -0.0007
vn -0.9989 -0.0450 0.0114
vn -0.9993 -0.0345 0.0136
vn 0.9999 -0.0087 -0.0088
vn 0.1490 -0.1321 0.9800
vn -0.9981 -0.0174 -0.0584
vn 1.0000 0.0015 0.0011
vn 0.0234 0.9567 -0.2901
vn -0.0331 0.9320 -0.3609
vn 0.0001 0.8896 -0.4567
vn -0.0245 0.0450 0.9987
vn -0.0277 0.0420 0.9987
vn -0.0034 -0.6114 0.7913
vn -0.0033 -0.6038 0.7971
vn -0.0014 -0.6040 0.7970
vn -0.3914 0.9202 -0.0000
vn -0.0568 0.0970 -0.9937
vn -0.9993 -0.0245 -0.0276
vn -0.9998 -0.0124 -0.0136
vn -0.1877 0.9822 -0.0065
vn -0.8686 0.4955 -0.0053
vn 0.6521 0.3879 -0.6514
vn 0.6897 0.3364 -0.6412
vn 0.4711 0.5540 -0.6864
vn -0.9997 -0.0254 0.0003
vn -1.0000 -0.0004 -0.0005
vn -1.0000 -0.0022 -0.0010
vn -1.0000 -0.0003 -0.0006
vn 0.7357 0.2958 -0.6094
vn 0.7581 0.0305 -0.6514
vn 0.7357 0.2957 -0.6093
vn -0.0921 0.9958 -0.0001
vn -0.1867 0.9824 -0.0001
vn -0.2042 0.9789 -0.0022
vn -0.1598 -0.3648 -0.9173
vn -0.3201 -0.3047 -0.8971
vn -0.0001 -0.9391 0.3437
vn -0.0001 -0.9767 0.2147
vn -0.0005 0.7663 -0.6425
vn -0.0962 0.8856 -0.4545
vn -0.5177 0.2371 0.8221
vn -0.5087 0.2402 0.8268
vn -0.0922 0.9957 0.0106
vn -0.0543 0.9985 0.0036
vn -0.0008 0.9999 0.0105
vn -0.9978 -0.0482 0.0446
vn -0.4398 0.8972 -0.0396
vn -0.2177 0.9559 -0.1972
vn -0.8593 -0.0380 0.5100
vn 0.0130 0.3217 -0.9468
vn 0.0144 0.3145 -0.9492
vn 0.0314 0.1029 -0.9942
vn 0.0384 -0.9988 0.0300
vn 0.0192 -0.9998 0.0067
vn 0.0383 -0.9992 0.0068
vn -0.0000 0.3294 -0.9442
vn -0.9996 -0.0296 -0.0015
vn -1.0000 -0.0090 0.0003
vn -1.0000 -0.0056 -0.0010
vn -0.0883 -0.0336 -0.9955
vn -0.0634 -0.0193 -0.9978
vn -0.0633 -0.0193 -0.9978
vn -0.9999 0.0092 0.0050
vn 0.4248 -0.0827 -0.9015
vn 0.4360 -0.0216 -0.8997
vn 0.4161 -0.1250 -0.9007
vn -0.1152 -0.0391 -0.9926
vn -0.0874 -0.0334 -0.9956
vn 0.9623 -0.0538 0.2665
vn -0.1331 0.9911 0.0036
vn 0.7593 0.6060 0.2371
vn -0.0000 0.0131 0.9999
vn -0.0864 0.0490 0.9951
vn -0.9999 -0.0087 -0.0088
vn -0.9998 -0.0202 -0.0094
vn -0.9999 -0.0111 -0.0066
vn -0.9944 -0.1056 0.0090
vn -0.9900 -0.1409 0.0095
vn -0.9784 -0.2061 0.0181
vn -0.1893 0.9631 -0.1915
vn -0.0007 1.0000 0.0003
vn 0.0134 -0.9999 -0.0007
vn -0.0000 -1.0000 0.0065
vn -0.0000 -1.0000 -0.0007
vn -0.0003 0.9997 -0.0236
vn -0.0005 1.0000 -0.0064
vn -0.0265 0.9996 -0.0023
vn -0.6631 0.2065 -0.7195
vn -0.3637 0.2684 -0.8920
vn -0.2742 0.4653 -0.8416
vn -0.3931 -0.9193 -0.0215
vn 0.8290 -0.0889 -0.5522
vn 0.7184 -0.1715 -0.6742
vn 0.8161 -0.1094 -0.5675
vn -0.9983 -0.0584 -0.0029
vn -0.9998 -0.0194 0.0007
vn -0.9996 0.0242 0.0159
vn -1.0000 0.0015 0.0011
vn -0.9637 -0.2268 0.1405
vn -0.6268 -0.6858 0.3699
vn -0.0000 -0.5832 0.8123
vn -0.0940 0.9565 -0.2760
vn -0.1864 0.9436 -0.2737
vn -0.0269 -0.2141 -0.9764
vn -0.0203 -0.1851 -0.9825
vn -0.0134 -0.2130 -0.9770
vn -0.9983 0.0580 -0.0081
vn -0.9984 -0.0566 0.0095
vn -0.9986 -0.0508 0.0112
vn -1.0000 -0.0021 -0.0004
vn -1.0000 -0.0023 -0.0018
vn -1.0000 -0.0000 -0.0001
vn 0.0693 -0.0488 -0.9964
vn 0.1700 -0.3027 -0.9378
vn -0.9608 -0.0783 0.2661
vn -1.0000 -0.0040 -0.0042
vn -0.0178 -0.2615 -0.9650
vn -0.1178 0.4979 -0.8592
vn 0.0025 0.5140 -0.8578
vn 0.1053 -0.0622 -0.9925
vn 0.6058 0.5238 -0.5989
vn 0.7674 0.2407 -0.5943
vn 0.6089 0.5215 -0.5977
vn -0.8048 0.0263 0.5930
vn -0.9928 0.1189 -0.0164
vn -0.9982 0.0506 -0.0319
vn -0.9982 0.0595 -0.0083
vn 0.1572 -0.0998 -0.9825
vn 0.1613 -0.1065 -0.9811
vn -0.0735 0.9437 -0.3226
vn -0.1235 0.9567 -0.2637
vn -0.9966 -0.0115 -0.0815
vn -0.9976 0.0440 -0.0541
vn -0.8233 -0.1970 0.5323
vn -0.8507 -0.0819 0.5193
vn -0.5095 0.1669 0.8441
vn -0.5178 0.1673 0.8390
vn 0.0089 1.0000 0.0007
vn 0.0116 0.9997 -0.0227
vn -0.0391 0.9991 0.0171
vn -0.9995 -0.0327 0.0003
vn -0.9997 -0.0253 -0.0007
vn -0.9988 -0.0498 -0.0013
vn -0.9438 -0.2077 0.2572
vn -0.9847 -0.1130 0.1323
vn -0.4161 -0.1250 -0.9007
vn -0.9977 -0.0670 0.0043
vn -0.9590 0.0529 0.2784
vn -0.9664 0.1232 0.2257
vn -0.1867 0.8218 0.5384
vn 0.0133 0.3262 -0.9452
vn -0.4829 -0.5793 -0.6567
vn -0.1960 -0.6116 -0.7665
vn -0.2987 -0.7116 -0.6359
vn 0.3933 -0.3131 -0.8645
vn 0.3283 -0.3186 -0.8893
vn -0.9984 0.0480 0.0310
vn -0.9953 -0.0956 0.0153
vn -0.9874 -0.1538 0.0368
vn -0.0488 0.9517 -0.3032
vn -0.5724 -0.5620 -0.5970
vn -0.0361 -0.9990 -0.0249
vn -0.0192 -0.9998 -0.0105
vn -0.0383 -0.9992 -0.0106
vn -1.0000 -0.0001 -0.0001
vn -0.1206 0.9595 -0.2546
vn -0.1204 0.9595 -0.2549
vn -0.2264 0.6060 -0.7625
vn -0.9683 0.2235 0.1117
vn 0.0684 -0.9569 0.2821
vn -0.3874 -0.5998 -0.7001
vn 0.0080 -0.0051 -1.0000
vn 0.0236 -0.0248 -0.9994
vn 0.0235 -0.0248 -0.9994
vn -0.5169 0.8558 0.0207
vn -0.0076 -0.6114 0.7913
vn 0.3800 0.3018 -0.8744
vn 0.3193 0.2622 -0.9107
vn -0.0331 0.0261 -0.9991
vn -0.0318 -0.3132 0.9492
vn -0.9999 0.0104 0.0051
vn -1.0000 -0.0022 -0.0070
vn -0.0080 0.0052 1.0000
vn -0.0235 0.0248 0.9994
vn -0.0279 0.0420 0.9987
vn -0.0000 0.0053 -1.0000
vn 0.0409 -0.0242 -0.9989
vn 0.3086 -0.3229 -0.8947
vn -0.0081 -0.9981 -0.0611
vn -0.0191 -0.9995 -0.0256
vn -0.1864 0.9824 0.0110
vn -0.1731 0.9848 0.0168
vn -0.4643 0.8824 -0.0763
vn -0.4100 0.9069 -0.0972
vn -0.9967 -0.0816 -0.0001
vn -0.1863 0.9822 0.0244
vn -0.0161 0.9830 0.1827
vn -0.0845 0.9188 0.3856
vn -0.0000 0.8896 -0.4567
vn -0.0000 0.9607 -0.2776
vn -0.8845 -0.2977 0.3591
vn -0.4057 -0.9107 -0.0774
vn -0.4054 -0.9118 -0.0653
vn -0.0147 0.8949 0.4461
vn -0.5968 0.7990 -0.0730
vn -0.0001 0.6245 -0.7810
vn 0.1475 0.9849 -0.0901
vn 0.0634 0.0193 0.9978
vn 0.0904 0.0272 0.9955
vn -1.0000 -0.0001 -0.0000
vn 0.7039 -0.2115 -0.6780
vn 0.1309 -0.1155 -0.9846
vn 0.1300 -0.1056 -0.9859
vn 0.1299 -0.1056 -0.9859
vn -0.9997 -0.0234 0.0085
vn -0.9998 -0.0216 0.0047
vn -0.7864 -0.3894 0.4795
vn -0.6481 0.1789 0.7403
vn -0.0191 -0.9993 0.0307
vn -0.0135 -0.9977 0.0657
vn -0.0384 -0.9988 0.0300
vn -0.9931 0.1149 -0.0238
vn -0.0269 -0.9996 -0.0007
vn -0.0192 -0.9998 0.0067
vn -0.0383 -0.9992 0.0068
vn 0.9984 -0.0566 0.0095
vn -0.0976 0.9933 0.0619
vn -0.9993 0.0339 0.0181
vn 0.3862 -0.5885 -0.7103
vn 0.5851 -0.5833 -0.5635
vn -0.8518 0.0398 0.5223
vn -0.1964 -0.9775 0.0776
vn -0.1964 -0.9775 0.0775
vn -1.0000 -0.0023 -0.0008
vn -1.0000 -0.0097 -0.0017
vn -0.3402 -0.0604 0.9384
vn -0.8214 0.3454 0.4538
vn -0.9688 0.2478 -0.0053
vn 0.0541 -0.1836 -0.9815
vn 0.0270 -0.1853 -0.9823
vn -0.2794 0.9494 -0.1437
vn -0.2893 0.9473 -0.1375
vn -0.0303 0.9576 -0.2866
vn 0.0394 -0.0198 0.9990
vn 0.0331 -0.0261 0.9991
vn 0.0068 -0.0189 -0.9998
vn 0.0261 -0.0550 -0.9981
vn -0.3229 -0.3419 -0.8825
vn 0.9310 0.3624 0.0427
vn -0.0855 0.8890 0.4499
vn -0.0555 0.8720 0.4863
vn -0.0328 0.8718 0.4888
vn 0.0078 0.9194 -0.3933
vn -0.0492 -0.0309 -0.9983
vn 0.9928 0.1189 -0.0164
vn -1.0000 -0.0019 -0.0008
vn -0.9914 -0.0844 0.1005
vn -1.0000 -0.0088 -0.0004
vn 0.0214 -0.9752 -0.2204
vn 0.0300 -0.9945 -0.1004
vn -0.9992 -0.0409 -0.0001
vn -0.3084 0.9378 -0.1594
vn -0.9047 -0.1050 0.4129
vn -0.0067 -0.9978 0.0662
vn -0.0051 0.8877 0.4605
vn -0.6022 0.5111 0.6133
vn -0.9991 -0.0056 -0.0415
vn 0.8279 -0.0622 -0.5574
vn -0.1056 0.9598 -0.2602
vn 0.6158 0.5134 -0.5976
vn -0.0067 -0.9980 -0.0623
vn -0.8280 0.1915 0.5270
vn 0.0331 0.9320 -0.3609
vn -0.9997 -0.0074 -0.0221
vn -0.0234 0.9567 -0.2901
vn 0.0568 0.0970 -0.9937
vn -0.9976 -0.0584 0.0371
vn 0.9533 -0.2648 -0.1453
vn -0.0541 -0.1836 -0.9815
vn -0.0401 -0.1833 -0.9822
vn -0.3862 -0.5885 -0.7103
vn -0.8674 0.4450 0.2228
vn 0.7844 0.1777 -0.5942
vn 0.3519 -0.3223 -0.8788
vn -0.0009 -0.6123 0.7906
vn -0.0018 -0.6123 0.7906
vn -0.0001 0.8896 -0.4567
vn -0.7593 0.6060 0.2371
vn -0.5851 -0.5833 -0.5635
vn 0.3931 -0.9193 -0.0215
vn -0.9451 0.0094 0.3266
vn -0.1659 0.9700 -0.1775
vn 0.8067 -0.1645 -0.5676
vn 0.7965 -0.2437 -0.5533
vn -0.0409 0.0243 0.9989
vn -0.0000 -0.0053 1.0000
vn 0.3281 -0.8823 -0.3375
vn -0.0393 0.8137 0.5800
vn 0.1355 -0.0839 -0.9872
vn 0.1349 -0.0833 -0.9874
vn -0.7378 0.6704 0.0789
vn -0.9999 -0.0103 -0.0007
vn 0.0278 -0.0420 -0.9987
vn 0.0279 -0.0420 -0.9987
vn -0.9310 0.3624 0.0427
vn -0.1139 0.6203 -0.7761
vn 0.1308 -0.1157 -0.9846
vn 0.1250 -0.1051 -0.9866
vn 0.1250 -0.1052 -0.9866
vn -0.2503 -0.1302 0.9594
vn -0.3229 0.9301 -0.1751
vn -0.1475 -0.9849 0.0901
vn 0.0856 -0.0488 -0.9951
vn -0.0000 -0.0127 -0.9999
vn -1.0000 -0.0005 -0.0005
vn 0.8489 -0.2796 -0.4486
vn -0.0134 -0.9999 -0.0007
vn 0.8411 0.3462 0.4155
vn -0.0261 0.0550 0.9981
vn -0.0068 0.0189 0.9998
vn -0.9701 -0.1525 0.1890
vn -0.9961 -0.0716 0.0513
vn -0.9882 -0.1208 0.0947
vn 0.0245 -0.0450 -0.9987
vn -0.6252 0.7168 0.3087
vn -0.1249 0.1051 0.9866
vn -0.9927 0.1193 -0.0164
vn -0.4115 0.9092 0.0634
vn -0.1859 0.8771 0.4429
vn 0.0365 -0.9970 -0.0689
vn -0.1490 -0.1321 0.9800
vn -0.0000 -0.0047 1.0000
vn 0.0269 -0.9996 -0.0007
vn 0.4100 0.9069 -0.0972
vn 0.9986 0.0468 0.0258
vn 0.2503 -0.1302 0.9594
vn -0.0409 -0.0242 -0.9989
vn -0.0410 -0.0243 -0.9989
vn 0.0331 0.0261 -0.9991
vn -0.0068 -0.0189 -0.9998
vn -0.0080 -0.0051 -1.0000
vn -0.0080 -0.0052 -1.0000
vn -0.0633 0.0193 0.9978
vn -0.0492 0.0310 0.9983
vn -0.0492 0.0309 0.9983
vn -0.8489 -0.2796 -0.4486
vn -0.1355 -0.0839 -0.9872
vn -0.1613 -0.1065 -0.9811
vn -0.1349 -0.0833 -0.9874
vn -0.0078 0.9194 -0.3933
vn 0.1475 -0.9849 0.0901
vn -0.0856 -0.0488 -0.9951
vn 0.0394 0.0198 -0.9990
vn 0.1249 0.1051 0.9866
vn 0.1278 0.1116 0.9855
vn 0.1279 0.1119 0.9855
vn 0.0883 -0.0336 -0.9955
vn 0.1152 -0.0391 -0.9926
vn -0.0394 -0.0198 0.9990
vn 0.1242 0.0982 0.9874
vn 0.5968 0.7990 -0.0730
vn 0.0864 0.0490 0.9951
vn 0.0863 0.0489 0.9951
vn 0.0276 0.0420 0.9987
vn 0.0234 0.0248 0.9994
vn 0.0279 0.0421 0.9987
vn 0.0261 0.0550 0.9981
vn 0.0068 0.0189 0.9998
vn 0.0067 0.0189 0.9998
vn 0.3914 0.9202 -0.0000
vn -0.0634 0.0193 0.9978
vn -0.0904 0.0272 0.9955
vn -0.0915 0.0272 0.9954
vn 0.4115 0.9092 0.0634
vn -0.0863 0.0489 0.9951
vn -0.1312 0.0787 0.9882
vn -0.1307 0.0783 0.9883
vn -0.5395 0.8420 -0.0000
vn 0.7253 0.6873 -0.0397
vn 0.4051 0.9127 -0.0527
vn 0.3893 0.9196 -0.0531
vn 0.0915 0.0272 0.9954
vn 0.1215 0.0265 0.9922
vn -0.0067 0.0189 0.9998
vn -0.4208 0.9071 -0.0000
vn -0.9943 -0.0026 -0.1064
vn -0.9953 -0.0044 -0.0967
vn -0.9943 -0.0048 -0.1064
vn -0.6721 -0.7405 -0.0000
vn -0.7093 -0.7043 -0.0304
vn -0.7169 -0.6962 -0.0368
vn -0.0000 -0.0511 -0.9987
vn -0.0000 -0.0510 -0.9987
vn -0.0000 -0.9983 0.0577
vn -0.3907 -0.9190 0.0531
vn -0.0000 0.9992 -0.0392
vn -0.0000 0.9933 -0.1156
vn 0.0003 0.9992 -0.0393
vn 0.8726 0.0220 0.4879
vn 0.8127 0.0262 0.5821
vn 0.7093 0.7042 0.0304
vn 0.6721 0.7405 -0.0000
vn 0.7169 0.6962 0.0368
vn 0.8765 0.4731 -0.0885
vn 0.7373 0.6744 -0.0390
vn -0.9953 0.0001 -0.0969
vn -0.9943 0.0051 -0.1064
vn -0.9953 0.0046 -0.0970
vn -0.4450 -0.8955 -0.0000
vn -0.4689 -0.8833 -0.0000
vn 0.0010 -0.9997 0.0224
vn -0.0000 -0.9993 0.0382
vn 0.0061 -0.9998 -0.0198
vn 0.7062 0.7080 0.0006
vn 0.7743 0.6324 0.0231
vn 0.6941 0.7199 -0.0000
vn -0.0000 1.0000 -0.0000
vn 0.1139 0.9935 -0.0000
vn -0.8784 -0.4687 0.0935
vn -0.8967 -0.4163 0.1504
vn -0.8763 -0.4738 0.0878
vn 0.7953 0.6020 0.0711
vn 0.2229 0.9633 0.1492
vn 0.2212 0.9705 0.0958
vn 0.3480 0.9033 0.2510
vn -0.0002 -0.9990 0.0443
vn -0.0010 -0.9990 0.0444
vn -0.0000 -0.9990 0.0450
vn -0.0000 -0.9992 0.0393
vn -0.0000 -0.9992 0.0392
vn 0.3089 -0.0261 0.9507
vn 0.0936 0.0237 0.9953
vn -0.0001 0.0065 1.0000
vn 0.7980 0.6006 0.0501
vn 0.7790 0.6264 0.0283
vn -0.0000 -0.9992 0.0391
vn -0.0004 -0.9992 0.0393
vn 0.0005 0.9991 -0.0415
vn 0.0368 0.9992 0.0145
vn 0.0004 0.9928 -0.1198
vn 0.0001 0.9799 -0.1996
vn 0.0001 0.9928 -0.1201
vn -0.0000 -0.9992 0.0388
vn 0.8427 0.5385 -0.0000
vn 0.7086 0.7056 -0.0000
vn 0.8473 0.5311 -0.0000
vn -0.0000 -0.0450 -0.9990
vn 0.0298 0.0747 0.9968
vn -0.0000 0.0693 0.9976
vn -0.0000 0.0530 0.9986
vn -0.7997 -0.5961 -0.0715
vn -0.8396 -0.5380 -0.0750
vn -0.8396 -0.5380 -0.0751
vn -0.0892 -0.9954 0.0339
vn -0.0000 -0.9991 0.0417
vn 0.0002 -0.9990 0.0444
vn 0.9071 0.4208 -0.0000
vn 0.1887 0.2765 0.9423
vn -0.1572 -0.0998 -0.9825
vn -0.1614 -0.1066 -0.9811
vn -0.0236 -0.0248 -0.9994
vn -0.0235 -0.0248 -0.9994
vn 0.0634 -0.0193 -0.9978
vn 0.0633 -0.0193 -0.9978
vn -0.0331 -0.0261 0.9991
vn -0.0245 -0.0450 -0.9987
vn -0.0278 -0.0420 -0.9987
vn -0.1250 -0.1051 -0.9866
vn -0.1308 -0.1157 -0.9846
vn -0.1250 -0.1052 -0.9866
vn 0.8280 0.1915 0.5270
vn -0.1300 -0.1056 -0.9859
vn -0.1309 -0.1155 -0.9846
vn -0.1299 -0.1056 -0.9859
vn 0.0409 0.0242 0.9989
vn 0.0383 -0.9992 -0.0106
vn 0.0492 -0.0310 -0.9983
vn 0.0080 0.0052 1.0000
vn 0.0080 0.0053 1.0000
vn 0.1662 0.1134 0.9796
vn 0.1616 0.1083 0.9809
vn 0.1616 0.1082 0.9809
vn 0.9927 0.1193 -0.0164
vn -0.0261 -0.0550 -0.9981
vn 0.0245 0.0450 0.9987
vn 0.1312 0.0788 0.9882
vn 0.0410 0.0243 0.9989
vn 0.4208 0.9071 -0.0000
vn -0.1215 0.0265 0.9922
vn 0.1307 0.0783 0.9883
vn 0.7093 -0.7043 -0.0304
vn 0.6721 -0.7405 -0.0000
vn 0.7169 -0.6962 -0.0368
vn 0.5395 0.8420 -0.0000
vn 0.0492 -0.0309 -0.9983
vn 0.7056 0.7086 -0.0000
vn 0.6398 0.7685 -0.0000
vn 0.4707 0.8823 -0.0000
vn 0.4429 0.8966 -0.0000
vn -0.8858 -0.4641 -0.0000
vn -0.9202 -0.3914 -0.0000
vn -0.9617 -0.0124 -0.2740
vn -0.9953 -0.0044 -0.0968
vn 0.9202 0.3914 -0.0000
vn 0.8858 0.4641 -0.0000
vn -0.0004 0.9811 -0.1934
vn -0.0000 0.9930 -0.1179
vn -0.0000 0.9811 -0.1934
vn -0.0038 -0.0362 0.9993
vn -0.0875 -0.8345 0.5440
vn -0.6398 -0.7685 -0.0000
vn -0.7058 -0.7084 -0.0000
vn -0.7085 -0.7057 -0.0000
vn -0.1511 -0.9885 -0.0000
vn 0.7071 0.7072 -0.0000
vn 0.3632 0.9317 -0.0000
vn 0.3508 0.9365 -0.0000
vn 0.7426 0.0302 0.6691
vn 0.7426 0.0301 0.6691
vn 0.0001 -0.9992 0.0393
vn -0.0003 -0.9992 0.0390
vn -0.0000 -0.9992 0.0390
vn -0.7953 -0.6020 -0.0711
vn 0.1511 0.9885 -0.0000
vn -0.0011 -0.9992 0.0405
vn -0.0005 -0.9991 0.0415
vn -0.9660 -0.0106 -0.2583
vn -0.8917 -0.0204 -0.4521
vn -0.9615 -0.0124 -0.2746
vn -0.8428 -0.5382 -0.0000
vn -0.8472 -0.5313 -0.0000
vn -0.0890 -0.6999 0.7087
vn -0.0890 -0.9955 0.0318
vn -0.7154 -0.6987 -0.0000
vn -0.7077 -0.7065 -0.0000
vn -0.7058 -0.7084 -0.0006
vn -0.7742 -0.6325 -0.0230
vn -0.7791 -0.6263 -0.0284
vn -0.7980 -0.6006 -0.0501
vn -0.0000 0.9983 -0.0577
vn -0.0030 -0.9991 0.0413
vn -0.0024 -0.9991 0.0431
vn -0.6945 -0.7195 -0.0005
vn -0.0006 -0.9990 0.0451
vn -0.3624 -0.9320 -0.0000
vn -0.1139 -0.9935 -0.0000
vn 0.7161 0.6980 -0.0000
vn -0.0001 0.0485 0.9988
vn -0.9071 -0.4208 -0.0000
vn 0.8967 0.4163 -0.1504
vn 0.8781 0.4694 -0.0927
vn -0.7251 -0.6875 0.0397
vn -0.4038 -0.9133 0.0528
vn -0.7374 -0.6744 0.0390
vn 0.8396 0.5380 0.0751
vn 0.7997 0.5961 0.0715
vn 0.8396 0.5380 0.0750
vn -0.7253 0.6873 -0.0397
vn -0.4051 0.9127 -0.0527
vn -0.7373 0.6744 -0.0390
vn 0.9953 -0.0044 -0.0967
vn 0.9943 -0.0027 -0.1064
vn 0.9943 -0.0048 -0.1064
vn 0.3907 -0.9190 0.0531
vn 0.1280 0.9821 0.1379
vn -0.0003 0.9992 -0.0393
vn -0.8127 0.0262 0.5821
vn -0.8726 0.0220 0.4879
vn -0.6721 0.7405 -0.0000
vn -0.7093 0.7042 0.0304
vn -0.7169 0.6962 0.0368
vn -0.7953 0.6020 0.0711
vn -0.7997 0.5961 0.0715
vn 0.7058 -0.7084 -0.0000
vn 0.6398 -0.7685 -0.0000
vn 0.7085 -0.7057 -0.0000
vn -0.1511 0.9885 -0.0000
vn -0.0037 0.1468 0.9892
vn -0.3508 0.9365 -0.0000
vn -0.2212 0.9705 0.0958
vn -0.2229 0.9633 0.1492
vn -0.3479 0.9033 0.2510
vn 0.7953 -0.6020 -0.0711
vn -0.7062 0.7080 0.0006
vn -0.7743 0.6324 0.0231
vn -0.7790 0.6264 0.0283
vn 0.9071 -0.4208 -0.0000
vn 0.8472 -0.5313 -0.0000
vn 0.8858 -0.4641 -0.0000
vn 0.7154 -0.6987 -0.0000
vn 0.7077 -0.7065 -0.0000
vn -0.8473 0.5311 -0.0000
vn -0.9071 0.4208 -0.0000
vn 0.4689 -0.8833 -0.0000
vn 0.6945 -0.7195 -0.0005
vn 0.4450 -0.8955 -0.0000
vn 0.0002 -0.9990 0.0443
vn 0.0010 -0.9990 0.0444
vn 0.0024 -0.9991 0.0431
vn 0.0006 -0.9990 0.0451
vn 0.0001 -0.6943 0.7197
vn -0.4046 0.9145 -0.0064
vn -0.4707 0.8823 -0.0000
vn -0.6941 0.7199 -0.0000
vn 0.1511 -0.9885 -0.0000
vn -0.1139 0.9935 -0.0000
vn -0.6398 0.7685 -0.0000
vn -0.7056 0.7086 -0.0000
vn -0.7086 0.7056 -0.0000
vn -0.8765 0.4731 -0.0885
vn -0.7071 0.7072 -0.0000
vn -0.3632 0.9317 -0.0000
vn -0.7161 0.6980 -0.0000
vn 0.0011 -0.9992 0.0405
vn 0.0005 -0.9991 0.0415
vn 0.9943 0.0051 -0.1064
vn 0.9953 0.0001 -0.0969
vn 0.9953 0.0046 -0.0970
vn 0.8917 -0.0204 -0.4521
vn 0.9660 -0.0106 -0.2583
vn 0.9615 -0.0124 -0.2746
vn -0.8858 0.4641 -0.0000
vn -0.9202 0.3914 -0.0000
vn 0.8967 -0.4163 0.1504
vn 0.8784 -0.4687 0.0935
vn 0.8763 -0.4738 0.0878
vn 0.0004 0.9811 -0.1934
vn -0.8396 0.5380 0.0751
vn -0.8396 0.5380 0.0750
vn -0.3088 -0.0261 0.9508
vn -0.0936 0.0237 0.9953
vn -0.3089 -0.0261 0.9507
vn -0.4429 0.8966 -0.0000
vn 0.9617 -0.0124 -0.2740
vn 0.7058 -0.7084 -0.0006
vn 0.7742 -0.6325 -0.0230
vn -0.7980 0.6006 0.0501
vn 0.9202 -0.3914 -0.0000
vn 0.7980 -0.6006 -0.0501
vn 0.7791 -0.6263 -0.0284
vn 0.0003 -0.9992 0.0389
vn -0.0001 -0.9992 0.0393
vn 0.9953 -0.0044 -0.0968
vn -0.0005 0.9991 -0.0415
vn -0.1280 0.9821 0.1379
vn -0.7426 0.0302 0.6691
vn 0.0001 -0.9992 0.0392
vn 0.0038 -0.0362 0.9993
vn 0.0875 -0.8345 0.5440
vn -0.0010 -0.9997 0.0224
vn -0.0061 -0.9998 -0.0198
vn 0.3624 -0.9320 -0.0000
vn 0.3517 -0.9361 -0.0000
vn 0.0001 0.0485 0.9988
vn -0.0298 0.0747 0.9968
vn 0.8396 -0.5380 -0.0750
vn 0.7997 -0.5961 -0.0715
vn 0.8396 -0.5380 -0.0751
vn 0.1067 0.0448 0.9933
vn -0.0264 0.0154 0.9995
vn 0.8428 -0.5382 -0.0000
vn -0.0001 0.9799 -0.1996
vn -0.0004 0.9928 -0.1198
vn -0.0001 0.9928 -0.1201
vn -0.3893 0.9196 -0.0531
vn -0.0714 0.9741 -0.2146
vn 0.0003 0.9931 -0.1175
vn 0.0025 -0.7321 0.6812
vn -0.0080 0.8781 0.4784
vn -0.0000 0.9991 -0.0417
vn -0.0810 0.9925 -0.0920
vn -0.0006 0.9991 -0.0418
vn -0.1387 0.9760 -0.1680
vn -0.3474 0.9005 -0.2616
vn 0.0030 -0.9991 0.0413
vn -0.3228 0.9247 0.2018
vn -0.1068 0.9884 0.1076
vn -0.1073 0.9935 0.0369
vn 0.1007 0.0448 0.9939
vn -0.0053 0.0395 0.9992
vn 0.1139 -0.9935 -0.0000
vn -0.8804 0.0213 0.4737
vn -0.8781 0.4694 -0.0927
vn -0.8967 0.4163 -0.1504
vn 0.0892 -0.9954 0.0339
vn -0.0002 -0.9990 0.0444
vn -0.8427 0.5385 -0.0000
vn 0.7251 -0.6875 0.0397
vn 0.4038 -0.9133 0.0528
vn 0.7374 -0.6744 0.0390
vn 0.1387 0.9760 -0.1680
vn 0.3474 0.9005 -0.2616
vn 0.0715 0.9741 -0.2146
vn 0.0002 0.9103 0.4138
vn 0.0890 -0.9955 0.0318
vn -0.1067 0.0448 0.9933
vn 0.0264 0.0154 0.9995
vn 0.0053 0.0395 0.9992
vn -0.0022 -0.7322 0.6811
vn -0.0003 0.9931 -0.1175
vn -0.0011 0.9808 -0.1950
vn 0.1073 0.9935 0.0369
vn 0.1068 0.9884 0.1076
vn 0.0037 0.1468 0.9892
vn -0.0368 0.9992 0.0145
vn 0.0810 0.9925 -0.0920
vn -0.1007 0.0448 0.9939
vn 0.3228 0.9247 0.2018
vn 0.0896 0.9769 0.1941
vn 0.8804 0.0213 0.4737
vn -0.0000 -0.9985 0.0548
vn -0.7426 0.0301 0.6691
vn -0.0000 0.9984 -0.0560
vn -0.0238 0.9995 -0.0188
vn -0.0148 0.9996 -0.0232
vn 0.0006 0.9801 -0.1985
vn 0.0011 0.9808 -0.1950
vn -0.0128 0.9988 -0.0471
vn 0.0011 0.9984 -0.0565
vn 0.0002 0.9984 -0.0564
vn -0.9122 0.0225 0.4091
vn -0.8975 0.1161 0.4254
vn -0.9035 0.0559 0.4250
vn -0.0009 1.0000 0.0045
vn -0.0001 0.9997 -0.0249
vn -0.0004 0.9997 -0.0257
vn -0.0003 1.0000 0.0060
vn -0.0000 0.9997 -0.0247
vn -0.5920 -0.6677 0.4513
vn -0.0550 0.9983 0.0204
vn -0.0369 0.9992 -0.0122
vn -0.0006 0.9801 -0.1985
vn -0.0071 0.9997 -0.0230
vn 0.0007 0.9984 -0.0561
vn 0.0001 0.9984 -0.0560
vn -0.8684 0.0272 0.4950
vn -0.7715 0.0349 0.6353
vn -0.8690 0.0304 0.4938
vn -0.0367 0.9993 0.0111
vn -0.5398 0.0461 0.8405
vn -0.4366 0.0493 0.8983
vn -0.0794 0.9963 0.0330
vn -0.0464 0.9989 -0.0068
vn -0.2537 0.9599 0.1191
vn -0.1260 0.9915 0.0326
vn -0.1048 0.9933 0.0482
vn 0.0008 0.9984 -0.0564
vn -0.8843 0.2115 0.4164
vn -0.1889 0.9819 -0.0170
vn -0.0000 0.0548 0.9985
vn 0.4802 -0.0480 -0.8758
vn 0.4496 -0.0489 -0.8919
vn -0.0101 0.9999 0.0042
vn 0.0004 0.9984 -0.0561
vn -0.9200 0.0215 0.3913
vn -0.9122 0.0224 0.4091
vn -0.2063 0.0536 0.9770
vn -0.6360 0.0423 0.7705
vn -0.6897 0.0397 0.7230
vn -0.0083 0.0548 0.9985
vn -0.8746 0.0073 0.4848
vn -0.9212 0.0168 0.3887
vn -0.1287 -0.0543 -0.9902
vn 0.1698 -0.0540 -0.9840
vn 0.4215 -0.9068 -0.0051
vn 0.4173 -0.9080 0.0375
vn -0.0000 0.9984 -0.0561
vn 0.4243 0.8949 -0.1381
vn -0.2604 -0.0529 -0.9640
vn 0.0258 0.9996 0.0063
vn 0.0071 0.9997 -0.0230
vn 0.0101 0.9999 0.0042
vn 0.0464 0.9989 -0.0068
vn -0.0003 0.9984 -0.0562
vn 0.0369 0.9992 -0.0122
vn 0.0009 1.0000 0.0045
vn 0.0001 0.9997 -0.0249
vn 0.0003 1.0000 0.0060
vn -0.0002 0.9984 -0.0564
vn -0.0011 0.9984 -0.0565
vn 0.0128 0.9988 -0.0471
vn -0.0001 0.9984 -0.0560
vn 0.0149 0.9996 -0.0232
vn 0.9122 0.0225 0.4091
vn 0.9035 0.0563 0.4250
vn 0.8975 0.1161 0.4254
vn -0.0000 1.0000 0.0067
vn 0.1260 0.9915 0.0326
vn 0.0236 0.9995 -0.0188
vn 0.0550 0.9983 0.0204
vn 0.0367 0.9993 0.0111
vn -0.0007 0.9984 -0.0561
vn 0.1048 0.9933 0.0482
vn 0.0794 0.9963 0.0330
vn 0.2537 0.9599 0.1191
vn 0.8843 0.2115 0.4163
vn 0.8690 0.0304 0.4938
vn -0.0004 0.9984 -0.0561
vn 0.0001 0.9997 -0.0254
vn 0.0001 -0.9985 0.0548
vn 0.4367 0.0493 0.8983
vn 0.2063 0.0536 0.9770
vn 0.4366 0.0493 0.8983
vn 0.9200 0.0215 0.3913
vn 0.9122 0.0224 0.4091
vn 0.8684 0.0272 0.4950
vn 0.7715 0.0349 0.6353
vn 0.5398 0.0461 0.8405
vn 0.9023 0.0236 0.4304
vn 0.6897 0.0397 0.7230
vn 0.6360 0.0423 0.7705
vn 0.1287 -0.0543 -0.9902
vn -0.1698 -0.0540 -0.9840
vn 0.0083 0.0548 0.9985
vn -0.2698 -0.0527 -0.9615
vn -0.4215 -0.9068 -0.0051
vn -0.5631 -0.8182 -0.1162
vn -0.5934 -0.7995 -0.0929
vn -0.5631 -0.8182 -0.1163
vn 0.2783 -0.0526 -0.9590
vn -0.9023 0.0236 0.4304
vn -0.0000 -0.0548 -0.9985
vn 0.4160 -0.0498 -0.9080
vn 0.3258 -0.0518 -0.9440
vn 0.1507 -0.0542 -0.9871
vn -0.4802 -0.0480 -0.8758
vn -0.4496 -0.0489 -0.8919
vn 0.5920 -0.6677 0.4513
vn 0.6213 -0.6289 0.4674
vn 0.2604 -0.0529 -0.9640
vn -0.2783 -0.0526 -0.9590
vn -0.4160 -0.0498 -0.9080
vn -0.3258 -0.0518 -0.9440
vn -0.1507 -0.0542 -0.9871
vn 0.2698 -0.0527 -0.9615
vn 0.0836 -0.9965 -0.0000
vn -0.7432 -0.6691 -0.0000
vn 0.7200 -0.6940 -0.0000
vn 0.9093 -0.4162 -0.0000
vn 0.5378 -0.8431 -0.0000
vn 0.3904 0.9206 -0.0000
vn 0.3247 0.9458 -0.0000
vn 0.9093 0.4162 -0.0000
vn 0.2719 -0.9623 -0.0000
vn 0.3904 -0.9206 -0.0000
vn 0.1723 0.9851 -0.0000
vn 0.2719 0.9623 -0.0000
vn 0.1052 0.9698 0.2201
vn -0.3517 -0.9361 -0.0000
vn -0.0000 0.7662 -0.6425
vn -0.4251 -0.7099 0.5615
vn 0.7200 0.6940 -0.0000
vn -0.0000 -0.9997 -0.0262
vn -0.0000 -0.9980 -0.0629
vn 0.5378 0.8431 -0.0000
vn -0.0000 0.4725 0.8813
vn -0.0000 0.7527 0.6584
vn 0.0836 0.9965 -0.0000
vn 0.5377 0.8431 -0.0000
vn 0.6543 -0.2385 -0.7176
vn -0.9961 0.0042 -0.0877
vn -0.9988 -0.0497 0.0007
vn 0.1723 -0.9851 -0.0000
vn -0.5455 0.0419 -0.8371
vn -0.9984 -0.0572 -0.0036
vn 0.3057 0.3163 -0.8980
vn -0.0777 -0.8677 -0.4910
vn -0.3247 0.9458 -0.0000
vn -0.3904 0.9206 -0.0000
vn -0.2719 0.9623 -0.0000
vn -0.0836 -0.9965 -0.0000
vn -0.7200 -0.6940 -0.0000
vn -0.5378 -0.8431 -0.0000
vn 0.7432 -0.6691 -0.0000
vn -0.9093 -0.4162 -0.0000
vn -0.9093 0.4162 -0.0000
vn -0.3904 -0.9206 -0.0000
vn -0.2719 -0.9623 -0.0000
vn -0.1723 -0.9851 -0.0000
vn -0.0836 0.9965 -0.0000
vn -0.7200 0.6940 -0.0000
vn -0.5377 0.8431 -0.0000
vn -0.5378 0.8431 -0.0000
vn -0.1723 0.9851 -0.0000
vn -0.1213 -0.3390 0.9330
vn 0.0003 0.9984 -0.0562
vn 0.0287 0.1100 0.9935
vn -0.0258 0.9996 0.0063
vn 0.9961 0.0042 -0.0877
vn -0.0001 -0.9985 0.0548
vn -0.1052 0.9698 0.2201
vn 0.0065 0.9998 0.0210
vn 0.9874 -0.1538 0.0368
vn -0.1820 0.9031 0.3890
vn 0.0130 -0.9984 -0.0553
vn 0.4251 -0.7099 0.5615
vn -0.6543 -0.2385 -0.7176
vn 0.3379 -0.3323 -0.8806
vn -0.3057 0.3163 -0.8980
vn 0.1774 -0.2942 0.9391
vn 0.1213 -0.3390 0.9330
vn 0.5634 -0.8135 0.1438
vn 0.0777 -0.8677 -0.4910
vn -0.1897 -0.8808 -0.4339
vn -0.0829 0.9951 0.0539
vn -0.0000 0.5149 -0.8572
vn -0.0000 -0.9391 0.3437
vn -0.0000 -0.6123 0.7906
vn -0.0000 -0.1270 0.9919
vn -0.0000 -0.1055 0.9944
vn -0.0000 -0.9995 0.0311
vn -0.0000 -0.9999 -0.0103
vn -0.0000 0.6245 -0.7810
vn -0.0000 0.9473 0.3203
vn 0.0165 0.9472 0.3202
vn -0.0000 -0.7934 0.6088
vn -0.0000 -0.9239 0.3827
vn -0.0000 -0.7933 0.6088
vn -0.4727 -0.2847 -0.8340
vn -0.0000 0.6088 -0.7934
vn -0.0000 0.3827 -0.9239
vn -0.8620 0.1940 0.4683
vn -0.8579 0.1627 0.4874
vn -0.8578 0.1639 0.4872
vn -0.0000 0.7934 0.6088
vn -0.0000 0.6088 0.7934
vn -0.0000 0.3827 0.9239
vn -0.8620 -0.5026 -0.0662
vn -0.8620 -0.5026 0.0662
vn -0.8620 -0.4022 -0.3086
vn -0.8620 -0.4683 -0.1940
vn 0.8620 -0.4683 -0.1940
vn 0.8620 -0.4022 -0.3086
vn -0.8609 -0.0152 0.5086
vn -0.8350 0.1821 0.5193
vn -0.8611 -0.0206 0.5080
vn -0.0000 -0.1114 0.9938
vn -0.0000 -0.3827 0.9239
vn -0.0000 -0.9914 0.1305
vn -0.0000 -0.9914 -0.1305
vn -0.0000 0.7934 -0.6088
vn -0.0000 0.1708 0.9853
vn 0.9801 -0.1985 -0.0000
vn 0.8620 0.4683 0.1940
vn 0.8620 0.4022 0.3086
vn 0.8620 0.5026 -0.0662
vn 0.8620 0.5026 0.0662
vn 0.8524 0.2130 0.4775
vn 0.8579 0.1627 0.4874
vn 0.8578 0.1639 0.4872
vn 0.8620 0.4022 -0.3086
vn 0.8620 0.3086 -0.4022
vn -0.0000 -0.9239 -0.3827
vn 0.8620 0.3086 0.4022
vn 0.8620 0.1940 0.4683
vn -0.0000 0.2474 -0.9689
vn -0.0000 0.2295 -0.9733
vn 0.8620 -0.1940 0.4683
vn 0.8609 -0.0152 0.5086
vn -0.8579 0.1627 -0.4874
vn -0.8620 0.1940 -0.4683
vn -0.8578 0.1639 -0.4872
vn -0.8620 0.3086 -0.4022
vn 0.8611 -0.0206 0.5080
vn 0.8350 0.1822 0.5192
vn -0.8620 -0.1940 0.4683
vn 0.8620 0.1940 -0.4683
vn -0.8620 -0.3086 0.4022
vn 0.8620 0.4683 -0.1940
vn -0.0000 -0.6088 -0.7934
vn -0.0000 -0.3827 -0.9239
vn 0.8620 -0.3086 0.4022
vn 0.8620 -0.4022 0.3086
vn -0.8620 -0.4022 0.3086
vn -0.8524 0.2130 -0.4775
vn -0.0000 0.9239 -0.3827
vn -0.8620 0.4022 -0.3086
vn 0.8620 -0.4683 0.1940
vn -0.0000 -0.7934 -0.6088
vn -0.8620 0.5026 0.0662
vn -0.8620 0.4683 0.1940
vn -0.8620 -0.4683 0.1940
vn -0.8620 0.4683 -0.1940
vn -0.0000 0.9914 -0.1305
vn 0.8620 -0.5026 0.0662
vn -0.0000 0.9914 0.1305
vn -0.8620 0.5026 -0.0662
vn -0.4899 -0.1133 0.8644
vn 0.8620 -0.5026 -0.0662
vn -0.0000 0.9239 0.3827
vn -0.8620 -0.1940 -0.4683
vn -0.8620 -0.3086 -0.4022
vn -0.0000 -0.1114 -0.9938
vn -0.8620 0.4022 0.3086
vn -0.8620 0.3086 0.4022
vn 0.8620 -0.3086 -0.4022
vn 0.8620 -0.1940 -0.4683
vn -0.9801 -0.1985 -0.0000
vn 0.4727 -0.2847 -0.8340
vn -0.8524 0.2130 0.4775
vn 0.8579 0.1627 -0.4874
vn 0.8578 0.1639 -0.4872
vn -0.8350 0.1822 0.5192
vn 0.8350 0.1821 0.5193
vn 0.8524 0.2130 -0.4775
vn 0.4899 -0.1133 0.8644
vn -0.8611 -0.0206 -0.5080
vn -0.8609 -0.0152 -0.5086
vn -0.0000 0.2474 0.9689
vn -0.0000 0.1708 -0.9853
vn 0.8609 -0.0152 -0.5086
vn -0.0000 0.2295 0.9733
vn -0.0000 -0.6088 0.7934
vn 0.8350 0.1821 -0.5193
vn 0.8611 -0.0206 -0.5080
vn -0.8350 0.1822 -0.5192
vn -0.4899 -0.1133 -0.8644
vn -0.4727 -0.2847 0.8340
vn 0.4727 -0.2847 0.8340
vn 0.4900 -0.1133 -0.8644
vn 0.8609 -0.0151 -0.5086
vn 0.8350 0.1822 -0.5192
vn -0.4900 -0.1133 -0.8644
vn 0.4899 -0.1133 -0.8644
vn -0.8350 0.1821 -0.5193
vn -0.8358 -0.4776 -0.2708
vn -0.8302 -0.4959 -0.2547
vn 0.6230 -0.5005 -0.6011
vn 0.5516 -0.4983 -0.6689
vn 0.5881 -0.4667 -0.6605
vn 0.6630 -0.4407 -0.6051
vn 0.6538 -0.4275 -0.6243
vn 0.5257 0.8502 -0.0278
vn 0.5165 0.8558 -0.0275
vn 0.4431 0.8836 -0.1513
vn 0.6801 0.6892 0.2502
vn 0.5278 0.8488 -0.0297
vn 0.5496 0.8354 0.0038
vn 0.7435 0.6179 -0.2556
vn 0.6798 0.7200 -0.1400
vn 0.7711 0.5910 -0.2370
vn 0.6573 0.7370 -0.1576
vn 0.7402 0.6198 -0.2605
vn 0.6567 0.7370 -0.1602
vn 0.4991 0.8658 -0.0356
vn 0.2984 0.9177 -0.2624
vn 0.4988 0.8657 -0.0426
vn -0.3088 -0.9445 -0.1125
vn -0.4863 -0.8738 -0.0050
vn -0.3326 -0.9342 -0.1287
vn 0.5247 0.8513 0.0041
vn 0.5100 0.8599 -0.0189
vn 0.5255 0.8508 0.0043
vn -0.1939 -0.9535 -0.2308
vn -0.3352 -0.9328 -0.1324
vn -0.1937 -0.9526 -0.2346
vn 0.5824 -0.4265 -0.6920
vn 0.6184 -0.4204 -0.6640
vn 0.5199 0.8527 -0.0512
vn 0.3579 0.9068 -0.2230
vn 0.4989 0.8660 -0.0348
vn -0.5688 -0.8187 -0.0791
vn -0.5106 -0.8597 0.0142
vn -0.6009 0.1632 -0.7825
vn -0.6622 0.0097 -0.7493
vn -0.6024 0.1567 -0.7827
vn 0.6856 -0.3271 -0.6503
vn 0.7479 -0.2814 -0.6012
vn 0.7202 -0.3397 -0.6049
vn 0.5364 0.8436 0.0254
vn 0.6157 0.7756 0.1391
vn 0.5348 0.8447 0.0213
vn -0.4901 -0.8710 0.0343
vn -0.5074 -0.8616 0.0138
vn -0.4951 -0.8682 0.0329
vn -0.1959 -0.9411 -0.2757
vn -0.4169 -0.8630 -0.2855
vn -0.3641 -0.8468 -0.3878
vn 0.3073 0.8463 -0.4352
vn 0.5540 0.7717 -0.3125
vn 0.5636 0.7151 -0.4136
vn 0.5343 0.8446 -0.0334
vn 0.5435 0.8393 -0.0155
vn 0.5127 0.8585 -0.0141
vn -0.7862 -0.3810 -0.4867
vn -0.8219 -0.2337 -0.5194
vn -0.8549 -0.2856 -0.4331
vn -0.6628 0.0076 -0.7487
vn -0.5219 -0.8529 -0.0136
vn -0.5435 -0.8384 -0.0418
vn -0.6666 -0.7072 -0.2356
vn 0.5117 0.8590 -0.0152
vn 0.5325 0.8457 -0.0362
vn 0.5111 0.8594 -0.0165
vn -0.4944 -0.8684 0.0379
vn -0.4947 -0.8686 0.0265
vn -0.4850 -0.8731 0.0492
vn -0.5037 -0.8638 0.0112
vn 0.5379 0.8425 0.0281
vn 0.5106 0.8597 -0.0142
vn 0.7565 -0.3893 -0.5256
vn 0.7469 -0.3619 -0.5578
vn 0.7772 -0.3212 -0.5412
vn 0.3979 0.8777 -0.2672
vn 0.2145 0.8989 -0.3821
vn -0.5328 -0.8460 -0.0229
vn -0.5609 -0.8263 -0.0517
vn -0.4871 -0.8733 -0.0065
vn -0.3347 -0.9333 -0.1300
vn -0.7070 -0.6066 -0.3634
vn -0.6280 -0.7532 -0.1956
vn -0.6377 -0.7435 -0.2012
vn -0.6028 0.1557 -0.7825
vn -0.6628 0.0077 -0.7487
vn -0.6028 0.1558 -0.7825
vn -0.1392 0.8998 -0.4135
vn -0.1647 0.8765 -0.4523
vn -0.0451 0.9409 -0.3357
vn -0.0489 0.8605 -0.5072
vn 0.1150 0.8960 -0.4288
vn 0.5335 0.8451 -0.0349
vn -0.7378 -0.5399 -0.4051
vn 0.4024 0.8970 -0.1831
vn -0.1958 0.8207 -0.5368
vn -0.5052 -0.8630 0.0094
vn -0.5167 -0.8562 -0.0066
vn -0.5036 -0.8639 0.0080
vn -0.5608 -0.8250 -0.0695
vn -0.5680 -0.8193 -0.0779
vn -0.5088 -0.8608 0.0126
vn -0.5427 -0.8387 -0.0452
vn 0.4753 0.8770 -0.0702
vn 0.4856 0.8725 -0.0551
vn -0.5220 -0.8529 -0.0065
vn 0.7200 0.2058 0.6627
vn 0.7155 0.1907 0.6721
vn 0.7154 0.1906 0.6722
vn -0.5063 -0.8623 0.0073
vn -0.5084 -0.8610 0.0123
vn -0.5051 -0.8630 0.0093
vn 0.3446 0.9105 -0.2285
vn -0.5221 -0.8529 -0.0078
vn 0.7149 0.1880 0.6735
vn 0.5115 0.8592 -0.0150
vn 0.5143 0.8575 -0.0124
vn 0.1889 0.9019 -0.3883
vn -0.4704 -0.8822 -0.0209
vn -0.4461 -0.8889 0.1043
vn -0.4388 -0.8935 0.0955
vn -0.4962 -0.8676 0.0325
vn -0.4769 -0.8789 0.0125
vn 0.5382 0.8424 0.0279
vn -0.1904 -0.9545 -0.2296
vn 0.4366 -0.4356 0.7872
vn 0.3349 -0.5623 0.7561
vn 0.3348 -0.5600 0.7579
vn 0.5378 0.8428 0.0237
vn 0.5232 0.8521 -0.0174
vn 0.5562 0.6100 0.5643
vn 0.5583 0.5976 0.5755
vn 0.5686 0.4971 0.6555
vn -0.5094 -0.8604 0.0107
vn -0.5091 -0.8606 0.0129
vn -0.5081 -0.8612 0.0145
vn -0.2959 -0.7848 0.5446
vn -0.3126 -0.7904 0.5268
vn -0.1632 -0.7262 0.6679
vn 0.5310 0.8473 0.0061
vn -0.5667 -0.8203 -0.0777
vn -0.5574 -0.8260 -0.0836
vn -0.5002 -0.8656 -0.0227
vn -0.3414 -0.9259 -0.1617
vn 0.8358 0.3284 0.4401
vn 0.8218 0.3268 0.4668
vn 0.8354 0.3352 0.4355
vn -0.5267 0.2997 -0.7955
vn -0.5250 0.2986 -0.7970
vn -0.6016 0.1539 -0.7838
vn -0.5840 -0.7755 -0.2399
vn -0.6620 0.0049 -0.7495
vn -0.8600 0.3750 0.3461
vn -0.7119 0.4625 0.5284
vn -0.7801 0.4762 0.4059
vn -0.7986 -0.3119 -0.5147
vn -0.1610 0.7175 -0.6777
vn -0.1304 0.7376 -0.6625
vn -0.1699 0.7121 -0.6812
vn -0.6022 -0.6851 -0.4099
vn -0.5232 0.2975 -0.7986
vn -0.6007 0.1515 -0.7850
vn 0.5172 0.8556 -0.0201
vn 0.5052 0.8607 -0.0633
vn 0.4901 0.8696 -0.0604
vn 0.6472 0.7385 -0.1892
vn -0.4881 -0.8727 -0.0078
vn -0.5102 -0.8600 0.0113
vn -0.6920 -0.6275 -0.3569
vn -0.5993 0.1713 -0.7820
vn -0.1846 0.7028 -0.6871
vn -0.1847 0.7027 -0.6871
vn 0.4562 0.8863 -0.0800
vn 0.4838 0.8735 -0.0540
vn -0.5260 -0.8504 -0.0098
vn 0.8940 0.2300 -0.3846
vn 0.8411 0.3721 -0.3925
vn 0.8358 -0.3766 -0.3995
vn 0.8183 -0.4195 -0.3931
vn 0.8099 -0.4381 -0.3900
vn -0.1868 0.7011 -0.6882
vn 0.5324 0.8458 -0.0339
vn 0.3107 0.8993 -0.3077
vn 0.4869 0.8720 -0.0511
vn -0.6612 0.0022 -0.7502
vn -0.0327 0.9451 -0.3251
vn -0.5097 -0.8603 0.0134
vn 0.6637 -0.4044 -0.6292
vn 0.6528 -0.3699 -0.6611
vn 0.4821 0.8742 -0.0568
vn 0.4818 0.8744 -0.0565
vn -0.4780 0.2696 -0.8360
vn -0.4236 0.2363 -0.8745
vn -0.4226 0.2356 -0.8752
vn 0.5109 0.8595 -0.0145
vn -0.3501 -0.9072 0.2333
vn 0.7284 0.6152 -0.3015
vn 0.6590 -0.4093 -0.6310
vn 0.4397 -0.4290 0.7891
vn 0.3362 -0.5583 0.7585
vn 0.3445 -0.5428 0.7659
vn 0.5267 -0.2997 0.7955
vn 0.4370 -0.4349 0.7873
vn 0.6840 -0.4061 -0.6060
vn -0.8500 -0.1909 0.4909
vn -0.8933 0.1497 0.4238
vn -0.9536 0.0550 0.2959
vn -0.8616 -0.3288 -0.3868
vn 0.7045 -0.4960 -0.5076
vn 0.6679 -0.5121 -0.5400
vn 0.6990 -0.4662 -0.5423
vn -0.1726 0.7095 -0.6832
vn -0.1795 0.7054 -0.6857
vn -0.1725 0.7096 -0.6832
vn -0.4231 -0.9041 -0.0605
vn 0.1252 0.9529 0.2761
vn -0.0055 0.9991 0.0409
vn -0.6547 0.4539 0.6045
vn -0.8196 0.3639 0.4425
vn -0.6926 0.3912 0.6060
vn -0.5109 0.4703 0.7196
vn -0.5544 0.2012 0.8076
vn -0.4387 0.4400 0.7835
vn 0.5284 -0.3008 0.7939
vn 0.6782 0.7182 0.1560
vn 0.6995 0.6229 0.3503
vn 0.7687 0.5838 0.2615
vn 0.6645 0.2929 -0.6875
vn 0.8441 0.2944 -0.4480
vn -0.4519 -0.8870 0.0951
vn -0.4463 -0.8886 0.1059
vn 0.5729 -0.3283 0.7510
vn 0.6188 -0.3569 0.6998
vn 0.7277 -0.4126 -0.5478
vn -0.5809 0.5563 0.5942
vn -0.5482 0.6304 0.5496
vn -0.6219 0.5241 0.5819
vn -0.5957 -0.2264 -0.7707
vn -0.4543 -0.0265 -0.8905
vn -0.5414 -0.2333 -0.8077
vn 0.5344 0.2364 -0.8115
vn 0.6505 0.2869 -0.7032
vn 0.6792 -0.4419 -0.5860
vn 0.6877 -0.4324 -0.5831
vn -0.7076 0.3640 0.6057
vn -0.3226 -0.9029 0.2840
vn 0.6542 -0.3311 -0.6799
vn 0.6749 0.4486 0.5859
vn 0.6218 0.3555 0.6979
vn 0.5824 0.4514 0.6760
vn -0.6208 0.2508 0.7428
vn 0.7631 0.1889 0.6181
vn 0.8165 0.3103 0.4870
vn 0.0315 -0.6250 -0.7800
vn 0.1820 -0.8743 -0.4499
vn 0.0337 -0.6396 -0.7680
vn 0.2309 -0.1580 -0.9601
vn 0.1110 -0.3200 -0.9409
vn 0.2306 -0.1578 -0.9602
vn 0.8628 0.2709 0.4268
vn 0.8617 0.2718 0.4285
vn 0.6929 -0.4285 -0.5799
vn 0.6592 0.7355 -0.1563
vn 0.6424 0.7219 0.2571
vn 0.6934 0.5669 0.4447
vn 0.1120 0.6981 -0.7072
vn 0.1165 0.7335 -0.6697
vn 0.1103 0.6994 -0.7062
vn -0.5074 -0.8616 0.0114
vn -0.5769 -0.7804 -0.2413
vn -0.4455 -0.8943 -0.0419
vn 0.1242 0.7349 -0.6667
vn -0.0187 0.7078 -0.7062
vn 0.0999 0.7330 -0.6728
vn -0.5090 0.5381 0.6719
vn -0.7055 0.0429 0.7074
vn -0.7264 -0.2307 -0.6474
vn -0.6798 -0.2349 -0.6948
vn -0.6649 -0.2360 -0.7086
vn 0.6980 -0.2762 -0.6607
vn 0.5819 0.8110 0.0597
vn 0.5143 0.8574 -0.0175
vn 0.5672 0.8209 0.0668
vn 0.1463 -0.7273 0.6706
vn 0.2054 -0.7386 0.6421
vn 0.1464 -0.7273 0.6705
vn -0.4970 -0.0153 -0.8676
vn -0.3421 0.1864 -0.9210
vn 0.7423 0.3786 0.5528
vn 0.7300 0.2481 0.6368
vn -0.6192 -0.7650 -0.1772
vn -0.5544 -0.8305 0.0542
vn -0.6600 -0.7400 -0.1297
vn -0.3632 0.1992 -0.9102
vn 0.4939 -0.4757 -0.7279
vn 0.5628 -0.5784 -0.5905
vn 0.5180 -0.5168 -0.6816
vn -0.3231 0.1748 -0.9301
vn 0.1480 0.6698 -0.7276
vn 0.6324 0.7506 0.1916
vn -0.5286 -0.7934 -0.3017
vn 0.5272 0.8211 -0.2186
vn 0.5770 0.8133 -0.0756
vn 0.6083 0.7865 -0.1065
vn -0.4983 -0.2534 -0.8291
vn -0.4218 -0.0379 -0.9059
vn 0.5112 0.8593 -0.0157
vn -0.1799 0.7052 -0.6858
vn 0.4383 -0.4396 0.7840
vn 0.3350 -0.5647 0.7543
vn 0.5103 0.8598 -0.0157
vn 0.4426 -0.4215 0.7915
vn 0.3092 -0.7412 0.5958
vn 0.5357 -0.5897 0.6044
vn 0.5010 -0.5831 0.6395
vn 0.7520 0.6590 -0.0133
vn 0.8232 0.5673 -0.0215
vn 0.1265 -0.3001 -0.9455
vn -0.3687 -0.9075 0.2012
vn -0.4187 -0.8773 0.2346
vn 0.2233 -0.7414 0.6328
vn -0.6551 -0.1148 0.7467
vn 0.1777 0.8794 0.4417
vn 0.6950 -0.4223 -0.5819
vn -0.5056 0.6061 0.6140
vn -0.5274 0.6187 0.5823
vn -0.4507 -0.8530 0.2632
vn -0.2747 0.5761 0.7698
vn 0.1781 0.8409 0.5110
vn 0.1773 0.7933 0.5824
vn -0.2187 -0.9757 0.0137
vn -0.1532 -0.9653 -0.2113
vn -0.1044 -0.9945 0.0043
vn 0.3489 -0.5339 0.7702
vn -0.4454 -0.8889 0.1073
vn 0.4376 -0.4374 0.7856
vn 0.5302 -0.3018 0.7923
vn -0.4716 -0.8793 0.0668
vn 0.4811 -0.3690 -0.7952
vn -0.4672 -0.8796 0.0898
vn -0.1408 -0.9476 0.2868
vn 0.7228 0.2147 0.6569
vn 0.5138 0.8578 -0.0170
vn 0.6943 0.6144 0.3748
vn -0.3037 -0.9350 0.1833
vn -0.2071 -0.9034 0.3755
vn -0.3534 -0.9094 0.2191
vn 0.5473 0.8361 0.0385
vn 0.4651 0.8775 -0.1168
vn 0.5279 0.8488 -0.0298
vn -0.2330 -0.9616 0.1448
vn -0.3010 -0.9374 0.1754
vn 0.6197 -0.3574 0.6988
vn 0.6639 -0.3852 0.6410
vn 0.6322 0.7741 0.0333
vn 0.5499 0.8329 0.0615
vn 0.4979 0.8505 -0.1695
vn 0.6030 0.7926 0.0902
vn -0.4454 -0.8889 0.1072
vn 0.6323 0.7468 0.2060
vn -0.1594 -0.8690 0.4684
vn -0.2017 -0.8942 0.3997
vn -0.0624 -0.7928 0.6063
vn -0.0044 -0.6988 0.7153
vn -0.0227 -0.7534 0.6571
vn -0.1077 -0.7107 0.6952
vn -0.4684 -0.8810 0.0669
vn -0.0818 0.9904 -0.1117
vn -0.2028 0.9647 -0.1679
vn -0.2363 0.9618 -0.1380
vn -0.2849 0.9540 -0.0933
vn 0.6487 -0.5535 -0.5222
vn 0.5433 0.8393 0.0199
vn -0.1446 0.6687 -0.7293
vn -0.6905 -0.7165 -0.0989
vn -0.6598 0.0286 -0.7509
vn -0.6586 0.0394 -0.7514
vn 0.5232 0.2975 -0.7986
vn 0.6016 0.1539 -0.7838
vn 0.5250 0.2986 -0.7970
vn -0.4753 0.8770 -0.0702
vn -0.4988 0.8657 -0.0426
vn -0.4856 0.8725 -0.0551
vn 0.5608 -0.8250 -0.0695
vn 0.5106 -0.8597 0.0142
vn 0.5088 -0.8608 0.0126
vn 0.1958 0.8207 -0.5368
vn 0.0489 0.8605 -0.5072
vn 0.1159 0.8377 -0.5337
vn -0.5824 -0.4265 -0.6920
vn -0.5881 -0.4667 -0.6605
vn -0.6184 -0.4204 -0.6640
vn 0.6622 0.0097 -0.7493
vn 0.6028 0.1557 -0.7825
vn 0.6628 0.0076 -0.7487
vn -0.5100 0.8599 -0.0189
vn -0.5137 0.8578 -0.0170
vn -0.5114 0.8592 -0.0149
vn 0.3500 -0.9072 0.2333
vn 0.1594 -0.8690 0.4684
vn 0.2017 -0.8942 0.3997
vn 0.7378 -0.5399 -0.4051
vn 0.6377 -0.7435 -0.2012
vn 0.7070 -0.6066 -0.3634
vn 0.5091 -0.8606 0.0129
vn 0.5094 -0.8604 0.0107
vn 0.5084 -0.8610 0.0123
vn 0.3226 -0.9029 0.2840
vn 0.0624 -0.7928 0.6063
vn 0.3534 -0.9094 0.2191
vn 0.2071 -0.9034 0.3755
vn -0.5310 0.8473 0.0061
vn -0.5232 0.8521 -0.0174
vn 0.1959 -0.9411 -0.2757
vn 0.4169 -0.8630 -0.2855
vn 0.3414 -0.9259 -0.1617
vn 0.5219 -0.8529 -0.0136
vn 0.5435 -0.8384 -0.0418
vn 0.5328 -0.8460 -0.0229
vn 0.8302 -0.4959 -0.2547
vn 0.8358 -0.4776 -0.2708
vn 0.1647 0.8765 -0.4523
vn 0.1392 0.8998 -0.4135
vn 0.0451 0.9409 -0.3357
vn -0.6801 0.6892 0.2502
vn -0.5278 0.8488 -0.0297
vn -0.5324 0.8458 -0.0339
vn 0.4704 -0.8822 -0.0209
vn 0.4461 -0.8889 0.1043
vn 0.5098 -0.8602 0.0134
vn 0.1304 0.7376 -0.6625
vn 0.1610 0.7175 -0.6777
vn 0.1699 0.7121 -0.6812
vn 0.5074 -0.8616 0.0138
vn 0.4901 -0.8710 0.0344
vn 0.4951 -0.8682 0.0329
vn -0.5052 0.8607 -0.0633
vn -0.5174 0.8555 -0.0203
vn -0.4901 0.8696 -0.0604
vn -0.6157 0.7756 0.1391
vn -0.5364 0.8436 0.0254
vn -0.5348 0.8447 0.0213
vn 0.1077 -0.7107 0.6952
vn 0.1632 -0.7262 0.6679
vn 0.2959 -0.7848 0.5446
vn 0.0044 -0.6988 0.7153
vn 0.0227 -0.7534 0.6571
vn 0.6280 -0.7533 -0.1955
vn 0.4871 -0.8733 -0.0065
vn 0.3351 -0.9328 -0.1325
vn 0.4881 -0.8727 -0.0078
vn 0.5037 -0.8638 0.0112
vn 0.5036 -0.8639 0.0080
vn 0.4947 -0.8686 0.0265
vn -0.5127 0.8585 -0.0141
vn -0.5117 0.8590 -0.0152
vn -0.7479 -0.2814 -0.6012
vn -0.6856 -0.3271 -0.6503
vn -0.7202 -0.3397 -0.6049
vn 0.5267 0.2997 -0.7955
vn -0.5343 0.8446 -0.0334
vn -0.6798 0.7200 -0.1400
vn -0.5435 0.8393 -0.0159
vn -0.8354 0.3352 0.4355
vn -0.8218 0.3268 0.4668
vn -0.8358 0.3284 0.4401
vn 0.5609 -0.8263 -0.0517
vn 0.5260 -0.8504 -0.0098
vn -0.7469 -0.3619 -0.5578
vn -0.7565 -0.3893 -0.5256
vn -0.7772 -0.3212 -0.5412
vn 0.4463 -0.8886 0.1059
vn 0.4454 -0.8889 0.1072
vn 0.0818 0.9904 -0.1117
vn 0.2028 0.9647 -0.1679
vn 0.2363 0.9618 -0.1380
vn -0.3073 0.8463 -0.4352
vn -0.5540 0.7717 -0.3125
vn -0.3979 0.8777 -0.2672
vn 0.8219 -0.2337 -0.5194
vn 0.7861 -0.3810 -0.4867
vn 0.8549 -0.2856 -0.4331
vn -0.0999 0.7330 -0.6728
vn 0.1446 0.6687 -0.7293
vn 0.0187 0.7078 -0.7062
vn -0.5496 0.8354 0.0038
vn 0.4850 -0.8731 0.0492
vn -0.2145 0.8989 -0.3821
vn -0.3579 0.9068 -0.2230
vn -0.5247 0.8513 0.0041
vn -0.6630 -0.4408 -0.6051
vn -0.6538 -0.4275 -0.6243
vn -0.5379 0.8425 0.0281
vn -0.5106 0.8597 -0.0142
vn 0.5666 -0.8203 -0.0777
vn 0.5005 -0.8654 -0.0228
vn -0.5198 0.8528 -0.0512
vn -0.6472 0.7385 -0.1892
vn 0.6628 0.0077 -0.7487
vn 0.6028 0.1558 -0.7825
vn 0.5064 -0.8623 0.0071
vn -0.6567 0.7370 -0.1602
vn -0.5335 0.8451 -0.0349
vn -0.5325 0.8457 -0.0362
vn 0.3126 -0.7904 0.5268
vn 0.5052 -0.8630 0.0094
vn 0.5167 -0.8562 -0.0067
vn 0.5427 -0.8387 -0.0452
vn -0.4024 0.8970 -0.1831
vn -0.4431 0.8836 -0.1513
vn -0.3107 0.8994 -0.3077
vn 0.5220 -0.8529 -0.0065
vn 0.5221 -0.8529 -0.0078
vn -0.2984 0.9177 -0.2624
vn -0.7200 0.2058 0.6627
vn -0.7155 0.1907 0.6721
vn -0.7228 0.2147 0.6569
vn 0.6666 -0.7072 -0.2356
vn 0.4769 -0.8789 0.0125
vn 0.3037 -0.9350 0.1833
vn -0.5112 0.8593 -0.0164
vn -0.5143 0.8575 -0.0124
vn -0.5378 0.8428 0.0237
vn -0.7154 0.1905 0.6722
vn -0.7149 0.1880 0.6735
vn -0.5382 0.8424 0.0279
vn -0.5109 0.8595 -0.0145
vn -0.1150 0.8960 -0.4288
vn -0.3446 0.9105 -0.2285
vn -0.4366 -0.4356 0.7872
vn -0.3349 -0.5623 0.7561
vn -0.4377 -0.4373 0.7856
vn 0.5081 -0.8612 0.0145
vn 0.4962 -0.8676 0.0325
vn -0.5433 0.8393 0.0199
vn 0.2849 0.9540 -0.0933
vn 0.2849 0.9540 -0.0932
vn -0.6487 -0.5535 -0.5222
vn -0.6230 -0.5005 -0.6011
vn -0.5916 -0.5427 -0.5962
vn -0.6950 -0.4223 -0.5819
vn -0.7520 0.6590 -0.0133
vn -0.7711 0.5910 -0.2370
vn -0.8232 0.5673 -0.0215
vn 0.4684 -0.8810 0.0669
vn 0.4519 -0.8870 0.0951
vn -0.3348 -0.5600 0.7579
vn -0.4989 0.8660 -0.0348
vn -0.4991 0.8658 -0.0356
vn -0.5255 0.8508 0.0043
vn -0.6424 0.7219 0.2571
vn -0.6323 0.7468 0.2060
vn -0.5562 0.6100 0.5643
vn -0.5583 0.5976 0.5755
vn -0.6679 -0.5121 -0.5400
vn -0.6590 -0.4093 -0.6310
vn -0.6582 -0.4157 -0.6277
vn 0.3088 -0.9445 -0.1125
vn 0.1904 -0.9545 -0.2296
vn 0.3326 -0.9342 -0.1288
vn 0.3347 -0.9333 -0.1300
vn 0.4863 -0.8738 -0.0050
vn -0.4821 0.8742 -0.0568
vn -0.3362 -0.5583 0.7585
vn -0.4397 -0.4290 0.7891
vn -0.3445 -0.5428 0.7659
vn 0.6024 0.1567 -0.7827
vn 0.1846 0.7028 -0.6871
vn 0.1847 0.7027 -0.6871
vn 0.7986 -0.3119 -0.5147
vn 0.1868 0.7011 -0.6882
vn 0.6920 -0.6275 -0.3569
vn 0.5840 -0.7755 -0.2399
vn 0.6022 -0.6851 -0.4099
vn 0.7119 0.4625 0.5284
vn 0.8600 0.3750 0.3461
vn 0.7801 0.4762 0.4059
vn -0.7402 0.6198 -0.2605
vn -0.6573 0.7370 -0.1576
vn 0.4944 -0.8684 0.0379
vn 0.6009 0.1632 -0.7825
vn 0.5680 -0.8194 -0.0779
vn 0.6007 0.1515 -0.7850
vn 0.6620 0.0049 -0.7495
vn -0.4562 0.8863 -0.0800
vn -0.4838 0.8735 -0.0540
vn 0.5993 0.1713 -0.7820
vn 0.1937 -0.9526 -0.2346
vn 0.0327 0.9451 -0.3251
vn 0.5102 -0.8600 0.0113
vn -0.8183 -0.4195 -0.3931
vn -0.8358 -0.3766 -0.3995
vn -0.8099 -0.4381 -0.3900
vn -0.5165 0.8558 -0.0275
vn -0.7284 0.6152 -0.3015
vn -0.6637 -0.4044 -0.6292
vn -0.6528 -0.3699 -0.6611
vn -0.8940 0.2300 -0.3846
vn -0.8411 0.3721 -0.3925
vn -0.8386 0.3776 -0.3926
vn 0.4236 0.2363 -0.8745
vn 0.4780 0.2696 -0.8360
vn 0.4226 0.2356 -0.8752
vn -0.4818 0.8744 -0.0565
vn 0.5688 -0.8187 -0.0791
vn -0.7277 -0.4126 -0.5479
vn -0.5267 -0.2997 0.7955
vn -0.4372 -0.4347 0.7873
vn 0.3632 0.1992 -0.9102
vn 0.4970 -0.0153 -0.8676
vn -0.7045 -0.4960 -0.5076
vn -0.1120 0.6981 -0.7072
vn -0.1165 0.7335 -0.6697
vn -0.1241 0.7349 -0.6667
vn 0.6208 0.2508 0.7428
vn 0.6551 -0.1148 0.7467
vn 0.7055 0.0429 0.7074
vn -0.6929 -0.4285 -0.5799
vn -0.6990 -0.4662 -0.5423
vn -0.6188 -0.3569 0.6998
vn -0.5729 -0.3283 0.7510
vn 0.6598 0.0286 -0.7509
vn -0.6030 0.7926 0.0902
vn -0.5257 0.8502 -0.0278
vn -0.5770 0.8133 -0.0756
vn -0.5272 0.8211 -0.2186
vn -0.6083 0.7865 -0.1065
vn 0.6547 0.4539 0.6045
vn 0.6219 0.5241 0.5819
vn 0.5809 0.5563 0.5942
vn -0.4383 -0.4396 0.7840
vn -0.7641 -0.5301 -0.3677
vn -0.7683 -0.5223 -0.3701
vn 0.5109 0.4703 0.7196
vn 0.5544 0.2012 0.8076
vn -0.5516 -0.4983 -0.6689
vn -0.6749 0.4486 0.5859
vn -0.6218 0.3555 0.6978
vn -0.6601 0.3962 0.6382
vn -0.7423 0.3786 0.5528
vn -0.7435 0.6179 -0.2556
vn -0.5284 -0.3008 0.7939
vn 0.5056 0.6061 0.6140
vn 0.5274 0.6187 0.5823
vn 0.1726 0.7095 -0.6832
vn 0.1795 0.7054 -0.6857
vn 0.1799 0.7052 -0.6858
vn -0.1252 0.9529 0.2761
vn -0.1777 0.8794 0.4417
vn -0.6796 -0.5816 -0.4471
vn -0.5103 0.8598 -0.0157
vn -0.8165 0.3103 0.4870
vn -0.7631 0.1889 0.6181
vn -0.7171 0.1896 0.6707
vn -0.7192 0.1911 0.6680
vn -0.7170 0.1895 0.6708
vn -0.7689 0.5056 -0.3914
vn 0.5574 -0.8260 -0.0836
vn 0.4231 -0.9041 -0.0605
vn -0.6591 0.7356 -0.1563
vn 0.8196 0.3639 0.4425
vn 0.4543 -0.0265 -0.8905
vn 0.5957 -0.2264 -0.7707
vn 0.5414 -0.2333 -0.8077
vn -0.8628 0.2709 0.4268
vn -0.8871 0.2494 0.3885
vn -0.8870 0.2494 0.3885
vn 0.0133 0.8085 -0.5883
vn -0.6994 0.6230 0.3502
vn -0.6781 0.7182 0.1560
vn -0.7687 0.5838 0.2615
vn 0.0055 0.9991 0.0409
vn 0.3010 -0.9374 0.1754
vn 0.5074 -0.8616 0.0114
vn 0.3687 -0.9075 0.2012
vn -0.5628 -0.5784 -0.5905
vn -0.6386 -0.5856 -0.4993
vn -0.6645 0.2929 -0.6875
vn -0.5344 0.2364 -0.8115
vn -0.5345 0.2364 -0.8115
vn -0.6792 -0.4419 -0.5860
vn -0.8441 0.2945 -0.4480
vn -0.8441 0.2944 -0.4480
vn -0.4426 -0.4215 0.7915
vn 0.6926 0.3913 0.6060
vn 0.8933 0.1497 0.4238
vn 0.7076 0.3640 0.6057
vn -0.0315 -0.6250 -0.7800
vn -0.1820 -0.8743 -0.4499
vn -0.5112 0.8593 -0.0157
vn 0.5769 -0.7804 -0.2413
vn 0.4455 -0.8943 -0.0419
vn 0.5090 0.5381 0.6719
vn -0.2054 -0.7386 0.6421
vn -0.1464 -0.7273 0.6705
vn -0.1463 -0.7273 0.6705
vn -0.6542 -0.3311 -0.6799
vn 0.6649 -0.2360 -0.7086
vn 0.3421 0.1864 -0.9210
vn 0.9536 0.0550 0.2959
vn -0.4939 -0.4757 -0.7279
vn -0.5628 -0.5783 -0.5906
vn -0.9644 0.1223 -0.2346
vn -0.9925 -0.0242 -0.1197
vn -0.9694 0.1054 -0.2217
vn 0.4983 -0.2534 -0.8291
vn 0.4218 -0.0379 -0.9059
vn 0.6192 -0.7650 -0.1772
vn 0.5544 -0.8305 0.0542
vn -0.2306 -0.1578 -0.9602
vn -0.1110 -0.3200 -0.9409
vn -0.1265 -0.3001 -0.9455
vn -0.5357 -0.5897 0.6044
vn -0.6907 -0.4020 0.6011
vn -0.5594 -0.5962 0.5759
vn -0.4808 -0.3690 -0.7954
vn -0.5191 -0.3286 -0.7890
vn -0.5191 -0.3285 -0.7891
vn -0.5374 0.8429 0.0252
vn -0.4704 -0.8746 -0.1174
vn -0.4567 -0.8802 -0.1294
vn -0.2374 0.2005 -0.9505
vn -0.6771 0.7359 0.0077
vn -0.6322 0.7741 0.0333
vn -0.6783 -0.3942 0.6201
vn -0.5010 -0.5831 0.6395
vn -0.6639 -0.3852 0.6410
vn 0.4388 -0.8935 0.0955
vn -0.8574 -0.5144 -0.0138
vn -0.7368 -0.6761 0.0041
vn 0.5286 -0.7934 -0.3017
vn 0.6905 -0.7165 -0.0989
vn 0.5860 -0.8059 0.0844
vn 0.3231 0.1748 -0.9301
vn -0.1480 0.6698 -0.7276
vn -0.1480 0.6699 -0.7276
vn 0.6798 -0.2349 -0.6948
vn 0.7264 -0.2307 -0.6474
vn -0.6324 0.7506 0.1916
vn -0.5499 0.8329 0.0615
vn 0.8500 -0.1909 0.4909
vn -0.4979 0.8505 -0.1695
vn -0.5279 0.8488 -0.0298
vn -0.4651 0.8775 -0.1168
vn -0.2233 -0.7414 0.6328
vn -0.3092 -0.7412 0.5958
vn 0.5482 0.6304 0.5496
vn -0.3929 -0.7605 0.5170
vn -0.3622 -0.7474 0.5570
vn 0.2747 0.5761 0.7698
vn -0.6943 0.6144 0.3748
vn -0.5143 0.8574 -0.0175
vn -0.5819 0.8110 0.0597
vn -0.5672 0.8209 0.0668
vn -0.5302 -0.3018 0.7923
vn 0.4507 -0.8530 0.2633
vn 0.1532 -0.9653 -0.2113
vn 0.2188 -0.9757 0.0137
vn 0.1044 -0.9945 0.0043
vn 0.1408 -0.9476 0.2868
vn 0.4454 -0.8889 0.1073
vn -0.7300 0.2481 0.6368
vn -0.4874 -0.3625 -0.7944
vn 0.4672 -0.8796 0.0898
vn 0.4716 -0.8793 0.0668
vn -0.5473 0.8361 0.0385
vn 0.2330 -0.9616 0.1448
vn -0.6197 -0.3574 0.6988
vn -0.1781 0.8409 0.5110
vn -0.1773 0.7933 0.5824
vn 0.8616 -0.3288 -0.3868
vn -0.5824 0.4514 0.6760
vn -0.5686 0.4971 0.6554
vn -0.6840 -0.4061 -0.6060
vn -0.6934 0.5669 0.4447
vn 0.1939 -0.9535 -0.2308
vn -0.1889 0.9019 -0.3883
vn 0.7368 -0.6761 0.0041
vn 0.8574 -0.5144 -0.0138
vn 0.7641 -0.5301 -0.3677
vn 0.7682 -0.5223 -0.3701
vn 0.6582 -0.4157 -0.6277
vn 0.9644 0.1223 -0.2346
vn 0.5374 0.8429 0.0252
vn 0.6796 -0.5816 -0.4471
vn 0.6386 -0.5856 -0.4993
vn 0.6783 -0.3942 0.6201
vn 0.6771 0.7359 0.0077
vn 0.7689 0.5056 -0.3914
vn 0.7171 0.1896 0.6707
vn 0.7192 0.1911 0.6680
vn 0.2374 0.2005 -0.9505
vn 0.4704 -0.8746 -0.1174
vn 0.4566 -0.8802 -0.1294
vn -0.0133 0.8085 -0.5883
vn 0.8871 0.2494 0.3885
vn 0.5369 0.8434 0.0220
vn 0.5191 -0.3286 -0.7890
vn 0.6907 -0.4020 0.6011
vn 0.3929 -0.7605 0.5169
vn 0.3622 -0.7474 0.5570
vn 0.7170 0.1895 0.6708
vn 0.9925 -0.0242 -0.1197
vn 0.9694 0.1054 -0.2217
vn 0.7538 -0.6571 0.0018
vn 0.8507 -0.5257 -0.0000
vn 0.4253 -0.8507 -0.3090
vn 0.7236 -0.4472 -0.5257
vn -0.1625 -0.8507 0.5000
vn -0.5257 -0.8507 -0.0000
vn -0.8944 -0.4472 -0.0000
vn -0.6882 -0.5257 0.5000
vn -0.9511 -0.0000 0.3090
vn -0.9511 -0.0000 -0.3090
vn -0.1625 -0.8507 -0.5000
vn 0.2629 -0.5257 -0.8090
vn 0.5878 -0.0000 -0.8090
vn 0.2764 0.4472 0.8506
vn 0.6882 0.5257 0.5000
vn 0.1625 0.8507 0.5000
vn -0.2764 -0.4472 -0.8506
vn -0.5878 -0.0000 -0.8090
vn 0.5257 0.8507 -0.0000
vn -0.8506 0.5257 -0.0000
vn -0.7236 0.4472 -0.5257
vn -0.5878 -0.0000 0.8090
vn -0.2629 0.5257 0.8090
vn 0.9511 -0.0000 -0.3090
vn 0.6882 0.5257 -0.5000
vn 0.9511 -0.0000 0.3090
vn 0.8944 0.4472 -0.0000
vn 0.5878 -0.0000 0.8090
vn 0.2764 0.4472 -0.8506
vn -0.7236 0.4472 0.5257
vn -0.2629 0.5257 -0.8090
vn -0.4253 0.8507 0.3090
vn -0.4253 0.8507 -0.3090
vn 0.1624 0.8507 -0.5000
vn -0.2764 -0.4472 0.8506
vn -0.6882 -0.5257 -0.5000
vn 0.7236 -0.4472 0.5257
vn 0.2629 -0.5257 0.8090
vn 0.4253 -0.8507 0.3090
vn 0.1625 -0.8507 0.5000
vn -0.4253 -0.8507 0.3090
vn -0.7236 -0.4472 0.5257
vn -0.8507 -0.5257 -0.0000
vn 0.5257 -0.8507 -0.0000
vn 0.1625 -0.8507 -0.5000
vn -0.4253 -0.8507 -0.3090
vn 0.2764 -0.4472 0.8506
vn -0.2629 -0.5257 0.8090
vn 0.8944 -0.4472 -0.0000
vn 0.6882 -0.5257 0.5000
vn 0.2764 -0.4472 -0.8506
vn 0.6882 -0.5257 -0.5000
vn -0.7236 -0.4472 -0.5257
vn -0.2629 -0.5257 -0.8090
vn -0.2764 0.4472 0.8506
vn -0.1625 0.8507 0.5000
vn -0.6882 0.5257 0.5000
vn 0.7236 0.4472 0.5257
vn 0.4253 0.8507 0.3090
vn 0.2629 0.5257 0.8090
vn 0.7236 0.4472 -0.5257
vn 0.4253 0.8507 -0.3090
vn 0.8506 0.5257 -0.0000
vn -0.2764 0.4472 -0.8506
vn -0.1624 0.8507 -0.5000
vn 0.2629 0.5257 -0.8090
vn -0.8944 0.4472 -0.0000
vn -0.5257 0.8507 -0.0000
vn -0.6882 0.5257 -0.5000
vn -0.1992 -0.0389 -0.9792
vn 0.1992 -0.0389 -0.9792
vn -0.1482 0.9888 0.0204
vn -0.9794 0.2019 0.0025
vn -0.9791 0.2034 -0.0016
vn -0.9774 -0.2115 -0.0043
vn -0.5235 -0.6983 0.4882
vn -0.9794 0.2020 0.0042
vn -0.6615 0.7499 -0.0005
vn -0.5757 -0.8163 0.0470
vn -0.5770 -0.8167 0.0078
vn -0.6611 0.7502 0.0092
vn -0.0783 -0.0176 0.9968
vn -0.1173 0.6693 0.7337
vn -0.1172 0.6693 0.7337
vn 0.0743 -0.9972 -0.0006
vn -0.5787 -0.8154 -0.0168
vn -0.5781 -0.8159 -0.0101
vn -0.6613 0.7500 0.0155
vn -0.6615 0.7499 0.0004
vn -0.9626 0.2666 -0.0487
vn -0.1627 0.9852 -0.0531
vn -0.7227 0.6790 -0.1289
vn -0.9776 -0.2107 0.0021
vn 0.9774 -0.2115 -0.0043
vn 0.1626 0.9853 -0.0531
vn 0.9791 0.2034 -0.0016
vn 0.6615 0.7499 0.0092
vn -0.0744 -0.9972 0.0007
vn -0.0745 -0.9972 -0.0006
vn 0.5770 -0.8167 0.0078
vn 0.7227 0.6791 -0.1289
vn 0.6613 0.7500 0.0155
vn -0.0671 -0.9885 0.1356
vn 0.5781 -0.8159 -0.0101
vn 0.5787 -0.8153 -0.0168
vn 0.6604 0.7508 0.0155
vn 0.9776 -0.2107 0.0021
vn 0.6615 0.7499 -0.0005
vn 0.5756 -0.8164 0.0470
vn 0.9794 0.2020 0.0042
vn 0.9794 0.2018 0.0025
vn 0.6615 0.7500 0.0004
vn 0.1482 0.9888 0.0204
vn 0.5235 -0.6983 0.4882
vn 0.1173 0.6693 0.7337
vn 0.0783 -0.0176 0.9968
vn 0.9625 0.2667 -0.0488
vn 0.6336 0.5413 0.5528
vn -0.9794 0.2021 0.0039
vn -0.1482 0.9888 0.0192
vn -0.9791 0.2034 -0.0015
vn -0.6783 0.7345 -0.0202
vn -0.0270 -0.9985 -0.0485
vn 0.2068 0.9784 0.0023
vn -0.2561 0.9495 -0.1812
vn -0.5743 -0.8173 -0.0478
vn 0.0018 -0.8786 -0.4775
vn -0.2053 0.9749 0.0864
vn -0.9779 -0.2084 -0.0183
vn 0.9773 -0.2119 -0.0026
vn 0.9688 0.2142 0.1244
vn 0.9688 0.2141 0.1244
vn -0.0014 -1.0000 0.0006
vn 0.9775 -0.2108 -0.0040
vn 0.9794 0.2021 0.0039
vn 0.1482 0.9888 0.0192
vn 0.3456 0.2800 -0.8956
vn 0.6783 0.7345 -0.0201
vn 0.2561 0.9495 -0.1812
vn 0.2136 0.9689 -0.1253
vn 0.5739 -0.8175 -0.0477
vn -0.2226 -0.3041 -0.9263
vn -0.0019 -0.8786 -0.4775
vn 0.4707 0.2838 0.8354
vn 0.2053 0.9749 0.0864
vn 0.9791 0.2034 -0.0015
vn 0.9779 -0.2084 -0.0183
vn 0.8325 0.5540 0.0028
vn 0.4283 -0.2514 -0.8679
vn 0.0014 -1.0000 0.0002
vn -0.0191 -0.4644 -0.8854
vn -0.9998 0.0102 -0.0170
vn 0.9790 -0.1600 0.1262
vn 0.1019 0.9948 0.0006
vn -0.9994 -0.0297 -0.0199
vn -0.3996 -0.0439 0.9156
vn -0.2241 -0.3059 0.9253
vn -0.3763 -0.0207 -0.9263
vn -0.0008 -1.0000 0.0001
vn 0.2430 0.9667 -0.0801
vn -0.0113 -0.4050 -0.9142
vn 0.0011 -0.3990 0.9169
vn -0.9992 0.0400 -0.0067
vn 0.8335 0.4805 0.2729
vn 0.4755 0.2838 -0.8327
vn -0.0011 -1.0000 0.0001
vn -0.9940 -0.1071 -0.0205
vn -0.0015 1.0000 -0.0007
vn -0.0015 1.0000 -0.0008
vn -0.0015 1.0000 -0.0009
vn -0.0010 -1.0000 0.0007
vn -0.3118 0.0198 -0.9500
vn -0.9784 -0.1984 0.0587
vn -0.2071 0.9783 0.0021
vn 0.0012 -1.0000 0.0003
vn 0.3117 0.0198 -0.9500
vn 0.0008 -1.0000 0.0006
vn -0.0002 0.0743 -0.9972
vn -0.0014 -1.0000 0.0002
vn 0.2226 -0.3041 -0.9262
vn 0.0015 1.0000 -0.0008
vn -0.8785 0.4614 -0.1237
vn -0.0012 -0.3991 0.9169
vn 0.9992 0.0399 -0.0067
vn -0.8335 0.4804 0.2730
vn -0.8335 0.4805 0.2730
vn 0.9940 -0.1071 -0.0205
vn -0.4755 0.2838 -0.8327
vn 0.9994 -0.0297 -0.0199
vn 0.9998 0.0102 -0.0171
vn 0.3996 -0.0438 0.9156
vn 0.0191 -0.4644 -0.8854
vn 0.0193 -0.4645 -0.8854
vn -0.1818 0.9822 -0.0466
vn 0.2241 -0.3059 0.9253
vn 0.3763 -0.0207 -0.9263
vn -0.1019 0.9948 0.0006
vn 0.0112 -0.4051 -0.9142
vn 0.0008 -1.0000 0.0001
vn -0.4284 -0.2514 -0.8679
vn -0.9790 -0.1600 0.1262
vn 0.9927 -0.1046 0.0594
vn 0.1049 0.9945 0.0006
vn 0.4764 0.2773 -0.8343
vn -0.3892 -0.0232 0.9209
vn -0.3996 -0.0428 0.9157
vn 0.4290 -0.2455 -0.8693
vn 0.9745 0.2102 0.0783
vn -0.9997 0.0202 -0.0123
vn 0.0008 -1.0000 0.0003
vn 0.2387 0.9667 0.0921
vn 0.4271 -0.2443 0.8706
vn 0.2119 0.9773 0.0024
vn 0.9796 -0.1561 0.1263
vn -0.3451 -0.0024 0.9386
vn -0.0001 0.0377 0.9993
vn -0.9998 0.0100 -0.0170
vn 0.8786 0.4774 0.0056
vn 0.0001 0.0380 -0.9993
vn -0.9992 0.0389 -0.0068
vn 0.8383 0.4711 0.2745
vn 0.8383 0.4712 0.2745
vn 0.1831 0.9818 0.0502
vn -0.2231 -0.2972 -0.9284
vn -0.3850 -0.0422 -0.9220
vn 0.9763 -0.1879 0.1076
vn -0.9943 -0.1045 -0.0205
vn 0.8390 0.5441 0.0027
vn -0.9994 -0.0289 -0.0199
vn -0.0113 -0.3965 -0.9180
vn -0.2430 0.9667 -0.0800
vn -0.9927 -0.1047 0.0595
vn 0.3892 -0.0231 0.9209
vn -0.2123 0.9772 0.0021
vn -0.8390 0.5441 0.0027
vn -0.0008 -1.0000 0.0003
vn -0.2387 0.9667 0.0922
vn -0.9745 0.2102 0.0783
vn -0.4271 -0.2443 0.8706
vn -0.0014 -1.0000 0.0003
vn -0.9788 -0.1968 0.0567
vn 0.2232 -0.2972 -0.9284
vn 0.0015 1.0000 -0.0009
vn 0.0016 1.0000 -0.0005
vn 0.0001 0.0377 0.9993
vn 0.3850 -0.0421 -0.9219
vn 0.3451 -0.0024 0.9386
vn 0.9992 0.0389 -0.0068
vn -0.8382 0.4712 0.2745
vn 0.9943 -0.1045 -0.0205
vn -0.9763 -0.1879 0.1077
vn -0.8787 0.4774 0.0055
vn -0.4764 0.2773 -0.8343
vn 0.0016 1.0000 -0.0004
vn 0.9994 -0.0289 -0.0199
vn 0.9998 0.0100 -0.0171
vn 0.3997 -0.0427 0.9156
vn 0.3763 -0.0202 -0.9263
vn -0.1049 0.9945 0.0006
vn 0.0113 -0.3965 -0.9179
vn 0.9997 0.0202 -0.0123
vn -0.4291 -0.2456 -0.8693
vn -0.9796 -0.1561 0.1263
vn -0.2778 -0.2763 -0.9200
vn -0.7075 -0.7066 -0.0094
vn 0.0002 -0.0000 1.0000
vn -0.3715 -0.1963 0.9074
vn 0.2443 0.9651 0.0943
vn -0.0019 1.0000 -0.0003
vn 0.8774 0.4798 0.0006
vn 0.7526 0.4734 0.4577
vn 0.7526 0.4734 0.4576
vn 0.0093 -0.0055 -0.9999
vn 0.9737 0.1773 0.1429
vn -0.3175 -0.0262 0.9479
vn 0.0011 -0.3910 -0.9204
vn -0.0145 0.0457 -0.9989
vn 0.9745 0.2246 0.0003
vn 0.1876 0.9809 0.0514
vn 0.9756 0.2051 0.0784
vn 0.2488 0.9651 -0.0820
vn 0.3758 0.9028 -0.2092
vn -0.0017 1.0000 -0.0003
vn -0.0018 1.0000 -0.0002
vn -0.0018 1.0000 -0.0001
vn -0.8404 -0.5417 -0.0167
vn -0.8914 -0.4529 -0.0190
vn 0.3653 0.9309 0.0003
vn 0.7196 0.6047 -0.3414
vn 0.8774 0.4797 0.0002
vn 0.0003 0.0744 -0.9972
vn 0.3759 0.9026 0.2098
vn 0.6935 0.5827 0.4236
vn 0.6935 0.5828 0.4236
vn -0.0188 -0.4552 0.8902
vn 0.6005 0.7663 0.2283
vn 0.9742 0.2256 0.0013
vn -0.9745 0.2243 0.0004
vn -0.2488 0.9651 -0.0819
vn 0.8404 -0.5417 -0.0167
vn -0.0011 -0.3909 -0.9204
vn 0.3716 -0.1963 0.9074
vn -0.0093 -0.0055 -0.9999
vn -0.8774 0.4797 0.0003
vn -0.7525 0.4734 0.4578
vn -0.9737 0.1773 0.1429
vn 0.3178 0.0114 0.9481
vn -0.9756 0.2051 0.0784
vn 0.8914 -0.4529 -0.0190
vn -0.3657 0.9307 -0.0005
vn -0.0003 0.0744 -0.9972
vn 0.0017 1.0000 -0.0003
vn 0.0017 1.0000 -0.0004
vn 0.0018 1.0000 -0.0002
vn -0.0002 -0.0000 1.0000
vn -0.6935 0.5828 0.4235
vn 0.7075 -0.7066 -0.0094
vn -0.3758 0.9028 -0.2091
vn 0.2778 -0.2763 -0.9200
vn -0.3758 0.9026 0.2100
vn -0.3759 0.9026 0.2100
vn 0.3175 -0.0263 0.9479
vn -0.7196 0.6047 -0.3415
vn -0.9745 0.2245 0.0004
vn -0.9742 0.2256 0.0013
vn 0.0145 0.0457 -0.9989
vn -0.8774 0.4798 0.0006
vn 0.0749 -0.9971 -0.0123
vn -0.0745 -0.9971 -0.0123
vn 0.0757 -0.9969 -0.0205
vn 0.0738 -0.9972 0.0096
vn 0.0741 -0.9972 0.0096
vn -0.0758 -0.9969 -0.0205
vn -0.9775 -0.2108 -0.0040
vn -0.2136 0.9689 -0.1253
vn 0.9784 -0.1983 0.0587
vn -0.9773 -0.2121 -0.0026
vn -0.0749 -0.9971 -0.0123
vn 0.0745 -0.9971 -0.0123
vn 0.0759 -0.9969 -0.0205
vn -0.0744 -0.9972 0.0096
vn -0.0757 -0.9969 -0.0205
vn 0.6855 0.7276 -0.0248
vn 0.9377 -0.1677 -0.3044
vn -0.6855 -0.7276 0.0248
vn -0.9377 0.1677 0.3043
vn -0.6856 0.7276 -0.0248
vn -0.9377 -0.1677 -0.3044
vn 0.6855 -0.7277 0.0248
vn 0.9377 0.1677 0.3043
vn 0.2859 -0.9522 0.1072
vn -0.2859 -0.9523 -0.1072
vn 0.1072 -0.9523 0.2859
vn -0.1072 -0.9523 -0.2859
vn 0.3018 -0.5112 0.8047
vn 0.8047 -0.5113 -0.3018
vn 0.8048 -0.5112 0.3018
vn -0.3017 -0.5113 -0.8047
vn -0.8047 -0.5113 0.3018
vn -0.5739 -0.7997 0.1763
vn -0.9358 -0.0326 0.3509
vn -0.1763 -0.7997 -0.5739
vn -0.5739 -0.7997 -0.1763
vn -0.3512 -0.0324 -0.9357
vn 0.5739 -0.7998 -0.1763
vn 0.9357 -0.0323 -0.3513
vn 0.1763 -0.7997 0.5739
vn 0.9357 -0.0324 0.3512
vn 0.5739 -0.7998 0.1762
vn 0.5739 -0.7998 0.1763
vn 0.3514 -0.0323 0.9357
vn -0.9318 -0.0977 0.3497
vn 0.9318 -0.0977 -0.3497
vn 0.1737 0.8493 -0.4986
vn 0.3498 -0.0977 -0.9317
vn 0.1072 -0.9523 0.2858
vn -0.1072 -0.9523 0.2859
vn -0.3017 -0.5113 0.8047
vn -0.8048 -0.5112 0.3018
vn 0.8047 -0.5112 0.3018
vn 0.5739 -0.7997 -0.1763
vn 0.9355 -0.0320 0.3518
vn -0.5738 -0.7998 -0.1762
vn -0.5738 -0.7998 0.1763
vn -0.9357 -0.0324 0.3512
vn -0.9357 -0.0323 -0.3514
vn 0.9317 -0.0978 0.3497
vn 0.3497 -0.0977 -0.9317
vn -0.3498 -0.0977 -0.9317
vn -0.4986 0.8493 -0.1737
vn -0.1737 0.8493 0.4986
vn 0.4986 0.8493 -0.1737
vn -0.7457 0.0040 -0.6663
vn -0.0000 -0.9842 0.1768
vn -0.0000 0.5226 0.8526
vn 0.9594 0.0885 0.2679
vn 0.8280 0.5574 0.0613
vn 0.1274 0.9859 0.1088
vn 0.8563 0.1719 -0.4870
vn 0.0863 0.9963 0.0028
vn 0.0416 0.7244 0.6881
vn -0.9755 -0.0310 0.2180
vn 0.5631 -0.8182 -0.1163
vn 0.9164 0.3991 -0.0302
vn -0.5391 -0.8208 0.1890
vn -0.9949 0.0112 0.1000
vn 0.8177 -0.1030 0.5664
vn 0.1434 0.9565 -0.2542
vn -0.8177 -0.1030 0.5664
vn -0.9164 0.3990 -0.0302
vn 0.9949 0.0112 0.1000
vn 0.0175 -0.2690 -0.9630
vn -0.1616 0.1082 0.9809
vn 0.0076 -0.6114 0.7913
vn 0.0492 0.0309 0.9983
vn -0.1846 0.9615 -0.2035
vn -0.1881 0.9614 -0.2009
vn -0.0300 -0.9945 -0.1004
vn 0.1881 0.9614 -0.2008
vn -0.7987 -0.1933 -0.5698
vn 0.0018 -0.6123 0.7906
vn 0.0003 -0.9391 0.3437
vn -0.1279 0.1119 0.9855
vn -0.9095 -0.0315 0.4146
vn 0.0401 -0.1833 -0.9822
vn -0.2079 0.4424 -0.8724
vn -0.0003 -0.9391 0.3437
vn -0.9614 -0.0043 0.2751
vn 0.1614 -0.1066 -0.9811
vn 0.0080 -0.0052 -1.0000
vn -0.0080 0.0053 1.0000
vn 0.0410 -0.0243 -0.9989
vn -0.8846 -0.2977 0.3591
vn -0.9932 0.1119 -0.0312
vn -0.7045 -0.0031 0.7097
vn -0.6120 -0.7027 0.3628
vn -0.0270 -0.1853 -0.9823
vn 0.7987 -0.1933 -0.5698
vn -0.0410 0.0243 0.9989
vn -0.6252 0.7169 0.3087
vn -0.4114 0.9092 0.0634
vn 0.0874 -0.0334 -0.9956
vn 0.0235 0.0248 0.9994
vn 0.4114 0.9092 0.0634
vn -0.0279 -0.0420 -0.9987
vn 0.1663 0.1133 0.9796
vn -0.8848 -0.4659 -0.0000
vn 0.8848 0.4659 -0.0000
vn 0.0309 0.9979 0.0564
vn 0.3862 0.9224 -0.0064
vn -0.0012 0.0424 0.9991
vn 0.8848 -0.4659 -0.0000
vn -0.8848 0.4659 -0.0000
vn 0.0012 0.0424 0.9991
vn -0.0287 0.1100 0.9935
vn -0.0896 0.9769 0.1941
vn 0.0006 0.9991 -0.0418
vn 0.1507 -0.0541 -0.9871
vn -0.1507 -0.0541 -0.9871
vn 0.9984 -0.0572 -0.0036
vn -0.0000 1.0000 -0.0064
vn -0.0000 0.8609 0.5088
vn -0.0165 0.9472 0.3202
vn 0.5916 -0.5427 -0.5962
vn 0.7409 0.6205 -0.2568
vn -0.1159 0.8377 -0.5337
vn 0.8330 0.3693 0.4119
vn 0.8386 0.3776 -0.3926
vn 0.8358 -0.3766 -0.3994
vn 0.5345 0.2364 -0.8115
vn 0.6601 0.3962 0.6382
vn 0.1628 0.7418 -0.6506
vn -0.7264 -0.2308 -0.6474
vn 0.5628 -0.5783 -0.5906
vn 0.1480 0.6699 -0.7276
vn -0.5860 -0.8059 0.0844
vn 0.4874 -0.3625 -0.7944
vn 0.4556 0.8843 -0.1017
vn -0.2849 0.9540 -0.0932
vn 0.3641 -0.8468 -0.3878
vn 0.5051 -0.8630 0.0093
vn -0.6980 -0.2762 -0.6607
vn -0.8330 0.3693 0.4119
vn -0.5636 0.7151 -0.4136
vn -0.7409 0.6205 -0.2568
vn 0.6612 0.0022 -0.7502
vn -0.4869 0.8720 -0.0511
vn -0.8358 -0.3766 -0.3994
vn -0.1103 0.6994 -0.7062
vn -0.6877 -0.4324 -0.5831
vn -0.1628 0.7418 -0.6506
vn 0.6586 0.0394 -0.7514
vn -0.3350 -0.5647 0.7543
vn 0.4387 0.4400 0.7835
vn 0.1725 0.7096 -0.6832
vn -0.8617 0.2718 0.4285
vn -0.6505 0.2869 -0.7032
vn -0.0337 -0.6396 -0.7680
vn -0.5180 -0.5168 -0.6816
vn -0.9925 -0.0243 -0.1197
vn 0.6600 -0.7400 -0.1297
vn -0.2309 -0.1580 -0.9601
vn -0.5369 0.8434 0.0220
vn -0.7538 -0.6571 0.0018
vn -0.3489 -0.5339 0.7702
vn 0.4187 -0.8773 0.2346
vn -0.4556 0.8843 -0.1017
vn 0.8870 0.2494 0.3885
vn 0.5594 -0.5962 0.5759
vn 0.9925 -0.0243 -0.1197
vt 0.145496 0.758633
vt 0.147029 0.827986
vt 0.147029 0.758627
vt 0.179919 0.826459
vt 0.179910 0.820606
vt 0.147021 0.833847
vt 0.918733 0.700217
vt 0.920319 0.773303
vt 0.920319 0.700240
vt 0.673461 0.828351
vt 0.671867 0.901105
vt 0.671867 0.828358
vt 0.001538 0.704439
vt 0.034408 0.706056
vt 0.034404 0.711875
vt 0.185228 0.691713
vt 0.181443 0.698107
vt 0.185215 0.698107
vt 0.695800 0.639083
vt 0.699068 0.631262
vt 0.695823 0.631263
vt 0.034404 0.773700
vt 0.035932 0.712489
vt 0.035932 0.773718
vt 0.181443 0.759485
vt 0.185215 0.759484
vt 0.282049 0.905986
vt 0.285811 0.872577
vt 0.285811 0.905948
vt 0.181464 0.537344
vt 0.184690 0.529627
vt 0.184711 0.537343
vt 0.145496 0.828659
vt 0.944367 0.772932
vt 0.944367 0.700335
vt 0.181464 0.610617
vt 0.184711 0.610615
vt 0.673461 0.901128
vt 0.673460 0.908936
vt 0.697534 0.901578
vt 0.699126 0.901615
vt 0.697533 0.909386
vt 0.001538 0.773626
vt 0.945963 0.772891
vt 0.944372 0.780697
vt 0.918733 0.773311
vt 0.920324 0.781068
vt 0.181443 0.820013
vt 0.000000 0.703784
vt 0.001523 0.698612
vt 0.551456 0.653347
vt 0.547632 0.658524
vt 0.547688 0.653348
vt 0.932494 0.938832
vt 0.935732 0.914966
vt 0.935732 0.938942
vt 0.990613 0.530034
vt 0.989227 0.532105
vt 0.990613 0.532252
vt 0.992555 0.556433
vt 0.990797 0.614090
vt 0.992692 0.614105
vt 0.969875 0.906105
vt 0.968897 0.908805
vt 0.970563 0.908590
vt 0.958473 0.813629
vt 0.961730 0.846612
vt 0.960781 0.813475
vt 0.968947 0.595752
vt 0.963826 0.668694
vt 0.966171 0.668824
vt 0.989187 0.539629
vt 0.990620 0.539811
vt 0.961952 0.741857
vt 0.963118 0.813400
vt 0.964298 0.741945
vt 0.969288 0.537731
vt 0.964298 0.595276
vt 0.966610 0.595474
vt 0.984134 0.532315
vt 0.983278 0.530830
vt 0.982911 0.532706
vt 0.993108 0.760561
vt 0.991102 0.724128
vt 0.991213 0.760559
vt 0.971619 0.538143
vt 0.989668 0.724081
vt 0.989780 0.760521
vt 0.369437 0.686756
vt 0.369474 0.723282
vt 0.369508 0.723281
vt 0.972054 0.907599
vt 0.970862 0.909682
vt 0.972763 0.908026
vt 0.982150 0.592709
vt 0.983347 0.626034
vt 0.983441 0.592565
vt 0.991718 0.865114
vt 0.990038 0.832165
vt 0.990335 0.865223
vt 0.983414 0.698119
vt 0.982026 0.626101
vt 0.982090 0.698115
vt 0.983474 0.734644
vt 0.370008 0.891119
vt 0.369992 0.891112
vt 0.370038 0.900858
vt 0.989557 0.687215
vt 0.989363 0.613969
vt 0.962859 0.705487
vt 0.965204 0.705597
vt 0.128880 0.887408
vt 0.131281 0.885660
vt 0.128818 0.885604
vt 0.126924 0.887191
vt 0.126702 0.885494
vt 0.960540 0.705458
vt 0.369550 0.760231
vt 0.369584 0.760231
vt 0.971898 0.905300
vt 0.982407 0.845200
vt 0.983914 0.903276
vt 0.983732 0.845288
vt 0.983538 0.771592
vt 0.982213 0.771569
vt 0.990660 0.556410
vt 0.991465 0.832131
vt 0.990990 0.687271
vt 0.992497 0.532264
vt 0.992515 0.539834
vt 0.369682 0.551610
vt 0.369400 0.581180
vt 0.369428 0.581181
vt 0.964716 0.875792
vt 0.993346 0.832124
vt 0.985985 0.532251
vt 0.984301 0.530141
vt 0.130871 0.888478
vt 0.131190 0.887462
vt 0.990865 0.894227
vt 0.992459 0.924166
vt 0.992154 0.894042
vt 0.369313 0.614660
vt 0.369346 0.614661
vt 0.992885 0.687276
vt 0.959632 0.741849
vt 0.964011 0.846364
vt 0.962621 0.876382
vt 0.967930 0.906897
vt 0.993504 0.865097
vt 0.369403 0.686756
vt 0.991236 0.924400
vt 0.982595 0.903294
vt 0.992996 0.724132
vt 0.982149 0.734630
vt 0.966912 0.875272
vt 0.129203 0.888570
vt 0.961507 0.668644
vt 0.104089 0.851055
vt 0.112248 0.860208
vt 0.112185 0.848616
vt 0.104389 0.862374
vt 0.102658 0.860668
vt 0.102662 0.862432
vt 0.983959 0.919423
vt 0.972367 0.521579
vt 0.972763 0.514077
vt 0.970037 0.521161
vt 0.982409 0.563225
vt 0.251773 0.924144
vt 0.249799 0.925293
vt 0.252175 0.925237
vt 0.248297 0.924264
vt 0.249995 0.923987
vt 0.989227 0.556230
vt 0.991277 0.926706
vt 0.992284 0.927063
vt 0.985875 0.926981
vt 0.985800 0.912221
vt 0.305753 0.921927
vt 0.308491 0.920120
vt 0.306154 0.920056
vt 0.959503 0.846939
vt 0.993714 0.894024
vt 0.982647 0.919930
vt 0.984017 0.927444
vt 0.972538 0.512194
vt 0.970534 0.513657
vt 0.985981 0.929580
vt 0.993987 0.927135
vt 0.993989 0.924154
vt 0.967733 0.520822
vt 0.983689 0.563001
vt 0.969031 0.511625
vt 0.968322 0.513352
vt 0.252295 0.927077
vt 0.247653 0.925392
vt 0.249773 0.927159
vt 0.233825 0.928462
vt 0.237160 0.923788
vt 0.234034 0.923732
vt 0.086351 0.897831
vt 0.089471 0.903368
vt 0.089471 0.897802
vt 0.828945 0.856831
vt 0.824579 0.865448
vt 0.828762 0.866137
vt 0.966984 0.537398
vt 0.982746 0.927436
vt 0.984148 0.929516
vt 0.983072 0.929201
vt 0.234056 0.916697
vt 0.233254 0.923661
vt 0.840336 0.857191
vt 0.838591 0.854800
vt 0.838513 0.857169
vt 0.113062 0.836107
vt 0.108727 0.837296
vt 0.108434 0.839100
vt 0.970821 0.511699
vt 0.310045 0.924969
vt 0.312774 0.924048
vt 0.309654 0.924031
vt 0.839458 0.882485
vt 0.840339 0.881966
vt 0.839327 0.881253
vt 0.086351 0.916979
vt 0.089082 0.919411
vt 0.089471 0.916950
vt 0.840328 0.870812
vt 0.838966 0.875321
vt 0.840334 0.876396
vt 0.926107 0.930904
vt 0.929170 0.937820
vt 0.929212 0.930898
vt 0.237942 0.923741
vt 0.237178 0.916721
vt 0.925943 0.939350
vt 0.929262 0.939347
vt 0.309654 0.921316
vt 0.308887 0.919536
vt 0.305770 0.919455
vt 0.926097 0.924418
vt 0.929197 0.926141
vt 0.929203 0.924412
vt 0.098040 0.861194
vt 0.097935 0.862952
vt 0.098268 0.852584
vt 0.091063 0.860947
vt 0.113970 0.860139
vt 0.112222 0.862532
vt 0.113953 0.862580
vt 0.830775 0.855014
vt 0.830647 0.856971
vt 0.089471 0.892249
vt 0.086741 0.891157
vt 0.086351 0.892264
vt 0.817369 0.856531
vt 0.817432 0.866542
vt 0.830386 0.866746
vt 0.838454 0.868825
vt 0.304941 0.928769
vt 0.304979 0.921177
vt 0.126259 0.928798
vt 0.129594 0.924007
vt 0.126468 0.923950
vt 0.312774 0.919474
vt 0.309654 0.919455
vt 0.102460 0.851749
vt 0.840327 0.869236
vt 0.838534 0.870178
vt 0.237954 0.929663
vt 0.237387 0.928512
vt 0.237959 0.930098
vt 0.928889 0.914855
vt 0.926153 0.916602
vt 0.929262 0.916600
vt 0.233268 0.929607
vt 0.233273 0.930045
vt 0.835107 0.880063
vt 0.834709 0.878309
vt 0.104365 0.860509
vt 0.926092 0.926147
vt 0.091121 0.851158
vt 0.089505 0.860829
vt 0.113964 0.840944
vt 0.113970 0.835363
vt 0.091006 0.862884
vt 0.073456 0.920156
vt 0.070500 0.920006
vt 0.069759 0.930193
vt 0.815828 0.856631
vt 0.815814 0.866880
vt 0.832915 0.870657
vt 0.113957 0.848124
vt 0.112265 0.847254
vt 0.113087 0.834846
vt 0.086351 0.903417
vt 0.089471 0.904940
vt 0.815877 0.854583
vt 0.308869 0.922027
vt 0.305724 0.929969
vt 0.308838 0.930225
vt 0.234142 0.915087
vt 0.237101 0.915103
vt 0.817416 0.854524
vt 0.086351 0.904993
vt 0.233275 0.916670
vt 0.840372 0.854727
vt 0.926557 0.914856
vt 0.233261 0.927918
vt 0.926062 0.937823
vt 0.824334 0.856320
vt 0.840372 0.883075
vt 0.129612 0.916755
vt 0.126576 0.913602
vt 0.126489 0.916731
vt 0.483905 0.920122
vt 0.486639 0.919603
vt 0.483522 0.919520
vt 0.486243 0.920187
vt 0.487405 0.921382
vt 0.086351 0.888699
vt 0.089082 0.891131
vt 0.089472 0.888670
vt 0.166760 0.859450
vt 0.171091 0.860640
vt 0.166354 0.857696
vt 0.202249 0.860888
vt 0.200473 0.859182
vt 0.200478 0.860946
vt 0.125688 0.923877
vt 0.202223 0.859023
vt 0.200270 0.850263
vt 0.172121 0.855783
vt 0.170720 0.854708
vt 0.201940 0.849569
vt 0.210308 0.858722
vt 0.210244 0.847130
vt 0.106630 0.846938
vt 0.112699 0.842069
vt 0.129318 0.683627
vt 0.126362 0.683477
vt 0.125621 0.693664
vt 0.304984 0.932160
vt 0.305598 0.933077
vt 0.086351 0.875137
vt 0.089471 0.876660
vt 0.089471 0.875088
vt 0.195736 0.859708
vt 0.195630 0.861466
vt 0.171223 0.861872
vt 0.172127 0.861353
vt 0.936849 0.535182
vt 0.940042 0.538224
vt 0.939956 0.535178
vt 0.309614 0.929092
vt 0.212075 0.833876
vt 0.211170 0.833360
vt 0.211143 0.834620
vt 0.162317 0.834401
vt 0.160442 0.836218
vt 0.162188 0.836358
vt 0.483504 0.921993
vt 0.113958 0.846545
vt 0.130376 0.923957
vt 0.164514 0.850044
vt 0.089472 0.863968
vt 0.086741 0.862877
vt 0.086351 0.863984
vt 0.233399 0.915086
vt 0.188640 0.849673
vt 0.185501 0.859347
vt 0.188581 0.859461
vt 0.824333 0.854460
vt 0.234081 0.931932
vt 0.237203 0.931958
vt 0.206698 0.835810
vt 0.206397 0.837614
vt 0.212063 0.846637
vt 0.210326 0.845768
vt 0.212070 0.839457
vt 0.170255 0.836556
vt 0.161920 0.846133
vt 0.170195 0.848212
vt 0.086351 0.869550
vt 0.089471 0.869521
vt 0.172115 0.850199
vt 0.188523 0.861399
vt 0.936891 0.528086
vt 0.939996 0.528079
vt 0.830778 0.867198
vt 0.181443 0.832047
vt 0.184564 0.827379
vt 0.181443 0.827360
vt 0.130387 0.930029
vt 0.129821 0.928849
vt 0.130392 0.930473
vt 0.155964 0.844835
vt 0.160254 0.845524
vt 0.148635 0.845929
vt 0.145511 0.836019
vt 0.145496 0.846268
vt 0.937336 0.511627
vt 0.940042 0.513415
vt 0.939668 0.511625
vt 0.125702 0.929972
vt 0.125707 0.930420
vt 0.195970 0.851099
vt 0.486620 0.922093
vt 0.483475 0.930032
vt 0.486589 0.930290
vt 0.237844 0.915109
vt 0.237959 0.916704
vt 0.104483 0.850577
vt 0.172124 0.836578
vt 0.170334 0.834187
vt 0.829051 0.854967
vt 0.162322 0.846586
vt 0.170277 0.849565
vt 0.936875 0.523208
vt 0.939980 0.523200
vt 0.212075 0.858652
vt 0.210283 0.861045
vt 0.212058 0.861093
vt 0.089479 0.862827
vt 0.070313 0.932246
vt 0.074197 0.930271
vt 0.148569 0.835919
vt 0.309654 0.932659
vt 0.237948 0.927984
vt 0.181834 0.833008
vt 0.184564 0.832064
vt 0.936879 0.521434
vt 0.939985 0.521427
vt 0.145560 0.833971
vt 0.118644 0.887954
vt 0.121092 0.888105
vt 0.120284 0.886786
vt 0.172114 0.848623
vt 0.129536 0.913618
vt 0.148616 0.833911
vt 0.086351 0.876712
vt 0.125708 0.916703
vt 0.172159 0.834114
vt 0.309146 0.933533
vt 0.125695 0.928242
vt 0.073642 0.932288
vt 0.155713 0.835707
vt 0.172159 0.862462
vt 0.482736 0.932221
vt 0.483351 0.933138
vt 0.211423 0.922094
vt 0.207539 0.924070
vt 0.211978 0.924145
vt 0.115949 0.841141
vt 0.116005 0.853991
vt 0.117950 0.840215
vt 0.130279 0.913624
vt 0.130392 0.916737
vt 0.214818 0.887768
vt 0.224019 0.868328
vt 0.218229 0.863926
vt 0.699205 0.743405
vt 0.695804 0.732774
vt 0.696099 0.743275
vt 0.223465 0.898590
vt 0.219283 0.912872
vt 0.219694 0.913197
vt 0.212194 0.894007
vt 0.213459 0.886623
vt 0.248350 0.923968
vt 0.251394 0.922323
vt 0.248274 0.922309
vt 0.487364 0.929157
vt 0.126175 0.695717
vt 0.130059 0.693742
vt 0.251394 0.900299
vt 0.248274 0.900281
vt 0.220383 0.916585
vt 0.219815 0.917682
vt 0.219815 0.918057
vt 0.223940 0.916613
vt 0.220599 0.932399
vt 0.223720 0.932428
vt 0.185476 0.861345
vt 0.121666 0.837642
vt 0.126669 0.834241
vt 0.123741 0.835058
vt 0.115878 0.855964
vt 0.122640 0.858755
vt 0.125567 0.853527
vt 0.130381 0.928308
vt 0.216708 0.862718
vt 0.219065 0.862604
vt 0.217479 0.861388
vt 0.699042 0.702494
vt 0.695889 0.700822
vt 0.695937 0.702369
vt 0.160550 0.834354
vt 0.155710 0.833847
vt 0.125514 0.852606
vt 0.204546 0.845451
vt 0.210771 0.840582
vt 0.116877 0.862974
vt 0.126001 0.882428
vt 0.252050 0.923988
vt 0.251307 0.923983
vt 0.482731 0.921242
vt 0.126514 0.932349
vt 0.129637 0.932375
vt 0.220694 0.892067
vt 0.213848 0.894833
vt 0.223642 0.897287
vt 0.936933 0.513418
vt 0.482692 0.928832
vt 0.897294 0.924153
vt 0.896840 0.929561
vt 0.897619 0.929562
vt 0.224695 0.916585
vt 0.221786 0.915792
vt 0.212075 0.895882
vt 0.208281 0.931091
vt 0.211236 0.931095
vt 0.223429 0.898130
vt 0.215996 0.910643
vt 0.698907 0.732906
vt 0.695800 0.731131
vt 0.698953 0.724366
vt 0.695850 0.724244
vt 0.698903 0.731264
vt 0.900847 0.924152
vt 0.900737 0.929560
vt 0.224497 0.918098
vt 0.252174 0.900302
vt 0.113970 0.854880
vt 0.125834 0.913602
vt 0.126669 0.883950
vt 0.121253 0.837968
vt 0.125528 0.852159
vt 0.224498 0.917723
vt 0.213989 0.896816
vt 0.901516 0.929562
vt 0.901266 0.924164
vt 0.219816 0.932799
vt 0.214097 0.909660
vt 0.115376 0.864098
vt 0.212064 0.845058
vt 0.247494 0.922302
vt 0.224695 0.866792
vt 0.114105 0.856744
vt 0.202344 0.849091
vt 0.487405 0.932723
vt 0.247607 0.923965
vt 0.252174 0.922328
vt 0.219950 0.916858
vt 0.486899 0.933595
vt 0.129504 0.695759
vt 0.992463 0.529998
vt 0.247494 0.900277
vt 0.896851 0.924166
vt 0.224498 0.932840
vt 0.208094 0.922053
vt 0.985199 0.626024
vt 0.985292 0.592544
vt 0.369802 0.833936
vt 0.985390 0.771594
vt 0.985267 0.698119
vt 0.369769 0.833936
vt 0.985772 0.902483
vt 0.985585 0.845299
vt 0.985326 0.734645
vt 0.985921 0.535748
vt 0.369666 0.551610
vt 0.370038 0.524384
vt 0.699126 0.828339
vt 0.699068 0.558481
vt 0.697534 0.828333
vt 0.179910 0.758626
vt 0.000000 0.773636
vt 0.551456 0.583288
vt 0.344847 0.927519
vt 0.352585 0.915936
vt 0.352585 0.927513
vt 0.915933 0.882311
vt 0.908406 0.917656
vt 0.908406 0.882172
vt 0.212075 0.916589
vt 0.219815 0.928159
vt 0.212075 0.928163
vt 0.193196 0.940694
vt 0.185476 0.905115
vt 0.193196 0.905107
vt 0.828474 0.884195
vt 0.839952 0.919800
vt 0.828474 0.919784
vt 0.193222 0.940622
vt 0.200926 0.905081
vt 0.200926 0.940563
vt 0.000000 0.928511
vt 0.007731 0.916929
vt 0.007731 0.928511
vt 0.827693 0.919805
vt 0.828079 0.919802
vt 0.827715 0.920924
vt 0.839919 0.883092
vt 0.840281 0.884215
vt 0.839952 0.884212
vt 0.827693 0.884221
vt 0.827715 0.883093
vt 0.828079 0.884217
vt 0.840281 0.919803
vt 0.839919 0.920926
vt 0.816156 0.919787
vt 0.816178 0.920905
vt 0.815814 0.919782
vt 0.828079 0.884197
vt 0.828441 0.883075
vt 0.816156 0.884202
vt 0.815814 0.884197
vt 0.816178 0.883075
vt 0.828441 0.920909
vt 0.828079 0.919786
vt 0.193258 0.941769
vt 0.200962 0.941711
vt 0.193258 0.904048
vt 0.200962 0.903990
vt 0.193222 0.903990
vt 0.185476 0.940702
vt 0.193222 0.941822
vt 0.185502 0.941830
vt 0.863802 0.919890
vt 0.875157 0.884277
vt 0.875157 0.919866
vt 0.024558 0.902297
vt 0.032039 0.937913
vt 0.024558 0.937884
vt 0.238738 0.916702
vt 0.246471 0.928276
vt 0.238738 0.928282
vt 0.462237 0.887371
vt 0.462296 0.886252
vt 0.462651 0.887374
vt 0.032133 0.901199
vt 0.032369 0.902322
vt 0.032039 0.902327
vt 0.462237 0.922956
vt 0.462651 0.922958
vt 0.462296 0.924083
vt 0.032369 0.937909
vt 0.032133 0.939031
vt 0.908083 0.917679
vt 0.908321 0.918803
vt 0.875205 0.883157
vt 0.875564 0.884279
vt 0.908083 0.882195
vt 0.908321 0.881080
vt 0.875564 0.919868
vt 0.875205 0.920991
vt 0.024651 0.901169
vt 0.024651 0.939001
vt 0.450997 0.923005
vt 0.451056 0.924132
vt 0.863850 0.921016
vt 0.915848 0.881219
vt 0.915933 0.917795
vt 0.915848 0.918942
vt 0.451056 0.886302
vt 0.863802 0.884302
vt 0.137835 0.925742
vt 0.136514 0.926719
vt 0.137671 0.925390
vt 0.136870 0.928323
vt 0.136870 0.926852
vt 0.139443 0.929288
vt 0.140753 0.928309
vt 0.139597 0.929639
vt 0.136514 0.928483
vt 0.136172 0.926589
vt 0.137520 0.925039
vt 0.140408 0.926707
vt 0.140408 0.928179
vt 0.139429 0.925388
vt 0.140753 0.926546
vt 0.141113 0.928442
vt 0.139765 0.929993
vt 0.139302 0.925741
vt 0.697844 0.746130
vt 0.697302 0.744932
vt 0.698361 0.745330
vt 0.139569 0.925037
vt 0.141113 0.926387
vt 0.696106 0.745477
vt 0.696904 0.745995
vt 0.137839 0.929641
vt 0.696760 0.743733
vt 0.697701 0.743869
vt 0.698497 0.744387
vt 0.137976 0.929290
vt 0.171746 0.888227
vt 0.170525 0.890291
vt 0.170521 0.888202
vt 0.137716 0.929995
vt 0.136172 0.928645
vt 0.171767 0.890317
vt 0.170531 0.890541
vt 0.802282 0.882553
vt 0.803492 0.880431
vt 0.803483 0.882522
vt 0.169252 0.890317
vt 0.169265 0.888227
vt 0.802275 0.880463
vt 0.803480 0.880162
vt 0.169274 0.864860
vt 0.170518 0.862734
vt 0.170520 0.864822
vt 0.804783 0.880463
vt 0.804757 0.882553
vt 0.169255 0.862772
vt 0.170520 0.862462
vt 0.804770 0.905913
vt 0.803522 0.907952
vt 0.803524 0.905870
vt 0.171772 0.862772
vt 0.171757 0.864860
vt 0.804785 0.907996
vt 0.803519 0.908195
vt 0.698851 0.745510
vt 0.802269 0.907996
vt 0.802288 0.905913
vt 0.804730 0.894271
vt 0.803534 0.896313
vt 0.803537 0.894229
vt 0.696752 0.746466
vt 0.802354 0.894271
vt 0.169336 0.876524
vt 0.170527 0.874389
vt 0.170528 0.876488
vt 0.695800 0.744362
vt 0.696243 0.744534
vt 0.171712 0.876524
vt 0.802278 0.894229
vt 0.803432 0.892100
vt 0.803426 0.894200
vt 0.697899 0.743405
vt 0.804646 0.894229
vt 0.171669 0.876548
vt 0.170503 0.878617
vt 0.170497 0.876524
vt 0.370199 0.559671
vt 0.370549 0.561605
vt 0.370131 0.561604
vt 0.169294 0.876548
vt 0.460275 0.927559
vt 0.461337 0.929170
vt 0.459767 0.927793
vt 0.370617 0.555698
vt 0.370132 0.553767
vt 0.370558 0.553767
vt 0.463165 0.928647
vt 0.463424 0.929170
vt 0.370199 0.563520
vt 0.464797 0.927599
vt 0.370605 0.571332
vt 0.370131 0.569472
vt 0.370558 0.569471
vt 0.464250 0.925754
vt 0.464797 0.925509
vt 0.370617 0.551849
vt 0.114675 0.928532
vt 0.114329 0.926929
vt 0.114675 0.927060
vt 0.114329 0.928692
vt 0.113970 0.926796
vt 0.115485 0.925600
vt 0.115640 0.925951
vt 0.118212 0.926916
vt 0.118568 0.928519
vt 0.118212 0.928387
vt 0.118568 0.926756
vt 0.118910 0.928649
vt 0.117412 0.929849
vt 0.117248 0.929497
vt 0.115654 0.929851
vt 0.115781 0.929498
vt 0.115514 0.930202
vt 0.907784 0.617130
vt 0.906588 0.617675
vt 0.906986 0.616612
vt 0.907130 0.618873
vt 0.907647 0.618073
vt 0.905393 0.618220
vt 0.905529 0.617276
vt 0.906046 0.616477
vt 0.117244 0.925598
vt 0.117107 0.925949
vt 0.117366 0.925244
vt 0.249888 0.880635
vt 0.251149 0.882699
vt 0.249875 0.882725
vt 0.252369 0.880635
vt 0.251144 0.880610
vt 0.252390 0.882725
vt 0.251155 0.882949
vt 0.249760 0.882977
vt 0.169278 0.902253
vt 0.170511 0.904292
vt 0.169258 0.904336
vt 0.171760 0.902253
vt 0.170514 0.902209
vt 0.171775 0.904336
vt 0.170509 0.904534
vt 0.169137 0.904582
vt 0.804767 0.868498
vt 0.803529 0.866372
vt 0.804783 0.866410
vt 0.802284 0.868498
vt 0.803530 0.868460
vt 0.802266 0.866410
vt 0.803530 0.866100
vt 0.804903 0.866142
vt 0.252369 0.885368
vt 0.251104 0.883246
vt 0.252396 0.883277
vt 0.249895 0.885368
vt 0.251095 0.885337
vt 0.249887 0.883277
vt 0.251092 0.882977
vt 0.252514 0.882977
vt 0.908090 0.618245
vt 0.907257 0.619201
vt 0.249890 0.897044
vt 0.251044 0.894914
vt 0.251039 0.897014
vt 0.252259 0.897044
vt 0.252319 0.894945
vt 0.907139 0.616140
vt 0.908090 0.616976
vt 0.802346 0.880162
vt 0.803538 0.878027
vt 0.803539 0.880126
vt 0.804722 0.880162
vt 0.804774 0.878065
vt 0.905039 0.617097
vt 0.905873 0.616142
vt 0.171720 0.890611
vt 0.170524 0.892653
vt 0.170527 0.890569
vt 0.169344 0.890611
vt 0.169288 0.892696
vt 0.905991 0.619202
vt 0.905039 0.618366
vt 0.906190 0.618738
vt 0.252293 0.868956
vt 0.251127 0.871025
vt 0.251120 0.868932
vt 0.249918 0.868956
vt 0.249870 0.871050
vt 0.370605 0.571394
vt 0.370131 0.573371
vt 0.370188 0.571363
vt 0.370605 0.575231
vt 0.370558 0.573370
vt 0.900358 0.613884
vt 0.901382 0.615506
vt 0.900052 0.614645
vt 0.898492 0.614417
vt 0.898272 0.613884
vt 0.370617 0.555761
vt 0.370132 0.557678
vt 0.370199 0.555730
vt 0.370617 0.559610
vt 0.370558 0.557678
vt 0.901930 0.617351
vt 0.900298 0.618399
vt 0.901153 0.617073
vt 0.901929 0.615261
vt 0.370199 0.567432
vt 0.370549 0.565517
vt 0.370611 0.567464
vt 0.370199 0.563583
vt 0.370131 0.565516
vt 0.898469 0.618922
vt 0.897407 0.617311
vt 0.898729 0.618173
vt 0.900557 0.618922
vt 0.370191 0.583052
vt 0.370573 0.581102
vt 0.370605 0.583082
vt 0.370191 0.579206
vt 0.370152 0.581105
vt 0.896897 0.615456
vt 0.897629 0.615746
vt 0.896899 0.617545
vt 0.899382 0.616412
vt 0.252344 0.890156
vt 0.249844 0.894945
vt 0.251070 0.890126
vt 0.249869 0.890156
vt 0.804771 0.873282
vt 0.802292 0.878065
vt 0.803534 0.873244
vt 0.802288 0.873282
vt 0.169283 0.897475
vt 0.171770 0.892696
vt 0.170519 0.897431
vt 0.171765 0.897475
vt 0.251135 0.875817
vt 0.249879 0.875843
vt 0.252352 0.871050
vt 0.252360 0.875843
vt 0.370605 0.567495
vt 0.370573 0.577193
vt 0.370191 0.579143
vt 0.370152 0.577195
vt 0.462250 0.926660
vt 0.461360 0.924666
vt 0.462920 0.924894
vt 0.803529 0.901091
vt 0.802298 0.896357
vt 0.802293 0.901135
vt 0.803457 0.887311
vt 0.804706 0.892131
vt 0.170512 0.883409
vt 0.169247 0.878642
vt 0.171737 0.883435
vt 0.169256 0.883435
vt 0.171728 0.878642
vt 0.804731 0.887342
vt 0.802257 0.887342
vt 0.802231 0.892131
vt 0.171760 0.869644
vt 0.170524 0.869606
vt 0.169278 0.869644
vt 0.171764 0.874427
vt 0.804776 0.901135
vt 0.169282 0.874427
vt 0.804780 0.896357
vt 0.460496 0.925994
vt 0.464020 0.927321
vt 0.459765 0.925704
vt 0.461139 0.924132
vt 0.370191 0.575296
vt 0.463225 0.924132
vt 0.971911 0.369512
vt 0.961593 0.293037
vt 0.972763 0.293547
vt 0.470536 0.018928
vt 0.461687 0.000000
vt 0.478948 0.019397
vt 0.646655 0.836515
vt 0.665100 0.878075
vt 0.649508 0.889790
vt 0.275132 0.832161
vt 0.252666 0.851204
vt 0.258579 0.831208
vt 0.945671 0.436359
vt 0.907553 0.438397
vt 0.925220 0.422934
vt 0.961568 0.436738
vt 0.942005 0.472868
vt 0.632238 0.440343
vt 0.649867 0.466069
vt 0.629170 0.477849
vt 0.545090 0.291287
vt 0.548368 0.212025
vt 0.552822 0.292514
vt 0.944218 0.214593
vt 0.921546 0.291256
vt 0.923047 0.216883
vt 0.523068 0.140081
vt 0.540443 0.213183
vt 0.679325 0.287046
vt 0.700237 0.214392
vt 0.700982 0.289299
vt 0.960724 0.214017
vt 0.482692 0.508024
vt 0.552699 0.508024
vt 0.552699 0.588443
vt 0.552698 0.508024
vt 0.944289 0.370100
vt 0.943980 0.291790
vt 0.532109 0.137097
vt 0.502824 0.078493
vt 0.507631 0.070845
vt 0.333439 0.808931
vt 0.343084 0.853271
vt 0.333340 0.853158
vt 0.957300 0.506004
vt 0.969323 0.490978
vt 0.971350 0.511624
vt 0.780756 0.043068
vt 0.763913 0.068225
vt 0.764388 0.031869
vt 0.429771 0.929710
vt 0.431167 0.910338
vt 0.438930 0.929710
vt 0.806234 0.131479
vt 0.795792 0.200129
vt 0.788821 0.129940
vt 0.925462 0.023801
vt 0.939152 0.059519
vt 0.922677 0.065856
vt 0.753556 0.464015
vt 0.790986 0.416609
vt 0.788795 0.463789
vt 0.700543 0.477849
vt 0.699085 0.496966
vt 0.699068 0.496967
vt 0.637583 0.618119
vt 0.653812 0.540317
vt 0.655734 0.619559
vt 0.618695 0.613364
vt 0.637499 0.537035
vt 0.798670 0.272034
vt 0.815814 0.199056
vt 0.815814 0.272100
vt 0.552344 0.648677
vt 0.551456 0.582716
vt 0.666523 0.546156
vt 0.639743 0.691680
vt 0.531899 0.445972
vt 0.548941 0.368831
vt 0.540294 0.456888
vt 0.942504 0.140073
vt 0.923801 0.141984
vt 0.795614 0.342195
vt 0.810700 0.343894
vt 0.782188 0.073790
vt 0.762739 0.129342
vt 0.352002 0.853484
vt 0.346226 0.796801
vt 0.356380 0.791213
vt 0.642563 0.765831
vt 0.659235 0.691522
vt 0.663317 0.764528
vt 0.617545 0.767826
vt 0.758951 0.271163
vt 0.666332 0.831674
vt 0.531652 0.829254
vt 0.536790 0.891680
vt 0.527594 0.891406
vt 0.755184 0.411959
vt 0.757056 0.341981
vt 0.935016 0.911473
vt 0.944860 0.847976
vt 0.946345 0.914855
vt 0.920429 0.905128
vt 0.933800 0.847960
vt 0.905060 0.217612
vt 0.907115 0.142688
vt 0.699655 0.062437
vt 0.680699 0.137901
vt 0.682590 0.055298
vt 0.966597 0.050072
vt 0.951951 0.003528
vt 0.963334 0.000000
vt 0.640014 0.212338
vt 0.682141 0.213448
vt 0.635848 0.358388
vt 0.637933 0.285896
vt 0.905211 0.412679
vt 0.919000 0.369812
vt 0.647275 0.431674
vt 0.665440 0.407821
vt 0.642159 0.136697
vt 0.644883 0.040615
vt 0.693604 0.019436
vt 0.644719 0.018260
vt 0.958823 0.487246
vt 0.969733 0.437475
vt 0.621775 0.901940
vt 0.655112 0.918911
vt 0.625569 0.961019
vt 0.970721 0.137171
vt 0.954901 0.052442
vt 0.322624 0.817553
vt 0.795919 0.084611
vt 0.671867 0.888362
vt 0.130119 0.808360
vt 0.131281 0.882584
vt 0.961979 0.370134
vt 0.687570 0.366890
vt 0.524251 0.502981
vt 0.958413 0.138586
vt 0.644269 0.000000
vt 0.700982 0.008198
vt 0.184711 0.597621
vt 0.185460 0.673587
vt 0.185461 0.673588
vt 0.185461 0.529627
vt 0.185459 0.529631
vt 0.540075 0.367662
vt 0.760860 0.199969
vt 0.552344 0.508024
vt 0.972763 0.212950
vt 0.644795 0.958262
vt 0.661557 0.929467
vt 0.649549 0.493779
vt 0.661063 0.498896
vt 0.937347 0.012021
vt 0.619170 0.840660
vt 0.700552 0.547969
vt 0.700554 0.547973
vt 0.635739 0.489294
vt 0.620862 0.534947
vt 0.625234 0.477849
vt 0.130230 0.745359
vt 0.616930 0.689799
vt 0.131281 0.683419
vt 0.700554 0.477850
vt 0.671867 0.620727
vt 0.273483 0.851759
vt 0.918733 0.847928
vt 0.184713 0.597621
vt 0.951074 0.923747
vt 0.956797 0.962776
vt 0.953360 0.962905
vt 0.952539 0.723338
vt 0.949645 0.649129
vt 0.953219 0.648993
vt 0.148325 0.525567
vt 0.156565 0.514571
vt 0.164661 0.525069
vt 0.265017 0.036047
vt 0.270830 0.030197
vt 0.266334 0.037986
vt 0.216008 0.508728
vt 0.205168 0.509921
vt 0.213594 0.499882
vt 0.185476 0.299978
vt 0.176123 0.221231
vt 0.178910 0.220545
vt 0.121770 0.048995
vt 0.107807 0.031090
vt 0.109019 0.029137
vt 0.247997 0.048030
vt 0.260235 0.028177
vt 0.097090 0.015804
vt 0.092154 0.025524
vt 0.093278 0.013206
vt 0.210461 0.449296
vt 0.201437 0.372078
vt 0.204342 0.371471
vt 0.271452 0.005301
vt 0.274516 0.011168
vt 0.270778 0.013068
vt 0.088604 0.025930
vt 0.088540 0.023281
vt 0.090127 0.026687
vt 0.120239 0.050817
vt 0.103068 0.039102
vt 0.088245 0.009787
vt 0.090951 0.005775
vt 0.892992 0.789003
vt 0.894624 0.789007
vt 0.893156 0.819064
vt 0.163164 0.225066
vt 0.171090 0.299658
vt 0.168295 0.299643
vt 0.162755 0.145857
vt 0.139357 0.088594
vt 0.140935 0.086495
vt 0.176098 0.457964
vt 0.167428 0.514289
vt 0.173662 0.457017
vt 0.158886 0.505164
vt 0.977206 0.225678
vt 0.972763 0.305177
vt 0.973075 0.225477
vt 0.272018 0.025537
vt 0.276212 0.024972
vt 0.272405 0.028200
vt 0.279531 0.001240
vt 0.276746 0.000339
vt 0.279598 0.000000
vt 0.978423 0.016114
vt 0.982775 0.012543
vt 0.982874 0.016333
vt 0.279332 0.020442
vt 0.275765 0.022538
vt 0.277280 0.016088
vt 0.952877 0.867396
vt 0.948988 0.798048
vt 0.952405 0.797904
vt 0.219555 0.152984
vt 0.203924 0.221907
vt 0.217072 0.151403
vt 0.208577 0.145038
vt 0.191237 0.218316
vt 0.206625 0.143457
vt 0.235392 0.094464
vt 0.255737 0.057190
vt 0.237145 0.096566
vt 0.208038 0.520288
vt 0.203213 0.512841
vt 0.230194 0.508678
vt 0.231794 0.506601
vt 0.251138 0.506063
vt 0.978066 0.012172
vt 0.975175 0.005180
vt 0.976337 0.004929
vt 0.188195 0.297708
vt 0.199409 0.297306
vt 0.198408 0.454258
vt 0.207914 0.450192
vt 0.980099 0.088708
vt 0.974137 0.149623
vt 0.975938 0.088512
vt 0.982072 0.006008
vt 0.984998 0.003989
vt 0.984562 0.006917
vt 0.218146 0.506702
vt 0.090551 0.018500
vt 0.088401 0.017059
vt 0.188032 0.375004
vt 0.196202 0.455335
vt 0.895738 0.818965
vt 0.895306 0.789005
vt 0.253598 0.906815
vt 0.255015 0.906664
vt 0.254009 0.914673
vt 0.090947 0.000740
vt 0.093467 0.003382
vt 0.131737 0.099366
vt 0.151970 0.153920
vt 0.149798 0.155589
vt 0.976463 0.461643
vt 0.977687 0.382172
vt 0.981269 0.461689
vt 0.088137 0.004339
vt 0.224346 0.520558
vt 0.248744 0.514650
vt 0.919355 0.920370
vt 0.922383 0.920392
vt 0.919756 0.921865
vt 0.161721 0.452291
vt 0.169912 0.374491
vt 0.164086 0.453264
vt 0.215851 0.498088
vt 0.925943 0.920367
vt 0.924346 0.921864
vt 0.223026 0.524026
vt 0.206191 0.523677
vt 0.844864 0.921198
vt 0.850182 0.921183
vt 0.848102 0.923649
vt 0.229228 0.085999
vt 0.227866 0.083870
vt 0.952435 0.570839
vt 0.193678 0.219028
vt 0.958160 0.522121
vt 0.954223 0.520607
vt 0.982223 0.001712
vt 0.142352 0.514831
vt 0.123812 0.520736
vt 0.190598 0.374426
vt 0.314885 0.844891
vt 0.318772 0.844957
vt 0.316774 0.864515
vt 0.270293 0.027617
vt 0.268620 0.017174
vt 0.202466 0.297178
vt 0.091899 0.028191
vt 0.095956 0.028635
vt 0.095742 0.031408
vt 0.258871 0.928189
vt 0.258583 0.932189
vt 0.255291 0.930715
vt 0.921958 0.921864
vt 0.316602 0.889699
vt 0.318483 0.889740
vt 0.920848 0.918655
vt 0.924866 0.918654
vt 0.149846 0.528017
vt 0.093495 0.001982
vt 0.185476 0.297794
vt 0.156776 0.502529
vt 0.841715 0.918360
vt 0.840500 0.921195
vt 0.840372 0.918358
vt 0.891189 0.788998
vt 0.183641 0.377261
vt 0.180831 0.376659
vt 0.844852 0.918351
vt 0.925758 0.921866
vt 0.262964 0.929714
vt 0.262932 0.933960
vt 0.261619 0.933549
vt 0.160490 0.147420
vt 0.126252 0.528648
vt 0.954508 0.923621
vt 0.949454 0.867523
vt 0.154564 0.511513
vt 0.140881 0.511686
vt 0.097706 0.030726
vt 0.088081 0.001159
vt 0.169593 0.516391
vt 0.096103 0.512204
vt 0.121378 0.512715
vt 0.096091 0.513088
vt 0.133273 0.097179
vt 0.841868 0.923649
vt 0.099308 0.020172
vt 0.099740 0.017583
vt 0.921620 0.914857
vt 0.259569 0.907277
vt 0.260567 0.907785
vt 0.261764 0.916440
vt 0.167202 0.373989
vt 0.096327 0.529627
vt 0.096289 0.527162
vt 0.978267 0.149811
vt 0.253112 0.914751
vt 0.253141 0.921188
vt 0.279481 0.008447
vt 0.257384 0.906983
vt 0.258271 0.915586
vt 0.097338 0.033394
vt 0.101915 0.041134
vt 0.261960 0.916793
vt 0.262814 0.924151
vt 0.253866 0.926265
vt 0.252826 0.925753
vt 0.276732 0.004874
vt 0.279512 0.003862
vt 0.314982 0.831208
vt 0.318863 0.831273
vt 0.253328 0.929689
vt 0.182458 0.299870
vt 0.978717 0.519231
vt 0.983411 0.529064
vt 0.979223 0.529998
vt 0.889891 0.818953
vt 0.949121 0.723474
vt 0.112726 0.060212
vt 0.254083 0.055379
vt 0.958054 0.981854
vt 0.097710 0.013811
vt 0.279402 0.014855
vt 0.263143 0.929635
vt 0.895236 0.842558
vt 0.973409 0.381967
vt 0.976890 0.305382
vt 0.277835 0.023557
vt 0.279343 0.022818
vt 0.977994 0.028471
vt 0.982377 0.028685
vt 0.246458 0.523784
vt 0.276301 0.521362
vt 0.850860 0.923586
vt 0.889994 0.788992
vt 0.958430 0.989594
vt 0.954616 0.981986
vt 0.981535 0.049621
vt 0.984749 0.030651
vt 0.983829 0.051425
vt 0.274209 0.002579
vt 0.096306 0.006927
vt 0.891138 0.842550
vt 0.165717 0.224268
vt 0.977249 0.049414
vt 0.983063 0.518496
vt 0.261086 0.910485
vt 0.261501 0.923749
vt 0.265632 0.926589
vt 0.264034 0.927099
vt 0.264028 0.918341
vt 0.263185 0.918798
vt 0.263237 0.910482
vt 0.267398 0.926044
vt 0.267616 0.916523
vt 0.267833 0.907003
vt 0.265851 0.908331
vt 0.255951 0.922049
vt 0.252666 0.928366
vt 0.114204 0.058310
vt 0.166713 0.527468
vt 0.263143 0.932819
vt 0.848253 0.918342
vt 0.268543 0.925304
vt 0.269156 0.922295
vt 0.269478 0.915710
vt 0.269478 0.909245
vt 0.269022 0.906664
vt 0.253090 0.909139
vt 0.985243 0.515483
vt 0.983719 0.460501
vt 0.263345 0.926977
vt 0.263228 0.924520
vt 0.264023 0.909583
vt 0.982250 0.090777
vt 0.263143 0.913067
vt 0.276298 0.514755
vt 0.276319 0.508270
vt 0.313361 0.889647
vt 0.314565 0.889657
vt 0.313539 0.864365
vt 0.958473 0.991575
vt 0.954992 0.989725
vt 0.954940 0.991711
vt 0.958473 0.513475
vt 0.954636 0.511625
vt 0.985243 0.014735
vt 0.985239 0.019006
vt 0.088067 0.000000
vt 0.760553 0.976379
vt 0.769512 0.979129
vt 0.761203 0.974936
vt 0.754346 0.971756
vt 0.755046 0.970562
vt 0.096206 0.521423
vt 0.895334 0.859440
vt 0.891102 0.859433
vt 0.099941 0.918063
vt 0.101977 0.904190
vt 0.101346 0.901037
vt 0.728336 0.495377
vt 0.729470 0.491303
vt 0.728041 0.495341
vt 0.807002 0.933496
vt 0.805439 0.908915
vt 0.805827 0.933655
vt 0.524232 0.908513
vt 0.525272 0.908135
vt 0.524227 0.905545
vt 0.276363 0.505684
vt 0.195845 0.885283
vt 0.194558 0.888907
vt 0.194571 0.885274
vt 0.769090 0.981009
vt 0.806915 0.503032
vt 0.807061 0.495205
vt 0.807961 0.503033
vt 0.120590 0.529627
vt 0.108592 0.546849
vt 0.125620 0.537512
vt 0.091020 0.913647
vt 0.094447 0.906296
vt 0.092832 0.914389
vt 0.808649 0.469482
vt 0.807474 0.475075
vt 0.808391 0.480669
vt 0.201266 0.930043
vt 0.203707 0.928248
vt 0.201160 0.928255
vt 0.807345 0.480669
vt 0.806202 0.480556
vt 0.806382 0.475056
vt 0.806591 0.908815
vt 0.809194 0.933495
vt 0.703960 0.794909
vt 0.705412 0.759854
vt 0.707856 0.759950
vt 0.239217 0.893678
vt 0.240961 0.884073
vt 0.241067 0.893717
vt 0.762435 0.471646
vt 0.768819 0.472010
vt 0.757279 0.474499
vt 0.808268 0.823314
vt 0.808320 0.836436
vt 0.807177 0.823314
vt 0.096124 0.515677
vt 0.201200 0.873132
vt 0.201546 0.864818
vt 0.201489 0.881077
vt 0.764355 0.476681
vt 0.764201 0.476275
vt 0.769588 0.475553
vt 0.526027 0.888100
vt 0.526037 0.882907
vt 0.526393 0.882824
vt 0.240705 0.862393
vt 0.238738 0.853729
vt 0.238745 0.862367
vt 0.805720 0.638899
vt 0.806590 0.598394
vt 0.806493 0.638899
vt 0.806182 0.836435
vt 0.805037 0.836467
vt 0.805357 0.823312
vt 0.975448 0.965749
vt 0.973965 0.973320
vt 0.973633 0.965749
vt 0.517827 0.831853
vt 0.507618 0.839610
vt 0.517731 0.832564
vt 0.806704 0.555836
vt 0.807636 0.598395
vt 0.526037 0.899599
vt 0.525264 0.899604
vt 0.526027 0.893664
vt 0.526061 0.875197
vt 0.525288 0.875202
vt 0.525273 0.877719
vt 0.777624 0.943658
vt 0.784068 0.965173
vt 0.781460 0.943158
vt 0.804986 0.823335
vt 0.805368 0.811063
vt 0.756031 0.472269
vt 0.762164 0.470946
vt 0.728077 0.533295
vt 0.732954 0.513997
vt 0.729212 0.533526
vt 0.524208 0.888112
vt 0.522025 0.893689
vt 0.522025 0.888125
vt 0.195905 0.883207
vt 0.077513 0.741396
vt 0.062879 0.766585
vt 0.072500 0.766586
vt 0.805414 0.785315
vt 0.806188 0.785315
vt 0.806254 0.750388
vt 0.757663 0.966422
vt 0.739971 0.956862
vt 0.742639 0.954037
vt 0.806131 0.823313
vt 0.807188 0.811064
vt 0.736638 0.943738
vt 0.721252 0.918942
vt 0.722045 0.918584
vt 0.526403 0.877599
vt 0.726881 0.503821
vt 0.205551 0.918971
vt 0.203334 0.906730
vt 0.205518 0.906722
vt 0.521267 0.827098
vt 0.501542 0.839175
vt 0.276338 0.524384
vt 0.203707 0.926065
vt 0.201160 0.926072
vt 0.196228 0.876651
vt 0.193271 0.874777
vt 0.197377 0.870490
vt 0.807207 0.487379
vt 0.806506 0.483604
vt 0.807280 0.483605
vt 0.201163 0.888285
vt 0.201160 0.885086
vt 0.201480 0.888231
vt 0.975235 0.928426
vt 0.973496 0.948640
vt 0.973111 0.928411
vt 0.807603 0.469481
vt 0.807669 0.466953
vt 0.712980 0.686522
vt 0.721647 0.608724
vt 0.715737 0.686732
vt 0.702152 0.847869
vt 0.701673 0.820833
vt 0.702422 0.820791
vt 0.973263 0.957162
vt 0.473281 0.834763
vt 0.471530 0.839417
vt 0.471823 0.832578
vt 0.758494 0.964885
vt 0.775030 0.473507
vt 0.775174 0.474653
vt 0.772186 0.474591
vt 0.707328 0.820542
vt 0.705831 0.820619
vt 0.708429 0.794881
vt 0.094166 0.906556
vt 0.201229 0.865084
vt 0.243225 0.884121
vt 0.243289 0.893764
vt 0.808254 0.487380
vt 0.781729 0.939727
vt 0.780689 0.937723
vt 0.805044 0.785323
vt 0.240718 0.853732
vt 0.243160 0.848416
vt 0.243099 0.853782
vt 0.505663 0.840071
vt 0.725370 0.518104
vt 0.723231 0.532312
vt 0.724606 0.517937
vt 0.743976 0.494740
vt 0.744522 0.495076
vt 0.746410 0.492069
vt 0.753316 0.473889
vt 0.748981 0.475967
vt 0.752850 0.473227
vt 0.502057 0.843885
vt 0.502628 0.849230
vt 0.500890 0.849265
vt 0.193295 0.863996
vt 0.199210 0.862924
vt 0.193290 0.866289
vt 0.203707 0.930067
vt 0.240756 0.868706
vt 0.238822 0.868671
vt 0.737126 0.506172
vt 0.731803 0.513689
vt 0.730814 0.948611
vt 0.739269 0.957662
vt 0.729794 0.949491
vt 0.496408 0.842857
vt 0.496749 0.844292
vt 0.494429 0.844451
vt 0.768296 0.469623
vt 0.759123 0.477810
vt 0.758686 0.477026
vt 0.525273 0.905539
vt 0.806797 0.522718
vt 0.807843 0.522718
vt 0.806845 0.508428
vt 0.500699 0.840345
vt 0.243066 0.862444
vt 0.706727 0.846385
vt 0.197053 0.885292
vt 0.762481 0.966747
vt 0.759148 0.963741
vt 0.762799 0.966126
vt 0.710325 0.760049
vt 0.707363 0.794888
vt 0.199384 0.871994
vt 0.198862 0.875887
vt 0.806330 0.713748
vt 0.807300 0.750389
vt 0.713158 0.901037
vt 0.715671 0.899359
vt 0.199893 0.865345
vt 0.495701 0.849309
vt 0.763587 0.969989
vt 0.552640 0.550354
vt 0.552681 0.536753
vt 0.552681 0.562596
vt 0.764318 0.968095
vt 0.810144 0.503035
vt 0.810437 0.487381
vt 0.741713 0.498460
vt 0.743594 0.494534
vt 0.525263 0.882912
vt 0.810026 0.522720
vt 0.805771 0.502981
vt 0.806288 0.495205
vt 0.977957 0.973321
vt 0.977626 0.965750
vt 0.705662 0.794899
vt 0.786968 0.472165
vt 0.774721 0.471050
vt 0.786790 0.469700
vt 0.709671 0.927543
vt 0.707367 0.929280
vt 0.310053 0.928169
vt 0.309654 0.925754
vt 0.309770 0.927179
vt 0.728320 0.504134
vt 0.806461 0.469307
vt 0.526380 0.890706
vt 0.526383 0.888049
vt 0.552402 0.517251
vt 0.552344 0.517825
vt 0.552539 0.508024
vt 0.773326 0.970124
vt 0.771482 0.972159
vt 0.772666 0.969695
vt 0.728603 0.512971
vt 0.725642 0.532799
vt 0.488590 0.846363
vt 0.491946 0.849341
vt 0.471530 0.862376
vt 0.471119 0.850654
vt 0.975310 0.948641
vt 0.806072 0.508427
vt 0.973189 0.948618
vt 0.746049 0.491835
vt 0.725426 0.512265
vt 0.471128 0.861791
vt 0.788375 0.974299
vt 0.784816 0.979668
vt 0.785353 0.973643
vt 0.547632 0.670043
vt 0.548605 0.665879
vt 0.548605 0.674587
vt 0.740880 0.498132
vt 0.101645 0.919802
vt 0.098425 0.923156
vt 0.742304 0.482607
vt 0.741014 0.482042
vt 0.524227 0.877726
vt 0.806064 0.487291
vt 0.484283 0.845981
vt 0.483690 0.847310
vt 0.482692 0.847366
vt 0.493764 0.843797
vt 0.496119 0.842704
vt 0.484949 0.846171
vt 0.526393 0.899572
vt 0.526383 0.893631
vt 0.206468 0.926057
vt 0.201173 0.894447
vt 0.201183 0.900608
vt 0.202264 0.894405
vt 0.769343 0.474426
vt 0.098463 0.898220
vt 0.096819 0.900536
vt 0.098304 0.897040
vt 0.718776 0.920744
vt 0.734771 0.945320
vt 0.487805 0.844881
vt 0.742103 0.498646
vt 0.809371 0.811066
vt 0.809360 0.823315
vt 0.203300 0.888224
vt 0.203321 0.900579
vt 0.708858 0.794878
vt 0.707947 0.820537
vt 0.709288 0.794876
vt 0.743484 0.953043
vt 0.735940 0.944311
vt 0.772249 0.475017
vt 0.552670 0.522356
vt 0.552670 0.527896
vt 0.552344 0.524689
vt 0.805653 0.522681
vt 0.509259 0.838640
vt 0.523849 0.828784
vt 0.552619 0.519740
vt 0.552539 0.508356
vt 0.552619 0.508024
vt 0.734598 0.496747
vt 0.973151 0.942888
vt 0.484262 0.849380
vt 0.708938 0.845884
vt 0.706944 0.832766
vt 0.707374 0.832733
vt 0.207539 0.926054
vt 0.206468 0.928240
vt 0.197997 0.876679
vt 0.198491 0.883378
vt 0.201160 0.862571
vt 0.201123 0.862153
vt 0.805930 0.555835
vt 0.092286 0.920038
vt 0.552624 0.544558
vt 0.552554 0.543946
vt 0.552624 0.536753
vt 0.708084 0.845987
vt 0.716495 0.899096
vt 0.205505 0.900571
vt 0.207325 0.930057
vt 0.206468 0.930060
vt 0.974887 0.638194
vt 0.973154 0.610719
vt 0.974969 0.610719
vt 0.773857 0.964674
vt 0.773507 0.964057
vt 0.775042 0.954331
vt 0.473281 0.863073
vt 0.472679 0.859872
vt 0.975059 0.852062
vt 0.198060 0.903990
vt 0.196978 0.888918
vt 0.198266 0.889096
vt 0.706215 0.832825
vt 0.199098 0.862202
vt 0.776681 0.943799
vt 0.778074 0.938229
vt 0.201172 0.881180
vt 0.241277 0.916564
vt 0.809396 0.941785
vt 0.807129 0.941781
vt 0.203309 0.881070
vt 0.205550 0.864803
vt 0.205494 0.881062
vt 0.205484 0.888216
vt 0.775734 0.964705
vt 0.193281 0.883165
vt 0.499640 0.840225
vt 0.252666 0.606839
vt 0.267358 0.641062
vt 0.262181 0.606831
vt 0.370041 0.524384
vt 0.370041 0.539230
vt 0.370038 0.532651
vt 0.527594 0.826272
vt 0.524208 0.893676
vt 0.737704 0.506424
vt 0.089872 0.917617
vt 0.781112 0.473984
vt 0.781070 0.473556
vt 0.787051 0.473314
vt 0.750584 0.486723
vt 0.750132 0.486296
vt 0.471026 0.859367
vt 0.471041 0.850322
vt 0.198913 0.861466
vt 0.200826 0.861885
vt 0.722500 0.608818
vt 0.973476 0.549840
vt 0.975293 0.549840
vt 0.807456 0.676752
vt 0.809819 0.598397
vt 0.809639 0.676754
vt 0.753721 0.480157
vt 0.751344 0.478049
vt 0.806428 0.889487
vt 0.805282 0.889560
vt 0.198044 0.883232
vt 0.198373 0.885469
vt 0.710410 0.686355
vt 0.193289 0.861631
vt 0.700151 0.606231
vt 0.700151 0.626101
vt 0.699068 0.611766
vt 0.711476 0.760096
vt 0.809412 0.836437
vt 0.745264 0.491426
vt 0.739146 0.489762
vt 0.771183 0.969882
vt 0.784655 0.983126
vt 0.789306 0.980354
vt 0.789441 0.983956
vt 0.805110 0.750386
vt 0.975823 0.529998
vt 0.716593 0.686798
vt 0.805446 0.598377
vt 0.089479 0.917479
vt 0.165180 0.537849
vt 0.181443 0.537126
vt 0.175810 0.529627
vt 0.785630 0.984765
vt 0.789818 0.985662
vt 0.552344 0.550056
vt 0.552480 0.549525
vt 0.552480 0.553674
vt 0.096625 0.900970
vt 0.526403 0.905512
vt 0.805266 0.676741
vt 0.370634 0.540416
vt 0.370634 0.546126
vt 0.370044 0.543533
vt 0.197944 0.885301
vt 0.805556 0.713748
vt 0.806410 0.676751
vt 0.526044 0.908485
vt 0.806896 0.466953
vt 0.782751 0.945409
vt 0.786390 0.966125
vt 0.703929 0.907471
vt 0.700982 0.848268
vt 0.731548 0.491766
vt 0.718898 0.608420
vt 0.716465 0.608155
vt 0.203367 0.918979
vt 0.201514 0.906736
vt 0.310765 0.924982
vt 0.774376 0.468541
vt 0.774448 0.980107
vt 0.774125 0.982372
vt 0.744157 0.952292
vt 0.789781 0.469390
vt 0.786610 0.467266
vt 0.789635 0.466953
vt 0.524314 0.873164
vt 0.805913 0.941993
vt 0.775481 0.973188
vt 0.977474 0.549841
vt 0.977147 0.610720
vt 0.733047 0.488117
vt 0.240766 0.848365
vt 0.239416 0.838072
vt 0.241031 0.836983
vt 0.754487 0.481113
vt 0.552539 0.522356
vt 0.505178 0.841709
vt 0.808743 0.908816
vt 0.478727 0.508024
vt 0.461045 0.526588
vt 0.482692 0.516571
vt 0.494094 0.926460
vt 0.502891 0.915216
vt 0.494094 0.915064
vt 0.972763 0.638205
vt 0.974898 0.699487
vt 0.972774 0.699489
vt 0.193286 0.885267
vt 0.290727 0.818624
vt 0.277046 0.799127
vt 0.270482 0.806167
vt 0.318696 0.822758
vt 0.295244 0.810323
vt 0.789994 0.983323
vt 0.135350 0.606225
vt 0.135934 0.566707
vt 0.125620 0.606242
vt 0.203366 0.864811
vt 0.974958 0.773413
vt 0.977075 0.699488
vt 0.977136 0.773414
vt 0.243084 0.868755
vt 0.764898 0.966563
vt 0.789943 0.472149
vt 0.062879 0.690680
vt 0.040189 0.686689
vt 0.057878 0.698612
vt 0.701596 0.909109
vt 0.972934 0.852057
vt 0.496588 0.633182
vt 0.502415 0.654911
vt 0.509092 0.648206
vt 0.239078 0.884035
vt 0.278922 0.659030
vt 0.258372 0.644515
vt 0.272160 0.665905
vt 0.431630 0.555636
vt 0.417708 0.594392
vt 0.427191 0.594375
vt 0.437457 0.533921
vt 0.455964 0.518561
vt 0.000000 0.614069
vt 0.015132 0.651437
vt 0.009513 0.614062
vt 0.809843 0.908817
vt 0.808569 0.889489
vt 0.809662 0.889490
vt 0.341951 0.781945
vt 0.349688 0.790035
vt 0.349688 0.781716
vt 0.482692 0.594442
vt 0.492157 0.594434
vt 0.087334 0.727629
vt 0.101062 0.708072
vt 0.080768 0.720594
vt 0.463341 0.817931
vt 0.468104 0.832577
vt 0.473713 0.825040
vt 0.973143 0.773413
vt 0.201246 0.861467
vt 0.201587 0.922053
vt 0.203375 0.922041
vt 0.191218 0.569187
vt 0.211848 0.554561
vt 0.205073 0.547707
vt 0.298487 0.671484
vt 0.316007 0.689164
vt 0.319688 0.680480
vt 0.319655 0.689164
vt 0.318696 0.703454
vt 0.319655 0.709124
vt 0.503819 0.843624
vt 0.267271 0.785421
vt 0.552671 0.567497
vt 0.552671 0.565047
vt 0.552442 0.565573
vt 0.472825 0.841409
vt 0.444146 0.540605
vt 0.776593 0.944501
vt 0.201229 0.918993
vt 0.239449 0.916525
vt 0.078066 0.576416
vt 0.062879 0.613844
vt 0.072410 0.613827
vt 0.472071 0.868443
vt 0.027086 0.664476
vt 0.020513 0.671228
vt 0.522044 0.905559
vt 0.525991 0.662236
vt 0.520919 0.670280
vt 0.457435 0.825272
vt 0.446867 0.803799
vt 0.440134 0.810431
vt 0.238840 0.848656
vt 0.471160 0.838938
vt 0.428057 0.796209
vt 0.427419 0.756579
vt 0.417708 0.756587
vt 0.370142 0.537176
vt 0.370634 0.532391
vt 0.248979 0.524384
vt 0.231465 0.542039
vt 0.252666 0.533055
vt 0.543674 0.680818
vt 0.547632 0.672256
vt 0.154710 0.559181
vt 0.147964 0.552570
vt 0.294100 0.679868
vt 0.789994 0.473006
vt 0.061008 0.914305
vt 0.052408 0.924725
vt 0.061008 0.925855
vt 0.200221 0.572615
vt 0.185476 0.606899
vt 0.195008 0.606882
vt 0.207539 0.928237
vt 0.006264 0.655680
vt 0.487565 0.637062
vt 0.068656 0.737562
vt 0.171103 0.545160
vt 0.314665 0.831208
vt 0.341951 0.790264
vt 0.144524 0.571113
vt 0.227069 0.533671
vt 0.105564 0.716395
vt 0.083391 0.556724
vt 0.089986 0.563441
vt 0.904979 0.602188
vt 0.896897 0.612963
vt 0.904979 0.613884
vt 0.432014 0.910338
vt 0.441730 0.896933
vt 0.430612 0.896937
vt 0.125068 0.698524
vt 0.327737 0.926813
vt 0.336420 0.916099
vt 0.327737 0.915936
vt 0.163664 0.867261
vt 0.167967 0.891996
vt 0.167892 0.867297
vt 0.852163 0.857491
vt 0.840372 0.869956
vt 0.851641 0.872988
vt 0.252666 0.760260
vt 0.262284 0.760258
vt 0.436631 0.791778
vt 0.298540 0.875653
vt 0.288095 0.847144
vt 0.287431 0.875617
vt 0.521612 0.752801
vt 0.489563 0.760894
vt 0.524796 0.759082
vt 0.802649 0.935387
vt 0.798268 0.921178
vt 0.798437 0.935647
vt 0.224695 0.901967
vt 0.236782 0.912858
vt 0.236188 0.899739
vt 0.506441 0.892386
vt 0.517648 0.873895
vt 0.506555 0.873164
vt 0.163739 0.891961
vt 0.162619 0.869537
vt 0.162682 0.891952
vt 0.139601 0.755110
vt 0.134498 0.794001
vt 0.142757 0.793730
vt 0.210975 0.768157
vt 0.212139 0.760966
vt 0.210896 0.768198
vt 0.672179 0.911001
vt 0.679971 0.927246
vt 0.680283 0.909386
vt 0.919646 0.565925
vt 0.930707 0.604531
vt 0.930524 0.565941
vt 0.493764 0.897822
vt 0.482774 0.873522
vt 0.482692 0.898389
vt 0.225205 0.881628
vt 0.525090 0.793486
vt 0.538101 0.801706
vt 0.539418 0.801501
vt 0.191202 0.816733
vt 0.195402 0.809473
vt 0.186802 0.817190
vt 0.252110 0.769284
vt 0.245416 0.780435
vt 0.252110 0.780200
vt 0.896897 0.560501
vt 0.897321 0.567833
vt 0.897967 0.560537
vt 0.680283 0.938360
vt 0.671867 0.928860
vt 0.672149 0.939884
vt 0.245449 0.761026
vt 0.245241 0.769103
vt 0.519527 0.806428
vt 0.519582 0.795005
vt 0.489209 0.791558
vt 0.482692 0.803728
vt 0.489178 0.804147
vt 0.797384 0.935712
vt 0.213200 0.760968
vt 0.863759 0.901285
vt 0.852930 0.883740
vt 0.852887 0.901867
vt 0.051218 0.861554
vt 0.052277 0.842492
vt 0.051218 0.842493
vt 0.902959 0.567829
vt 0.903264 0.560535
vt 0.902204 0.560536
vt 0.051218 0.872502
vt 0.052277 0.880772
vt 0.052277 0.872502
vt 0.852163 0.894172
vt 0.840490 0.909879
vt 0.851759 0.912911
vt 0.192407 0.832493
vt 0.215064 0.827258
vt 0.190096 0.829761
vt 0.863802 0.923768
vt 0.852930 0.924351
vt 0.045783 0.679132
vt 0.422590 0.551782
vt 0.102969 0.539341
vt 0.069182 0.572198
vt 0.129066 0.707020
vt 0.258417 0.789258
vt 0.930864 0.619151
vt 0.919830 0.604515
vt 0.919986 0.619135
vt 0.427716 0.844261
vt 0.421516 0.832577
vt 0.419460 0.844250
vt 0.801347 0.889656
vt 0.790794 0.911537
vt 0.802147 0.912167
vt 0.168965 0.922278
vt 0.169024 0.892004
vt 0.270644 0.872764
vt 0.281061 0.894500
vt 0.282049 0.872577
vt 0.482692 0.761096
vt 0.489355 0.752796
vt 0.482692 0.752829
vt 0.168949 0.867305
vt 0.185366 0.673588
vt 0.184711 0.684727
vt 0.185366 0.685859
vt 0.052277 0.861553
vt 0.036096 0.834031
vt 0.046818 0.817364
vt 0.035931 0.817377
vt 0.039398 0.776361
vt 0.052408 0.816674
vt 0.051084 0.775671
vt 0.908251 0.616046
vt 0.917621 0.598453
vt 0.906225 0.598437
vt 0.802649 0.912167
vt 0.798437 0.912427
vt 0.245625 0.824759
vt 0.245625 0.827530
vt 0.252110 0.824260
vt 0.841019 0.891317
vt 0.312402 0.831299
vt 0.301666 0.868404
vt 0.313361 0.868495
vt 0.245625 0.812250
vt 0.215230 0.803070
vt 0.215285 0.814465
vt 0.163680 0.922234
vt 0.168080 0.928485
vt 0.167908 0.922269
vt 0.012844 0.920337
vt 0.023297 0.901828
vt 0.012497 0.900758
vt 0.215064 0.830140
vt 0.242383 0.827791
vt 0.790794 0.866100
vt 0.802147 0.866730
vt 0.252110 0.811811
vt 0.245595 0.799693
vt 0.517920 0.938558
vt 0.525585 0.922043
vt 0.517648 0.919846
vt 0.525859 0.910650
vt 0.517979 0.908540
vt 0.440890 0.871933
vt 0.429772 0.871938
vt 0.209724 0.801510
vt 0.196718 0.809715
vt 0.137238 0.807162
vt 0.145496 0.806891
vt 0.190096 0.832754
vt 0.134032 0.807176
vt 0.143710 0.827436
vt 0.145437 0.807162
vt 0.036032 0.876150
vt 0.046983 0.834018
vt 0.270644 0.915428
vt 0.282049 0.915241
vt 0.903264 0.578932
vt 0.052277 0.829849
vt 0.051218 0.829849
vt 0.916456 0.564394
vt 0.905060 0.564378
vt 0.023645 0.878370
vt 0.012844 0.877300
vt 0.506588 0.916999
vt 0.517534 0.893117
vt 0.289121 0.831208
vt 0.299204 0.847180
vt 0.300230 0.831244
vt 0.225290 0.863616
vt 0.236758 0.879588
vt 0.236782 0.861388
vt 0.426025 0.879137
vt 0.417708 0.879125
vt 0.443132 0.910333
vt 0.543620 0.808754
vt 0.169137 0.928494
vt 0.522699 0.771198
vt 0.051218 0.817364
vt 0.052277 0.817364
vt 0.252110 0.799205
vt 0.429772 0.832589
vt 0.205559 0.922033
vt 0.919647 0.616062
vt 0.896926 0.566889
vt 0.525859 0.940754
vt 0.131281 0.755383
vt 0.802480 0.920918
vt 0.132305 0.827450
vt 0.902226 0.601266
vt 0.482692 0.816208
vt 0.489388 0.772253
vt 0.212113 0.779317
vt 0.494094 0.918953
vt 0.483021 0.919520
vt 0.185476 0.830262
vt 0.046983 0.861555
vt 0.519748 0.819254
vt 0.492422 0.819733
vt 0.519748 0.822143
vt 0.489178 0.816687
vt 0.489179 0.819499
vt 0.544726 0.824852
vt 0.544725 0.821817
vt 0.542414 0.824550
vt 0.477169 0.931220
vt 0.481407 0.918071
vt 0.477169 0.918068
vt 0.476110 0.918068
vt 0.046919 0.876137
vt 0.169137 0.862506
vt 0.046983 0.829851
vt 0.897988 0.601267
vt 0.903286 0.601265
vt 0.482692 0.772039
vt 0.481407 0.931222
vt 0.046983 0.842494
vt 0.549348 0.822363
vt 0.168080 0.862498
vt 0.817923 0.678641
vt 0.888774 0.689780
vt 0.816622 0.676879
vt 0.797384 0.912492
vt 0.890484 0.555171
vt 0.818128 0.561255
vt 0.817595 0.562414
vt 0.482692 0.791091
vt 0.825947 0.553140
vt 0.896503 0.522549
vt 0.896897 0.519968
vt 0.836702 0.547937
vt 0.886183 0.524533
vt 0.931072 0.582567
vt 0.930966 0.530307
vt 0.930878 0.531427
vt 0.815814 0.564767
vt 0.817296 0.568009
vt 0.817350 0.564694
vt 0.815814 0.670378
vt 0.886444 0.668928
vt 0.815814 0.668715
vt 0.815814 0.568033
vt 0.817287 0.569702
vt 0.817924 0.559755
vt 0.819401 0.559341
vt 0.817415 0.562937
vt 0.889484 0.561113
vt 0.891247 0.557893
vt 0.936545 0.518570
vt 0.930977 0.516190
vt 0.930950 0.518732
vt 0.816622 0.561518
vt 0.162139 0.919256
vt 0.156528 0.918228
vt 0.156529 0.919256
vt 0.820050 0.557440
vt 0.821556 0.556872
vt 0.824429 0.553846
vt 0.823558 0.554778
vt 0.822005 0.555461
vt 0.892267 0.530077
vt 0.930864 0.520302
vt 0.816044 0.675832
vt 0.891194 0.680695
vt 0.815843 0.675357
vt 0.162138 0.912769
vt 0.156527 0.911102
vt 0.156527 0.912770
vt 0.470874 0.894039
vt 0.465218 0.890803
vt 0.465266 0.894040
vt 0.822001 0.682935
vt 0.892214 0.708444
vt 0.820047 0.680956
vt 0.815843 0.563041
vt 0.886881 0.566759
vt 0.896447 0.715965
vt 0.824423 0.684553
vt 0.896841 0.718541
vt 0.888735 0.698793
vt 0.931129 0.593602
vt 0.936667 0.582405
vt 0.162138 0.917759
vt 0.162139 0.918228
vt 0.936723 0.511625
vt 0.931045 0.514087
vt 0.936639 0.513926
vt 0.156530 0.920975
vt 0.162140 0.920974
vt 0.815814 0.673636
vt 0.886832 0.671839
vt 0.162138 0.916035
vt 0.156528 0.917760
vt 0.470809 0.903135
vt 0.465199 0.912176
vt 0.470808 0.912174
vt 0.974797 0.001389
vt 0.975987 0.000000
vt 0.156528 0.916035
vt 0.206811 0.222591
vt 0.886493 0.569676
vt 0.465200 0.903137
vt 0.470853 0.896756
vt 0.465245 0.896757
vt 0.816043 0.562566
vt 0.888786 0.539744
vt 0.815814 0.569700
vt 0.888825 0.548778
vt 0.162138 0.911102
vt 0.890431 0.683408
vt 0.835606 0.689973
vt 0.886133 0.713959
vt 0.936723 0.593440
vt 0.936571 0.516028
vt 0.936560 0.530145
vt 0.470756 0.885128
vt 0.470826 0.890801
vt 0.465148 0.885130
vt 0.470746 0.882206
vt 0.465137 0.882207
vt 0.465293 0.921879
vt 0.471016 0.929448
vt 0.470902 0.921877
vt 0.465418 0.932035
vt 0.465407 0.929449
vt 0.113825 0.921726
vt 0.106348 0.925842
vt 0.113827 0.925833
vt 0.113911 0.863419
vt 0.106469 0.902290
vt 0.113911 0.902758
vt 0.847082 0.931150
vt 0.845549 0.923655
vt 0.845549 0.931135
vt 0.113887 0.939477
vt 0.106431 0.941544
vt 0.113911 0.941534
vt 0.052523 0.908695
vt 0.059996 0.908706
vt 0.059971 0.907114
vt 0.843877 0.923649
vt 0.843877 0.931129
vt 0.842128 0.923652
vt 0.842128 0.931132
vt 0.113848 0.933499
vt 0.106386 0.936773
vt 0.113865 0.936764
vt 0.052438 0.901931
vt 0.059947 0.905553
vt 0.059911 0.901942
vt 0.548021 0.809256
vt 0.106407 0.939487
vt 0.142686 0.864567
vt 0.131281 0.864581
vt 0.810316 0.933496
vt 0.552494 0.543053
vt 0.552344 0.547359
vt 0.552494 0.549525
vt 0.852887 0.718541
vt 0.839358 0.765892
vt 0.841008 0.767086
vt 0.840372 0.923663
vt 0.840372 0.931143
vt 0.977413 0.928426
vt 0.977488 0.948641
vt 0.544015 0.960778
vt 0.551488 0.892825
vt 0.544015 0.892815
vt 0.052582 0.911269
vt 0.046983 0.872504
vt 0.051218 0.880773
vt 0.522044 0.877739
vt 0.522131 0.873178
vt 0.867378 0.798247
vt 0.866567 0.794609
vt 0.852887 0.786565
vt 0.052408 0.893902
vt 0.059889 0.898012
vt 0.059881 0.893913
vt 0.052649 0.913164
vt 0.060055 0.911280
vt 0.163852 0.862463
vt 0.046983 0.817366
vt 0.313355 0.925405
vt 0.313355 0.929309
vt 0.162633 0.919012
vt 0.113835 0.929808
vt 0.106369 0.933509
vt 0.106356 0.929817
vt 0.052416 0.898001
vt 0.772405 0.967335
vt 0.196851 0.903814
vt 0.918733 0.921869
vt 0.319470 0.864475
vt 0.889891 0.854531
vt 0.878034 0.805991
vt 0.876387 0.807190
vt 0.829519 0.778492
vt 0.830332 0.774854
vt 0.815814 0.786568
vt 0.443325 0.867043
vt 0.450997 0.832610
vt 0.443518 0.832578
vt 0.052474 0.905543
vt 0.797215 0.921243
vt 0.850291 0.918332
vt 0.903275 0.567830
vt 0.879551 0.804045
vt 0.194583 0.903811
vt 0.193309 0.888907
vt 0.978013 0.529998
vt 0.243471 0.916610
vt 0.522049 0.908526
vt 0.241420 0.832754
vt 0.243349 0.837032
vt 0.977065 0.638194
vt 0.977236 0.852063
vt 0.810832 0.469484
vt 0.810559 0.941785
vt 0.482692 0.849359
vt 0.889432 0.677478
vt 0.193419 0.903811
vt 0.243413 0.832796
vt 0.280444 0.917733
vt 0.277444 0.920564
vt 0.277539 0.917759
vt 0.022589 0.921407
vt 0.021513 0.923100
vt 0.020053 0.921523
vt 0.864901 0.931274
vt 0.867790 0.927572
vt 0.867814 0.931274
vt 0.155949 0.895487
vt 0.160737 0.894184
vt 0.160278 0.896657
vt 0.512174 0.931485
vt 0.515188 0.928134
vt 0.515086 0.931485
vt 0.515257 0.924119
vt 0.512276 0.928134
vt 0.512345 0.924119
vt 0.148078 0.881457
vt 0.150387 0.877945
vt 0.150387 0.881153
vt 0.152811 0.887033
vt 0.149071 0.885182
vt 0.151214 0.884253
vt 0.256016 0.884043
vt 0.259997 0.882123
vt 0.258397 0.884884
vt 0.160737 0.864902
vt 0.162619 0.866213
vt 0.160922 0.867375
vt 0.551651 0.660141
vt 0.548773 0.663191
vt 0.548739 0.660141
vt 0.280316 0.923651
vt 0.277444 0.926885
vt 0.277411 0.923677
vt 0.503054 0.939362
vt 0.505877 0.936049
vt 0.505966 0.939370
vt 0.550202 0.658524
vt 0.269656 0.876422
vt 0.267707 0.875143
vt 0.269656 0.873570
vt 0.253829 0.882970
vt 0.257940 0.880725
vt 0.255021 0.891593
vt 0.252667 0.887298
vt 0.255021 0.887750
vt 0.267481 0.872577
vt 0.257940 0.898648
vt 0.259252 0.903215
vt 0.256075 0.900025
vt 0.280349 0.926859
vt 0.277539 0.929970
vt 0.260660 0.878022
vt 0.263142 0.873715
vt 0.263991 0.876118
vt 0.864861 0.923333
vt 0.866312 0.921133
vt 0.867775 0.923333
vt 0.265034 0.900927
vt 0.267707 0.904334
vt 0.263991 0.903319
vt 0.155949 0.863623
vt 0.160278 0.862462
vt 0.153705 0.867820
vt 0.157029 0.865896
vt 0.268126 0.901771
vt 0.269656 0.903013
vt 0.157837 0.868202
vt 0.263142 0.905480
vt 0.260660 0.901380
vt 0.155070 0.869803
vt 0.253829 0.896127
vt 0.252667 0.891786
vt 0.018581 0.929157
vt 0.021508 0.926256
vt 0.021495 0.929157
vt 0.280349 0.920538
vt 0.262261 0.899313
vt 0.150991 0.870543
vt 0.162619 0.863352
vt 0.505822 0.932054
vt 0.502965 0.936041
vt 0.502909 0.932045
vt 0.152067 0.865870
vt 0.148898 0.869050
vt 0.259997 0.897039
vt 0.256016 0.895310
vt 0.258397 0.894261
vt 0.280444 0.929944
vt 0.277691 0.932721
vt 0.146656 0.886144
vt 0.145496 0.881795
vt 0.149071 0.873880
vt 0.152811 0.872070
vt 0.151214 0.874847
vt 0.505803 0.927657
vt 0.148078 0.877602
vt 0.257568 0.891167
vt 0.505822 0.923160
vt 0.502890 0.927649
vt 0.502910 0.923152
vt 0.146656 0.872946
vt 0.145496 0.877293
vt 0.513846 0.917437
vt 0.512376 0.919714
vt 0.511276 0.917515
vt 0.257568 0.887969
vt 0.018561 0.931604
vt 0.021475 0.931604
vt 0.505966 0.915072
vt 0.502965 0.918859
vt 0.503054 0.915064
vt 0.259252 0.875939
vt 0.256075 0.879095
vt 0.505877 0.918867
vt 0.157029 0.893183
vt 0.155070 0.889304
vt 0.157837 0.890912
vt 0.018594 0.926256
vt 0.150991 0.888523
vt 0.153705 0.891252
vt 0.152067 0.893232
vt 0.148898 0.890045
vt 0.262261 0.879873
vt 0.265034 0.878289
vt 0.851102 0.925266
vt 0.848190 0.925266
vt 0.849652 0.923649
vt 0.935807 0.935831
vt 0.938807 0.939161
vt 0.935895 0.939153
vt 0.066454 0.874284
vt 0.066281 0.869454
vt 0.068374 0.870947
vt 0.068374 0.888927
vt 0.064039 0.886549
vt 0.066454 0.885586
vt 0.355522 0.921046
vt 0.352713 0.918267
vt 0.355618 0.918241
vt 0.080002 0.893291
vt 0.080002 0.896152
vt 0.078120 0.894589
vt 0.017543 0.931604
vt 0.015034 0.931487
vt 0.016486 0.929910
vt 0.071088 0.891656
vt 0.073332 0.895891
vt 0.069450 0.893636
vt 0.099954 0.864091
vt 0.104520 0.865518
vt 0.100804 0.866493
vt 0.077661 0.897061
vt 0.065461 0.878007
vt 0.062879 0.882199
vt 0.062879 0.877697
vt 0.872822 0.923333
vt 0.869908 0.923333
vt 0.871358 0.921133
vt 0.097472 0.891755
vt 0.099954 0.895855
vt 0.096064 0.893591
vt 0.078120 0.865306
vt 0.075220 0.868606
vt 0.074412 0.866300
vt 0.851135 0.928316
vt 0.104520 0.894709
vt 0.101846 0.891302
vt 0.104939 0.892146
vt 0.104293 0.897040
vt 0.078305 0.867779
vt 0.080002 0.866617
vt 0.106469 0.893388
vt 0.355489 0.924158
vt 0.352617 0.921072
vt 0.355522 0.927366
vt 0.352585 0.924184
vt 0.099074 0.889688
vt 0.100804 0.893695
vt 0.071088 0.868224
vt 0.073332 0.864027
vt 0.072453 0.870208
vt 0.106469 0.896240
vt 0.070194 0.872474
vt 0.069450 0.866274
vt 0.094752 0.889024
vt 0.938719 0.935839
vt 0.935751 0.931836
vt 0.938663 0.931844
vt 0.869922 0.927572
vt 0.872861 0.931274
vt 0.869947 0.931274
vt 0.096810 0.887415
vt 0.092829 0.885685
vt 0.095209 0.884636
vt 0.355618 0.930451
vt 0.352617 0.927392
vt 0.355770 0.933203
vt 0.352713 0.930477
vt 0.092888 0.890401
vt 0.090642 0.886502
vt 0.067770 0.878349
vt 0.935732 0.927440
vt 0.064039 0.873350
vt 0.091833 0.881968
vt 0.094380 0.881543
vt 0.938644 0.927448
vt 0.935751 0.922942
vt 0.938663 0.922950
vt 0.091833 0.878125
vt 0.094380 0.878344
vt 0.016505 0.923853
vt 0.013612 0.921407
vt 0.016525 0.921407
vt 0.016492 0.926754
vt 0.013592 0.923853
vt 0.067770 0.881557
vt 0.089479 0.877674
vt 0.068597 0.884657
vt 0.935807 0.918650
vt 0.065461 0.881862
vt 0.090642 0.873345
vt 0.092829 0.874418
vt 0.938719 0.918658
vt 0.935895 0.914855
vt 0.938807 0.914863
vt 0.096810 0.872498
vt 0.094752 0.871100
vt 0.013578 0.926754
vt 0.070194 0.887438
vt 0.092888 0.869470
vt 0.072453 0.889709
vt 0.472066 0.928764
vt 0.474876 0.932115
vt 0.471964 0.932115
vt 0.096064 0.866314
vt 0.099074 0.870248
vt 0.474978 0.928764
vt 0.472135 0.924749
vt 0.475047 0.924749
vt 0.473636 0.918068
vt 0.476110 0.918145
vt 0.475078 0.920344
vt 0.101846 0.868664
vt 0.074412 0.893587
vt 0.097472 0.868397
vt 0.078305 0.892149
vt 0.472166 0.920344
vt 0.013573 0.929910
vt 0.106469 0.863946
vt 0.106469 0.866797
vt 0.077661 0.862867
vt 0.080002 0.863756
vt 0.851195 0.931003
vt 0.848223 0.928316
vt 0.104939 0.867852
vt 0.352865 0.915961
vt 0.355770 0.915935
vt 0.471066 0.918145
vt 0.012497 0.931604
vt 0.104293 0.862952
vt 0.872836 0.927572
vt 0.873895 0.921016
vt 0.847082 0.923726
vt 0.852126 0.923726
vt 0.868848 0.921016
vt 0.280596 0.915428
vt 0.277691 0.915454
vt 0.552675 0.658601
vt 0.269656 0.905865
vt 0.162619 0.895748
vt 0.162619 0.892887
vt 0.268126 0.877477
vt 0.551685 0.663191
vt 0.548832 0.665879
vt 0.267481 0.906664
vt 0.018600 0.923100
vt 0.515288 0.919714
vt 0.864876 0.927572
vt 0.863802 0.921016
vt 0.547632 0.658601
vt 0.017543 0.921407
vt 0.160922 0.891745
vt 0.516319 0.917515
vt 0.127274 0.875143
vt 0.129895 0.877490
vt 0.128097 0.881197
vt 0.357834 0.789334
vt 0.358186 0.787495
vt 0.358648 0.787737
vt 0.358504 0.789369
vt 0.359070 0.787861
vt 0.330038 0.569645
vt 0.332372 0.563525
vt 0.332017 0.572594
vt 0.327825 0.583244
vt 0.329906 0.595353
vt 0.327737 0.595705
vt 0.028922 0.854887
vt 0.027372 0.859777
vt 0.026358 0.858310
vt 0.031049 0.855005
vt 0.031201 0.851933
vt 0.032188 0.853528
vt 0.337106 0.546086
vt 0.339713 0.561337
vt 0.336872 0.562267
vt 0.676783 0.743677
vt 0.681830 0.742120
vt 0.681772 0.744261
vt 0.322673 0.535757
vt 0.327731 0.547338
vt 0.322804 0.548083
vt 0.683762 0.746563
vt 0.686263 0.744769
vt 0.686008 0.746817
vt 0.360393 0.786922
vt 0.360518 0.787238
vt 0.337005 0.527791
vt 0.340150 0.533312
vt 0.337066 0.533748
vt 0.687690 0.574467
vt 0.685993 0.511119
vt 0.688158 0.511465
vt 0.362844 0.941947
vt 0.361113 0.919482
vt 0.362527 0.919235
vt 0.053277 0.706953
vt 0.054046 0.705225
vt 0.054520 0.705482
vt 0.324819 0.591702
vt 0.327472 0.582587
vt 0.327520 0.597834
vt 0.677407 0.706893
vt 0.681978 0.723600
vt 0.676932 0.723150
vt 0.691094 0.747293
vt 0.693643 0.745484
vt 0.694189 0.746951
vt 0.341714 0.526735
vt 0.339362 0.525624
vt 0.340369 0.524649
vt 0.322767 0.527790
vt 0.327621 0.529108
vt 0.322660 0.529794
vt 0.327658 0.535062
vt 0.126669 0.857843
vt 0.127994 0.866305
vt 0.126759 0.867951
vt 0.360388 0.867532
vt 0.691323 0.708468
vt 0.692999 0.694378
vt 0.694113 0.709442
vt 0.329862 0.534754
vt 0.332030 0.528493
vt 0.332067 0.534446
vt 0.679147 0.679063
vt 0.682314 0.688226
vt 0.678329 0.690735
vt 0.682132 0.706522
vt 0.328398 0.695675
vt 0.331019 0.757956
vt 0.328858 0.758315
vt 0.057650 0.703685
vt 0.056276 0.704202
vt 0.056004 0.703827
vt 0.339980 0.527288
vt 0.341951 0.533175
vt 0.690747 0.692140
vt 0.691771 0.684863
vt 0.684076 0.742374
vt 0.684018 0.744515
vt 0.695800 0.725794
vt 0.694498 0.737677
vt 0.694516 0.725276
vt 0.361802 0.867286
vt 0.359660 0.815359
vt 0.361074 0.815113
vt 0.335562 0.590201
vt 0.337902 0.587983
vt 0.335749 0.596002
vt 0.339967 0.575957
vt 0.341423 0.561159
vt 0.329826 0.528800
vt 0.332065 0.526462
vt 0.127196 0.846036
vt 0.129895 0.835031
vt 0.128740 0.846897
vt 0.332698 0.581858
vt 0.337298 0.585716
vt 0.684744 0.674788
vt 0.686832 0.688738
vt 0.684577 0.688673
vt 0.687029 0.665112
vt 0.685058 0.636853
vt 0.687223 0.637199
vt 0.684844 0.665102
vt 0.687080 0.673277
vt 0.338522 0.576242
vt 0.336193 0.578398
vt 0.691451 0.737217
vt 0.060366 0.855258
vt 0.059042 0.832732
vt 0.059946 0.832741
vt 0.685524 0.574121
vt 0.686624 0.707030
vt 0.684223 0.723854
vt 0.684378 0.706776
vt 0.340160 0.545635
vt 0.691500 0.724799
vt 0.058111 0.782128
vt 0.059015 0.782137
vt 0.329948 0.546381
vt 0.332167 0.546719
vt 0.341951 0.545649
vt 0.686237 0.478336
vt 0.683876 0.482811
vt 0.683912 0.477849
vt 0.676790 0.735558
vt 0.676764 0.741569
vt 0.327940 0.633304
vt 0.330559 0.695315
vt 0.057175 0.731306
vt 0.058079 0.731315
vt 0.681517 0.746308
vt 0.550879 0.693546
vt 0.552250 0.670386
vt 0.552253 0.693223
vt 0.324002 0.580100
vt 0.327716 0.564176
vt 0.325566 0.597424
vt 0.686469 0.724108
vt 0.684126 0.736372
vt 0.681880 0.736118
vt 0.679111 0.674142
vt 0.682337 0.672740
vt 0.323211 0.564175
vt 0.688367 0.483320
vt 0.688420 0.478359
vt 0.691375 0.743222
vt 0.691244 0.745314
vt 0.055964 0.701183
vt 0.057076 0.698762
vt 0.057944 0.700920
vt 0.362579 0.815174
vt 0.363307 0.867347
vt 0.362254 0.791867
vt 0.360749 0.791805
vt 0.694317 0.743748
vt 0.359335 0.792052
vt 0.066196 0.928273
vt 0.068800 0.928112
vt 0.068769 0.928851
vt 0.128141 0.858585
vt 0.332152 0.604616
vt 0.332812 0.597095
vt 0.332855 0.605180
vt 0.695558 0.744819
vt 0.362216 0.787749
vt 0.360684 0.787686
vt 0.329905 0.604873
vt 0.332146 0.595089
vt 0.364032 0.919297
vt 0.336964 0.525807
vt 0.686321 0.742628
vt 0.686372 0.736626
vt 0.695800 0.738339
vt 0.364349 0.942410
vt 0.362889 0.945191
vt 0.332349 0.632689
vt 0.333057 0.632928
vt 0.690091 0.680301
vt 0.056666 0.704593
vt 0.054979 0.705692
vt 0.056547 0.704455
vt 0.057600 0.704409
vt 0.057589 0.704595
vt 0.333267 0.757699
vt 0.333515 0.695300
vt 0.333975 0.757939
vt 0.329972 0.582500
vt 0.332159 0.582640
vt 0.359252 0.787944
vt 0.333347 0.602287
vt 0.034708 0.850266
vt 0.686202 0.482973
vt 0.363160 0.788050
vt 0.362666 0.787324
vt 0.363608 0.787964
vt 0.332807 0.695060
vt 0.360405 0.781716
vt 0.363315 0.782537
vt 0.360384 0.782419
vt 0.330101 0.632944
vt 0.673829 0.722935
vt 0.337330 0.524384
vt 0.362352 0.787595
vt 0.550899 0.817820
vt 0.552270 0.795244
vt 0.552274 0.817900
vt 0.549387 0.795594
vt 0.550896 0.795567
vt 0.053718 0.707050
vt 0.062879 0.923254
vt 0.064085 0.926242
vt 0.063798 0.926558
vt 0.128677 0.870598
vt 0.059759 0.704651
vt 0.060305 0.706019
vt 0.059369 0.704861
vt 0.549378 0.744693
vt 0.333506 0.790294
vt 0.334181 0.785923
vt 0.334236 0.790837
vt 0.686251 0.478007
vt 0.825024 0.926502
vt 0.825149 0.923147
vt 0.825346 0.926454
vt 0.068488 0.924311
vt 0.066214 0.927531
vt 0.065805 0.923706
vt 0.700492 0.627012
vt 0.699681 0.629906
vt 0.699850 0.626988
vt 0.549366 0.670737
vt 0.549370 0.693574
vt 0.026112 0.863303
vt 0.025450 0.868869
vt 0.024558 0.863590
vt 0.052773 0.706791
vt 0.053801 0.704933
vt 0.682511 0.664601
vt 0.682732 0.636691
vt 0.699237 0.626952
vt 0.057625 0.704063
vt 0.069324 0.924524
vt 0.069758 0.927543
vt 0.069499 0.927927
vt 0.357759 0.784893
vt 0.360304 0.785796
vt 0.357778 0.786224
vt 0.364096 0.787764
vt 0.363155 0.786729
vt 0.364397 0.787357
vt 0.059869 0.705952
vt 0.058996 0.705047
vt 0.063422 0.923223
vt 0.674514 0.707224
vt 0.362989 0.787025
vt 0.700313 0.606231
vt 0.699213 0.596603
vt 0.700333 0.595173
vt 0.065498 0.919948
vt 0.068084 0.920530
vt 0.058147 0.698612
vt 0.058132 0.699299
vt 0.833817 0.921949
vt 0.832924 0.924227
vt 0.833395 0.921652
vt 0.360319 0.786616
vt 0.057756 0.702554
vt 0.055898 0.702486
vt 0.029909 0.856483
vt 0.031665 0.890114
vt 0.033144 0.901169
vt 0.030102 0.890598
vt 0.821457 0.921425
vt 0.822602 0.922934
vt 0.821230 0.923033
vt 0.830464 0.924156
vt 0.832550 0.921379
vt 0.832082 0.924186
vt 0.823125 0.921169
vt 0.824798 0.920924
vt 0.824277 0.921719
vt 0.068862 0.921178
vt 0.063549 0.920553
vt 0.065769 0.928658
vt 0.063305 0.926980
vt 0.822949 0.929456
vt 0.825184 0.929812
vt 0.828107 0.927872
vt 0.829220 0.930128
vt 0.828416 0.930178
vt 0.360336 0.784102
vt 0.357800 0.783603
vt 0.363219 0.785912
vt 0.060804 0.874291
vt 0.059779 0.863377
vt 0.060524 0.861848
vt 0.831150 0.921113
vt 0.828856 0.924137
vt 0.829765 0.920926
vt 0.363273 0.784220
vt 0.820472 0.923143
vt 0.319688 0.536169
vt 0.821021 0.926169
vt 0.820253 0.926075
vt 0.357900 0.787062
vt 0.331259 0.790549
vt 0.333473 0.785683
vt 0.550884 0.666708
vt 0.552276 0.666373
vt 0.331225 0.785938
vt 0.327656 0.527078
vt 0.549396 0.818241
vt 0.550900 0.820999
vt 0.549444 0.824852
vt 0.830325 0.927691
vt 0.832742 0.929378
vt 0.830977 0.929758
vt 0.699068 0.591910
vt 0.026105 0.861451
vt 0.024895 0.860891
vt 0.828896 0.927849
vt 0.700322 0.629946
vt 0.700391 0.632341
vt 0.825492 0.929593
vt 0.370199 0.585444
vt 0.370056 0.583126
vt 0.700128 0.626101
vt 0.320418 0.528270
vt 0.825795 0.930072
vt 0.825564 0.930687
vt 0.063225 0.920482
vt 0.674346 0.743300
vt 0.676432 0.745634
vt 0.673347 0.744592
vt 0.552276 0.824591
vt 0.683667 0.510957
vt 0.550875 0.670709
vt 0.549348 0.666736
vt 0.675939 0.692447
vt 0.360634 0.787526
vt 0.677323 0.683227
vt 0.672012 0.742154
vt 0.059483 0.855526
vt 0.330030 0.557626
vt 0.026983 0.868212
vt 0.027408 0.878738
vt 0.673739 0.741419
vt 0.671867 0.735630
vt 0.673656 0.735318
vt 0.321774 0.578582
vt 0.822609 0.926311
vt 0.832683 0.927328
vt 0.831783 0.927493
vt 0.060514 0.700389
vt 0.821553 0.929094
vt 0.323114 0.587696
vt 0.552262 0.744343
vt 0.328048 0.573148
vt 0.683198 0.573959
vt 0.550887 0.744666
vt 0.028920 0.877977
vt 0.672822 0.707670
vt 0.319851 0.548471
vt 0.058777 0.707398
vt 0.672054 0.723106
vt 0.674523 0.693186
vt 0.320472 0.564025
vt 0.676802 0.681641
vt 0.824817 0.922929
vt 0.825388 0.922425
vt 0.825795 0.921681
vt 0.060804 0.705994
vt 0.059321 0.707639
vt 0.327743 0.605231
vt 0.825589 0.920932
vt 0.828978 0.920928
vt 0.361437 0.942587
vt 0.361541 0.949263
vt 0.128333 0.834241
vt 0.681646 0.668445
vt 0.059882 0.707849
vt 0.328056 0.603026
vt 0.033796 0.848667
vt 0.055212 0.706083
vt 0.700787 0.632182
vt 0.058834 0.705164
vt 0.699219 0.605083
vt 0.060280 0.873774
vt 0.059684 0.705952
vt 0.057661 0.708611
vt 0.056757 0.708603
vt 0.053939 0.707383
vt 0.329860 0.526770
vt 0.055888 0.703328
vt 0.057672 0.703355
vt 0.358923 0.790913
vt 0.358732 0.790905
vt 0.833271 0.924334
vt 0.034708 0.901095
vt 0.358796 0.789418
vt 0.060124 0.703638
vt 0.059975 0.704409
vt 0.329063 0.786299
vt 0.833156 0.927220
vt 0.362944 0.788381
vt 0.820772 0.928769
vt 0.060330 0.702012
vt 0.828079 0.924153
vt 0.820693 0.921574
vt 0.833583 0.929168
vt 0.700787 0.626127
vt 0.319779 0.530109
vt 0.329082 0.791214
vt 0.833817 0.928959
vt 0.096932 0.926758
vt 0.098234 0.926248
vt 0.098203 0.927761
vt 0.134033 0.927537
vt 0.132745 0.928584
vt 0.132609 0.926659
vt 0.144033 0.925977
vt 0.145482 0.926606
vt 0.144174 0.927648
vt 0.142505 0.926678
vt 0.134393 0.925931
vt 0.135632 0.927404
vt 0.883053 0.855806
vt 0.884489 0.855687
vt 0.883415 0.857285
vt 0.120174 0.926669
vt 0.118915 0.926407
vt 0.120519 0.925339
vt 0.886161 0.856004
vt 0.887084 0.857421
vt 0.885242 0.857401
vt 0.903353 0.924986
vt 0.904804 0.924152
vt 0.905132 0.925728
vt 0.142505 0.928603
vt 0.141194 0.927602
vt 0.122923 0.927964
vt 0.121071 0.928059
vt 0.121852 0.926360
vt 0.096932 0.928684
vt 0.098234 0.929364
vt 0.096576 0.930313
vt 0.095275 0.927707
vt 0.095383 0.929375
vt 0.093894 0.928732
vt 0.093894 0.926806
vt 0.884335 0.858723
vt 0.119256 0.928088
vt 0.123326 0.926507
vt 0.144033 0.929251
vt 0.887469 0.858756
vt 0.886011 0.859019
vt 0.094699 0.930343
vt 0.883055 0.858831
vt 0.903708 0.926573
vt 0.902097 0.926452
vt 0.901770 0.924877
vt 0.903100 0.928099
vt 0.901516 0.927989
vt 0.142782 0.930076
vt 0.904975 0.927651
vt 0.904395 0.929189
vt 0.902720 0.929189
vt 0.906427 0.926817
vt 0.905911 0.928427
vt 0.906178 0.925154
vt 0.141113 0.929106
vt 0.122372 0.925244
vt 0.121997 0.929398
vt 0.887469 0.855718
vt 0.095383 0.926098
vt 0.120328 0.929693
vt 0.096576 0.925271
vt 0.134614 0.929044
vt 0.860551 0.926770
vt 0.861147 0.928296
vt 0.859274 0.927849
vt 0.858308 0.928626
vt 0.857798 0.927016
vt 0.862147 0.926649
vt 0.860892 0.925184
vt 0.859117 0.925925
vt 0.494094 0.928242
vt 0.495575 0.928070
vt 0.494782 0.929764
vt 0.092640 0.926484
vt 0.091743 0.927819
vt 0.090963 0.926180
vt 0.058229 0.929029
vt 0.059758 0.928285
vt 0.059480 0.930078
vt 0.055423 0.927143
vt 0.054008 0.926223
vt 0.055711 0.925857
vt 0.055617 0.930271
vt 0.054138 0.929892
vt 0.055737 0.928819
vt 0.494782 0.926706
vt 0.093555 0.927923
vt 0.058089 0.927328
vt 0.054024 0.928054
vt 0.495932 0.930964
vt 0.496655 0.929669
vt 0.497610 0.930893
vt 0.090812 0.929204
vt 0.091081 0.930533
vt 0.089479 0.929456
vt 0.856594 0.929387
vt 0.856215 0.928298
vt 0.857798 0.928188
vt 0.853403 0.928626
vt 0.854339 0.927850
vt 0.854919 0.929387
vt 0.853137 0.925353
vt 0.854183 0.925926
vt 0.852887 0.927016
vt 0.497281 0.928082
vt 0.498404 0.927310
vt 0.498404 0.929200
vt 0.855962 0.925185
vt 0.855607 0.926772
vt 0.854510 0.924351
vt 0.059758 0.926420
vt 0.061149 0.926153
vt 0.061069 0.927485
vt 0.857218 0.926651
vt 0.092480 0.929521
vt 0.857545 0.925075
vt 0.496655 0.926611
vt 0.052593 0.930271
vt 0.052702 0.928970
vt 0.052408 0.927296
vt 0.052674 0.925855
vt 0.058229 0.925856
vt 0.093894 0.929380
vt 0.089888 0.927779
vt 0.056780 0.926663
vt 0.056780 0.928528
vt 0.061149 0.929170
vt 0.093894 0.926347
vt 0.089485 0.926415
vt 0.858040 0.925353
vt 0.859416 0.924351
vt 0.056780 0.927461
vt 0.862447 0.925075
vt 0.057640 0.930228
vt 0.862702 0.928187
vt 0.861494 0.929387
vt 0.092293 0.925270
vt 0.859829 0.929387
vt 0.145482 0.928531
vt 0.141113 0.925992
vt 0.142782 0.925037
vt 0.136172 0.928896
vt 0.131773 0.929292
vt 0.131280 0.927691
vt 0.131541 0.926018
vt 0.885865 0.854647
vt 0.135951 0.925783
vt 0.884038 0.854531
vt 0.132928 0.925037
vt 0.118910 0.929448
vt 0.133286 0.930076
vt 0.121722 0.930607
vt 0.134952 0.930076
vt 0.123326 0.929539
vt 0.181457 0.691714
vt 0.699044 0.639082
vt 0.282049 0.872615
vt 0.181443 0.529629
vt 0.551401 0.658523
vt 0.932494 0.914855
vt 0.989484 0.530191
vt 0.986102 0.529998
vt 0.247494 0.927242
vt 0.312385 0.924982
vt 0.086741 0.919427
vt 0.089082 0.891147
vt 0.089486 0.850725
vt 0.074197 0.920166
vt 0.069758 0.919948
vt 0.113949 0.834241
vt 0.086741 0.891147
vt 0.130059 0.683637
vt 0.125620 0.683419
vt 0.936723 0.538229
vt 0.212055 0.832754
vt 0.089082 0.862867
vt 0.185482 0.849243
vt 0.184175 0.833021
vt 0.119425 0.889291
vt 0.699205 0.700956
vt 0.207539 0.931087
vt 0.211978 0.931096
vt 0.224368 0.916894
vt 0.985556 0.562973
vt 0.945963 0.700325
vt 0.695823 0.558482
vt 0.181443 0.758632
vt 0.547688 0.583289
vt 0.344847 0.915941
vt 0.219815 0.916585
vt 0.193222 0.905139
vt 0.000000 0.916929
vt 0.185502 0.903998
vt 0.246471 0.916696
vt 0.450997 0.887421
vt 0.863850 0.883182
vt 0.171891 0.890569
vt 0.169137 0.890569
vt 0.802147 0.880196
vt 0.804894 0.880196
vt 0.169137 0.862504
vt 0.171893 0.862504
vt 0.804903 0.908243
vt 0.698851 0.744240
vt 0.802147 0.908243
vt 0.698017 0.746465
vt 0.695800 0.745631
vt 0.696634 0.743406
vt 0.370611 0.559641
vt 0.461597 0.928421
vt 0.370611 0.563552
vt 0.370199 0.551818
vt 0.113970 0.928852
vt 0.115317 0.925246
vt 0.118910 0.926594
vt 0.117563 0.930200
vt 0.171893 0.904582
vt 0.802147 0.866142
vt 0.249760 0.883011
vt 0.370188 0.575263
vt 0.370199 0.559641
vt 0.370611 0.563553
vt 0.370605 0.579172
vt 0.370188 0.567464
vt 0.370605 0.575263
vt 0.461843 0.009853
vt 0.536790 0.824852
vt 0.696853 0.138681
vt 0.319688 0.852906
vt 0.528763 0.508024
vt 0.977434 0.014097
vt 0.956598 0.571012
vt 0.925160 0.914855
vt 0.975780 0.973320
vt 0.526760 0.824852
vt 0.101977 0.925271
vt 0.973999 0.529999
vt 0.502891 0.926611
vt 0.052408 0.913175
vt 0.896897 0.601267
vt 0.336420 0.926977
vt 0.840894 0.854459
vt 0.225290 0.915086
vt 0.494094 0.873164
vt 0.252110 0.761038
vt 0.863802 0.883157
vt 0.789994 0.889026
vt 0.269656 0.894687
vt 0.040723 0.817364
vt 0.300706 0.831208
vt 0.163852 0.928450
vt 0.023645 0.921407
vt 0.896907 0.578934
vt 0.517648 0.917437
vt 0.476110 0.931219
vt 0.931129 0.511786
vt 0.471026 0.932034
vt 0.106345 0.921735
vt 0.106469 0.862952
vt 0.847082 0.923670
vt 0.846267 0.782408
vt 0.846436 0.786512
vt 0.852887 0.786500
vt 0.815814 0.752018
vt 0.830873 0.773275
vt 0.831425 0.771664
vt 0.832758 0.769045
vt 0.845767 0.778463
vt 0.843861 0.771641
vt 0.844954 0.774827
vt 0.837643 0.765491
vt 0.834278 0.767099
vt 0.835927 0.765898
vt 0.842528 0.769027
vt 0.551488 0.960788
vt 0.046983 0.880774
vt 0.865898 0.786555
vt 0.866067 0.790661
vt 0.852887 0.821133
vt 0.868469 0.801436
vt 0.060122 0.913175
vt 0.869799 0.804052
vt 0.889891 0.786536
vt 0.880881 0.801426
vt 0.883452 0.786541
vt 0.883283 0.790647
vt 0.882784 0.794596
vt 0.871316 0.805996
vt 0.874675 0.807596
vt 0.872963 0.807193
vt 0.881973 0.798236
vt 0.828850 0.786544
vt 0.829019 0.782440
vt 0.450804 0.867076
vt 0.809483 0.750391
vt 0.810574 0.480671
vt 0.280596 0.932695
vt 0.066281 0.890450
vt 0.352865 0.933229
vt 0.068597 0.875251
vt 0.089479 0.882161
vt 0.095209 0.875259
vt 0.075220 0.891316
vt 0.848282 0.931003
vt 0.551744 0.665879
vt 0.357142 0.789257
vt 0.030062 0.853410
vt 0.056040 0.699268
vt 0.364397 0.949156
vt 0.363321 0.781832
vt 0.052408 0.706519
vt 0.699068 0.629886
vt 0.069758 0.924682
vt 0.700333 0.587352
vt 0.370605 0.585784
s 0
usemtl Material.001
f 2177/1/1 686/2/1 727/3/1
f 686/2/2 682/4/2 680/5/2
f 503/2/3 499/4/3 504/6/3
f 503/2/1 2177/1/1 727/3/1
f 2191/7/4 696/8/4 2190/9/4
f 2184/10/5 519/11/5 2185/12/5
f 506/13/6 502/14/6 501/15/6
f 682/16/7 683/17/7 681/18/7
f 703/19/8 700/20/8 702/21/8
f 2182/22/9 500/23/9 2183/24/9
f 2183/25/10 498/18/10 2181/26/10
f 502/27/11 504/28/11 499/29/11
f 512/30/12 511/31/12 510/32/12
f 503/2/13 504/6/13 505/33/13
f 500/23/14 501/15/14 502/14/14
f 520/34/15 2190/9/15 2186/35/15
f 500/17/16 499/16/16 498/18/16
f 2191/36/17 510/32/17 2189/37/17
f 513/8/4 2191/7/4 2190/9/4
f 516/38/18 517/39/18 519/11/18
f 509/40/19 510/41/19 511/42/19
f 519/20/20 522/19/20 521/21/20
f 2178/43/21 501/15/21 2182/22/21
f 509/40/22 517/39/22 516/38/22
f 520/34/23 521/44/23 522/45/23
f 512/46/24 513/8/24 514/47/24
f 497/5/25 498/48/25 499/4/25
f 685/14/26 689/13/26 684/15/26
f 513/8/27 522/45/27 514/47/27
f 687/28/28 685/27/28 682/29/28
f 696/8/29 703/45/29 701/34/29
f 506/13/30 507/49/30 508/50/30
f 686/2/31 688/33/31 687/6/31
f 2178/43/21 684/15/21 689/13/21
f 683/23/32 685/14/32 684/15/32
f 699/39/33 692/40/33 698/38/33
f 2184/10/5 700/11/5 698/38/5
f 505/51/34 508/52/34 507/53/34
f 698/38/35 700/11/35 699/39/35
f 692/40/36 694/42/36 693/41/36
f 701/34/37 703/45/37 702/44/37
f 514/54/38 517/55/38 511/56/38
f 695/46/39 697/47/39 696/8/39
f 691/52/40 688/51/40 690/53/40
f 689/13/41 691/50/41 690/49/41
f 699/55/42 697/54/42 694/56/42
f 2182/22/9 683/23/9 684/15/9
f 680/5/43 682/4/43 681/48/43
f 1719/57/44 1735/58/44 1744/59/44
f 1336/60/45 1746/61/45 1327/62/45
f 1756/63/46 1697/64/46 1733/65/46
f 1712/66/47 1725/67/47 1758/68/47
f 1722/69/48 1760/70/48 1718/71/48
f 1744/59/49 1701/72/49 1739/73/49
f 1759/74/50 1713/75/50 1714/76/50
f 1769/77/51 1723/78/51 1761/79/51
f 1755/80/52 1697/81/52 1729/82/52
f 1329/83/53 1724/84/53 1743/85/53
f 1726/86/54 1761/79/54 1722/69/54
f 1743/85/55 1696/87/55 1714/88/55
f 2231/89/56 1691/90/56 2224/91/56
f 1698/92/57 1757/93/57 1717/94/57
f 1693/95/58 1745/96/58 1720/97/58
f 1721/98/59 1713/99/59 1695/100/60
f 1748/101/61 1712/102/61 1710/103/61
f 1710/103/62 1709/104/62 1748/101/62
f 2233/105/63 1708/106/63 1326/107/63
f 1718/108/64 1746/61/64 1722/109/64
f 1718/71/65 1728/110/65 1696/111/65
f 1757/112/66 1321/113/66 1335/114/66
f 1717/115/67 1335/114/67 1320/116/67
f 1694/117/68 1759/74/68 1728/110/68
f 2224/91/69 1703/118/69 2229/119/69
f 1756/63/70 1698/92/70 1715/120/70
f 1723/121/71 1770/122/71 1740/123/71
f 1723/121/72 1742/124/72 1711/125/72
f 1771/126/73 1722/109/73 1746/61/73
f 1741/127/74 1714/88/74 1713/99/74
f 1696/87/75 1747/128/75 1718/108/75
f 1361/129/76 1739/73/76 1325/130/76
f 2232/131/77 1692/132/77 2225/133/77
f 1715/120/78 1765/134/78 1756/63/78
f 1721/98/79 1338/135/79 1741/127/79
f 1334/136/80 1734/137/80 1755/80/80
f 1757/112/81 1697/138/81 1734/139/81
f 1731/140/82 1762/141/82 1763/142/82
f 1747/128/83 1327/62/83 1746/61/83
f 2225/133/84 1706/143/85 2230/144/85
f 1743/85/86 1338/135/86 1329/83/86
f 1724/84/87 1328/145/87 1747/128/87
f 1710/146/88 1758/68/88 1759/74/88
f 1758/68/89 1695/147/89 1713/75/89
f 1760/70/90 1694/117/90 1728/110/90
f 1756/63/91 1732/148/91 1729/149/91
f 1583/74/92 1523/117/92 1558/110/92
f 1553/78/93 1593/77/93 1585/79/93
f 2233/105/94 1326/107/94 1538/106/94
f 1551/98/95 1338/135/95 1319/150/95
f 1543/75/96 1583/74/96 1544/76/96
f 1565/58/97 1549/57/97 1574/59/97
f 1548/108/98 1576/61/98 1577/128/98
f 1571/127/99 1544/88/99 1573/85/99
f 2225/133/100 1536/143/101 1521/132/100
f 2231/89/102 1520/90/102 1534/151/102
f 2224/91/103 1533/118/103 1520/90/103
f 1542/102/104 1578/101/104 1540/103/104
f 1561/140/105 1586/141/105 1545/152/105
f 1577/128/106 1327/62/106 1328/145/106
f 1552/109/107 1595/126/107 1576/61/107
f 1521/132/108 2232/131/108 2225/133/108
f 1543/99/109 1551/98/109 1524/100/109
f 1572/124/110 1553/121/110 1541/125/110
f 1553/121/111 1594/122/111 1566/153/111
f 1555/67/112 1542/66/112 1582/68/112
f 1530/72/113 1574/59/113 1569/73/113
f 1554/84/114 1329/83/114 1573/85/114
f 1338/135/115 1573/85/115 1329/83/115
f 1582/68/116 1540/146/116 1583/74/116
f 1525/87/117 1573/85/117 1544/88/117
f 1569/73/118 1361/129/118 1325/130/118
f 1522/95/119 1575/96/119 1542/102/119
f 1585/79/120 1556/86/120 1552/69/120
f 1552/69/121 1584/70/121 1585/79/121
f 1554/84/122 1328/145/122 1314/154/122
f 1540/103/123 1539/104/123 1523/155/123
f 1525/87/124 1577/128/124 1554/84/124
f 1576/61/125 1336/60/125 1327/62/125
f 1580/63/126 1562/148/126 1589/134/126
f 1527/92/127 1580/63/127 1545/120/127
f 1564/137/128 1334/136/128 1579/80/128
f 1526/81/129 1579/80/129 1559/82/129
f 1335/114/130 1547/115/130 1320/116/130
f 1321/113/131 1581/112/131 1335/114/131
f 1545/120/132 1589/134/133 1561/156/132
f 1580/63/134 1526/64/134 1559/149/134
f 1581/93/135 1527/92/135 1547/94/135
f 1581/112/136 1526/138/136 1563/157/136
f 1695/100/137 1763/142/137 1721/98/137
f 1524/147/138 1582/68/138 1543/75/138
f 1548/71/139 1558/110/139 1584/70/139
f 1584/70/140 1523/117/140 1541/158/140
f 1904/159/141 2067/160/141 1890/161/141
f 1898/162/142 2069/163/142 1872/164/142
f 1736/153/143 1738/165/143 1770/122/143
f 1701/166/144 1769/77/144 1726/86/144
f 1325/130/145 1771/126/145 1336/60/145
f 1735/167/146 1737/168/146 1701/166/146
f 1720/97/147 1732/169/147 1693/95/147
f 1731/156/148 1725/67/148 1765/134/148
f 1699/170/149 1767/171/149 1727/172/149
f 1700/173/150 1767/171/150 1716/174/151
f 1739/73/152 1726/175/152 1771/126/152
f 1762/141/153 1698/176/153 1717/177/153
f 1738/165/154 1343/178/154 1326/179/154
f 1881/180/155 1879/181/155 1878/182/155
f 1765/134/156 1693/183/157 1732/148/156
f 1762/141/158 1356/184/158 1763/142/158
f 1702/185/159 1766/186/159 1738/165/159
f 1700/187/160 1768/188/160 1735/167/160
f 1766/186/161 1323/189/161 1343/178/161
f 1762/141/162 1320/190/162 1351/191/162
f 1768/188/163 1702/192/163 1737/168/163
f 1764/193/164 1729/82/164 1732/169/164
f 1585/79/165 1541/158/165 1553/78/165
f 1768/188/166 1699/194/166 1730/195/166
f 1767/171/167 1323/196/167 1727/172/167
f 1719/197/168 1340/198/168 1767/171/168
f 1873/199/169 1907/200/169 1906/201/169
f 1916/202/170 1824/203/170 1913/204/170
f 2056/205/171 1910/206/171 1894/207/171
f 1566/208/172 1567/168/172 1593/77/172
f 1524/100/173 1587/142/173 1561/140/173
f 1593/77/174 1530/166/174 1556/86/174
f 1595/126/175 1325/130/175 1336/60/175
f 1560/209/176 1557/210/176 1528/211/176
f 1566/153/177 1568/165/177 1531/185/177
f 1555/67/178 1561/156/178 1589/134/178
f 1591/171/179 1529/173/179 1546/174/179
f 1528/170/180 1591/171/181 1546/174/180
f 1562/169/182 1550/97/182 1522/95/182
f 1568/165/183 1343/178/183 1590/186/183
f 1586/141/184 1527/176/184 1545/152/184
f 1834/212/185 1911/213/185 1906/201/185
f 1556/175/186 1569/73/186 1595/126/186
f 1522/183/187 1589/134/188 1562/148/187
f 1356/184/189 1586/141/189 1587/142/189
f 1319/150/190 1587/142/190 1551/98/190
f 1531/185/191 1590/186/191 1560/209/191
f 2065/214/192 1832/215/192 2054/216/192
f 1592/188/193 1529/187/193 1565/167/193
f 1590/186/194 1323/189/194 1557/210/194
f 1885/217/195 1901/218/195 1902/219/195
f 1320/190/196 1586/141/197 1351/191/196
f 1567/168/198 1565/167/198 1530/166/198
f 1531/192/199 1592/188/199 1567/168/199
f 1559/82/200 1588/193/200 1562/169/200
f 1323/196/201 1591/171/201 1557/172/201
f 1592/188/202 1528/194/202 1546/220/202
f 1874/221/203 1877/222/203 1876/223/203
f 1340/198/204 1549/197/204 1591/171/204
f 1877/224/205 1883/225/205 1880/226/205
f 2053/227/206 1828/228/206 2065/229/206
f 1824/230/207 1915/231/207 1913/232/207
f 1909/233/208 1868/234/208 1908/235/208
f 1910/236/209 1867/237/209 1907/200/210
f 1868/234/211 1827/238/211 1829/239/211
f 1879/181/212 1902/240/213 1901/241/212
f 1878/182/214 1901/241/214 1900/242/214
f 1898/243/215 1871/244/215 1897/245/215
f 1872/164/216 2072/246/216 1909/247/216
f 1911/248/141 2068/249/141 2072/246/141
f 2053/250/217 1833/251/217 1826/252/217
f 1897/253/218 2056/205/218 2071/254/218
f 1883/255/219 1874/256/219 1882/257/219
f 1910/206/171 2055/258/171 1893/259/171
f 2054/216/171 1905/260/171 1891/261/171
f 1918/262/220 1881/180/220 1903/263/220
f 2109/264/221 2289/265/221 2288/266/221
f 1876/223/222 1900/267/222 1901/268/222
f 1911/248/141 2069/163/141 1895/269/141
f 1886/270/223 1831/271/223 1824/230/223
f 1905/272/224 1870/273/225 1896/274/224
f 2053/250/226 1890/161/226 2067/160/226
f 1828/275/227 1833/276/227 1832/277/227
f 1873/199/228 1904/278/228 1899/279/228
f 1900/280/229 1880/226/229 1903/281/229
f 2070/282/141 1895/269/141 2069/163/141
f 1913/204/170 1882/257/170 1916/202/170
f 1872/283/230 1908/235/230 1871/244/230
f 1892/284/231 2066/285/231 2068/249/231
f 1885/217/232 1916/286/232 1882/287/232
f 2072/246/233 1869/288/233 1909/247/233
f 1823/289/234 1825/290/234 1920/291/234
f 1893/259/235 1920/292/235 1887/293/235
f 1903/281/171 1915/231/171 1918/294/171
f 1888/295/236 1830/296/236 1890/161/236
f 1882/287/237 1876/297/237 1885/217/237
f 1822/298/238 1886/299/238 1824/203/238
f 2055/258/239 1829/300/239 1920/292/239
f 1884/301/240 1912/302/240 1917/303/240
f 1854/199/241 1942/200/241 1851/273/241
f 1861/226/242 1948/232/242 1864/225/242
f 1848/237/243 1836/304/243 1838/305/243
f 1933/162/244 1964/163/244 1965/282/244
f 1962/160/141 1939/159/141 1925/161/141
f 1945/206/171 1959/205/171 1929/207/171
f 1862/180/245 1860/181/245 1865/301/245
f 1951/202/246 1837/203/246 1835/298/246
f 1958/258/247 1842/300/247 1849/306/247
f 1858/222/248 1855/221/248 1857/223/248
f 1865/301/249 1947/302/249 1862/180/249
f 1835/298/250 1921/299/250 1923/307/250
f 1950/231/171 1938/281/171 1953/294/171
f 1857/297/251 1863/287/251 1866/217/251
f 1928/259/252 1955/292/252 1958/258/252
f 1963/249/141 1946/248/141 1967/246/141
f 1841/228/253 1956/227/253 1960/229/253
f 1847/212/254 1946/213/254 1927/308/254
f 1843/296/255 1923/295/255 1925/161/255
f 1960/214/256 1845/215/256 1841/309/256
f 1838/290/257 1836/289/257 1955/291/257
f 1851/273/258 1940/272/258 1931/274/258
f 1961/285/259 1927/284/259 1963/249/259
f 1850/288/260 1967/246/260 1944/247/260
f 1956/250/261 1925/161/261 1923/295/261
f 1951/286/262 1866/217/262 1863/287/262
f 1841/275/263 1846/276/263 1839/310/263
f 1948/204/264 1863/257/264 1864/255/264
f 1854/199/265 1939/278/266 1930/311/266
f 1943/235/267 1853/283/267 1852/244/267
f 1857/223/268 1935/267/268 1858/222/268
f 1861/226/269 1935/280/269 1938/281/269
f 1965/282/141 1930/269/141 1939/159/141
f 1852/244/270 1933/243/270 1932/245/270
f 1944/233/271 1849/234/271 1850/312/271
f 1853/164/272 1967/246/272 1964/163/272
f 1950/231/273 1837/230/273 1948/232/273
f 1860/181/274 1937/240/275 1865/301/274
f 1846/251/276 1956/250/277 1839/252/276
f 1959/205/278 1932/253/278 1966/254/278
f 1964/163/141 1946/248/141 1930/269/141
f 1936/241/279 1859/182/279 1935/242/279
f 1936/218/280 1866/217/280 1937/219/280
f 1921/270/281 1844/271/281 1926/261/281
f 1849/234/282 1840/238/282 1850/312/282
f 1855/256/283 1864/255/283 1863/257/283
f 1945/206/171 1958/258/171 1968/313/171
f 1940/260/171 1957/216/171 1926/261/171
f 1858/224/284 1864/225/284 1856/314/284
f 1848/237/285 1945/236/285 1942/200/285
f 2103/315/286 2075/316/286 2102/317/286
f 2260/318/287 2283/319/287 2282/320/287
f 2261/321/288 2284/322/288 2283/319/288
f 2303/323/206 2088/324/206 2307/325/206
f 2282/326/289 2262/327/290 2285/328/289
f 2280/329/291 2311/330/291 2108/331/291
f 2102/317/292 2293/332/292 2288/266/292
f 1831/271/171 1918/294/171 1915/231/171
f 2312/333/141 2277/334/141 2311/330/141
f 1833/276/293 1897/245/293 1832/277/293
f 2262/327/294 2295/335/294 2297/336/294
f 2286/337/141 2309/338/141 2272/339/141
f 1919/340/141 1830/296/141 1914/341/141
f 2075/342/295 2077/343/295 2302/344/295
f 1912/302/296 1896/345/297 1870/346/296
f 2074/347/238 2268/348/238 2076/349/238
f 2108/331/298 2314/350/298 2291/351/298
f 2259/352/299 2265/353/299 2262/327/299
f 1906/201/300 1895/311/300 1873/199/300
f 2105/354/301 2091/355/301 2104/356/301
f 1888/307/302 2065/229/302 1886/299/302
f 1919/357/303 1884/301/303 1917/303/303
f 2264/358/304 2258/359/304 2267/360/304
f 2279/361/305 2306/362/305 2313/363/305
f 2263/364/306 2261/321/306 2260/318/306
f 1914/341/307 1822/365/307 1916/286/307
f 2292/366/308 2103/315/308 2289/265/308
f 2285/328/171 2297/336/171 2300/367/171
f 2265/368/219 2110/369/219 2264/370/219
f 1889/371/309 1834/212/309 1823/304/309
f 2067/160/310 1898/162/310 1833/251/310
f 2274/372/311 2308/373/311 2310/374/311
f 1908/375/312 2055/258/312 2073/313/312
f 2071/254/171 1894/207/171 1905/260/171
f 1870/273/313 1917/376/313 1912/377/313
f 2267/360/314 2283/378/314 2284/379/314
f 2054/216/315 1897/253/315 2071/254/315
f 2065/214/316 1891/261/316 1886/270/316
f 2270/380/317 2092/381/317 2272/339/317
f 2267/360/318 2298/382/318 2264/358/318
f 2304/383/171 2287/384/171 2273/385/171
f 2298/386/253 2076/349/253 2295/387/253
f 1914/341/141 1902/219/141 1919/340/141
f 2076/388/319 2297/336/319 2295/335/319
f 2314/350/320 2105/389/320 2291/351/320
f 2291/390/321 2104/356/321 2290/391/321
f 1891/261/171 1896/392/171 1831/271/171
f 2258/393/322 2282/394/322 2283/395/322
f 2287/396/323 2106/397/324 2278/398/323
f 2306/362/171 2292/399/171 2276/400/171
f 2275/401/325 2302/402/325 2269/403/325
f 2078/404/326 2099/405/326 2088/406/326
f 2109/264/327 2286/407/327 2281/408/327
f 2293/409/141 2311/330/141 2277/334/141
f 2266/410/328 2294/411/328 2299/412/328
f 1887/413/329 1867/237/329 1893/414/329
f 1899/415/141 1890/161/141 1830/296/141
f 1903/263/330 1878/182/330 1900/242/330
f 2307/416/331 2099/417/331 2304/383/331
f 2073/313/332 1871/418/332 1908/375/332
f 2273/385/171 2278/419/171 2093/420/171
f 1907/200/333 1834/212/333 1906/201/333
f 2295/387/170 2264/370/170 2298/386/170
f 2108/421/334 2290/391/334 2107/422/334
f 2303/423/335 2101/424/335 2078/425/335
f 2068/249/336 1827/426/336 1869/288/336
f 1829/427/337 2066/428/337 1920/291/337
f 2292/399/171 2305/429/171 2275/401/171
f 1917/303/338 1899/430/339 1919/357/338
f 2303/423/340 2272/339/340 2309/338/340
f 1894/431/341 1907/200/341 1870/273/341
f 2110/432/342 2259/433/342 2258/393/342
f 2280/434/343 2107/422/343 2279/435/343
f 2305/429/344 2091/436/344 2302/402/344
f 2293/409/141 2310/374/141 2314/350/141
f 2326/437/345 2358/438/345 2360/439/345
f 2268/440/346 2093/420/346 2076/388/346
f 1953/262/347 1862/180/347 1947/302/347
f 1988/264/348 2022/265/348 1985/397/348
f 1995/327/349 2028/335/349 1998/353/349
f 1982/315/350 1970/316/350 1972/441/350
f 2013/329/351 2044/330/351 2045/333/351
f 1937/219/141 1949/341/141 1954/340/141
f 2042/338/141 2019/337/141 2005/339/141
f 2025/399/171 2039/362/171 2009/400/171
f 1996/364/352 1994/321/352 1999/410/352
f 1952/376/353 1851/273/353 1947/377/353
f 1931/392/171 1926/261/171 1844/271/171
f 1932/245/354 1846/276/354 1845/277/354
f 2031/386/246 1971/349/246 1969/347/246
f 2038/429/355 1976/436/355 1983/442/355
f 1992/433/356 1989/432/356 1991/393/356
f 1960/229/357 1923/307/357 1921/299/357
f 1999/410/358 2027/411/358 1996/364/358
f 1969/347/250 2001/348/250 2003/443/250
f 1949/341/359 1835/365/359 1843/296/359
f 2030/336/171 2018/328/171 2033/367/171
f 1954/357/360 1865/301/360 1937/240/360
f 1930/311/361 1941/201/361 1854/199/361
f 1848/237/362 1922/413/362 1928/414/362
f 1991/359/363 1997/358/363 2000/360/363
f 1925/161/141 1934/415/141 1843/296/141
f 1960/214/364 1926/261/364 1957/216/364
f 2008/401/365 2035/402/365 2038/429/365
f 1957/216/366 1932/253/366 1845/215/366
f 2043/374/141 2026/409/141 2047/350/141
f 1975/324/253 2036/323/253 2040/325/253
f 1981/317/367 2026/332/367 2007/444/367
f 1977/381/368 2003/380/368 2005/339/368
f 2040/416/369 1979/417/369 1975/445/369
f 1972/343/370 1970/342/370 2035/344/370
f 1952/303/371 1934/430/372 1854/446/371
f 1985/397/373 2020/396/373 2011/398/374
f 1958/258/375 1943/375/375 1968/313/375
f 1924/371/376 1847/212/376 1927/308/376
f 2041/373/377 2007/372/377 2043/374/377
f 1984/389/378 2047/350/378 2024/351/378
f 2036/423/379 2005/339/379 2003/380/379
f 1968/313/380 1852/418/380 1959/205/380
f 1933/162/381 1962/160/381 1846/251/381
f 2031/382/382 2000/360/382 1997/358/382
f 1979/405/383 1973/404/383 1975/406/383
f 2028/387/264 1997/370/264 1998/368/264
f 1942/200/384 1929/431/385 1851/273/385
f 1988/264/386 2019/407/386 2010/447/386
f 2023/391/387 1987/421/387 1986/422/387
f 1938/263/388 1859/182/388 1862/180/388
f 1942/200/389 1847/212/389 1848/237/389
f 1991/393/390 2015/394/390 1992/433/390
f 1995/327/391 2015/326/391 2018/328/391
f 2045/333/141 2010/334/141 2019/337/141
f 1840/426/392 1963/249/392 1850/288/392
f 1953/294/171 1844/271/171 1950/231/171
f 1842/427/393 1961/428/393 1840/448/393
f 1986/422/394 2013/434/394 2012/435/394
f 2024/390/395 1983/356/395 1984/354/395
f 1987/331/396 2047/350/396 2044/330/396
f 2030/336/397 1971/388/397 2028/335/397
f 1994/321/398 2017/322/399 1999/410/398
f 1980/424/400 2036/423/400 1973/425/400
f 2039/362/401 2012/361/401 2046/363/401
f 2044/330/141 2026/409/141 2010/334/141
f 2016/319/402 1993/318/402 2015/320/402
f 2016/378/403 2000/360/403 2017/379/403
f 2001/440/404 1978/420/404 2006/385/404
f 1976/355/405 1984/354/405 1983/356/405
f 1989/369/283 1998/368/283 1997/370/283
f 2025/399/171 2038/429/171 2048/449/171
f 1947/302/406 1931/345/406 1953/262/407
f 2020/384/171 2037/383/171 2006/385/171
f 1843/296/141 1954/340/141 1949/341/141
f 1929/207/171 1966/254/171 1940/260/171
f 1992/352/408 1998/353/408 1990/450/408
f 1982/315/409 2025/366/409 2022/265/409
f 2294/411/410 2278/451/410 2106/452/410
f 2319/453/337 2362/454/337 2358/455/337
f 2322/456/411 2367/457/411 2359/458/411
f 2269/459/412 2103/315/412 2275/460/412
f 2368/461/141 2336/462/141 2364/463/141
f 2289/265/413 2102/317/413 2288/266/413
f 2270/443/302 2307/325/302 2268/348/302
f 2323/464/414 2341/465/414 2322/466/414
f 2343/467/141 2334/468/141 2320/469/141
f 2330/470/415 2368/461/415 2349/471/415
f 2317/472/416 2324/473/416 2325/474/416
f 2301/475/417 2266/410/417 2299/412/417
f 2091/476/418 2308/477/418 2302/344/418
f 2325/474/419 2346/478/419 2347/479/419
f 2331/480/420 2344/481/420 2343/482/420
f 2328/483/421 2355/484/421 2352/485/421
f 2310/374/422 2079/486/422 2105/389/422
f 2321/487/171 2356/488/171 2354/489/171
f 2361/490/423 2350/491/423 2338/492/423
f 2276/493/424 2289/265/424 2106/397/424
f 2313/363/171 2276/400/171 2287/384/171
f 2327/494/425 2362/495/425 2318/496/425
f 2307/416/426 2273/385/426 2268/440/426
f 2327/497/427 2319/498/427 2326/499/427
f 2315/449/428 2107/500/428 2290/501/428
f 2367/457/429 2338/492/429 2345/502/429
f 2304/383/315 2279/361/315 2313/363/315
f 2301/503/141 2092/381/141 2296/504/141
f 2093/420/171 2300/367/171 2297/336/171
f 2349/471/430 2364/463/430 2327/494/430
f 2369/505/171 2337/506/171 2350/491/171
f 2333/507/431 2324/473/431 2316/508/431
f 2285/509/432 2260/318/432 2282/320/432
f 2106/397/433 2299/510/433 2294/511/433
f 2288/266/434 2277/447/434 2109/264/434
f 2351/512/435 2365/513/435 2339/514/435
f 2101/515/436 2279/435/436 2099/405/436
f 2300/516/437 2263/364/437 2285/509/437
f 2328/517/438 2350/518/439 2347/519/439
f 2309/338/310 2280/329/310 2101/424/310
f 2357/520/141 2320/469/141 2353/521/141
f 2342/522/440 2365/513/440 2330/470/440
f 2316/523/441 2317/524/441 2358/455/441
f 2344/525/141 2363/526/141 2334/468/141
f 2342/527/442 2329/528/442 2341/465/442
f 2349/529/443 2326/499/443 2348/530/443
f 2330/531/444 2348/530/444 2329/528/444
f 2331/532/445 2347/519/445 2346/533/445
f 2352/485/446 2340/534/446 2328/483/446
f 2324/473/447 2351/535/447 2346/478/447
f 2341/536/448 2361/490/448 2367/457/448
f 2271/537/449 2102/317/449 2075/316/449
f 2360/439/450 2332/538/450 2337/506/450
f 2359/458/171 2345/502/171 2335/539/171
f 2296/504/141 2284/379/141 2301/503/141
f 2335/539/171 2340/540/171 2321/487/171
f 2345/541/451 2328/483/451 2340/534/451
f 2366/542/452 2339/514/452 2365/513/452
f 2331/532/453 2351/543/454 2339/544/453
f 2355/484/455 2343/482/455 2357/545/455
f 2323/546/456 2366/542/456 2342/522/456
f 2348/547/457 2360/439/457 2369/505/457
f 2296/504/458 2074/548/458 2298/382/458
f 2290/501/459 2305/429/459 2315/449/459
f 2347/479/460 2337/549/460 2325/474/460
f 2364/463/461 2333/550/461 2362/495/461
f 2369/505/462 2329/551/462 2348/547/462
f 2281/552/141 2272/339/141 2092/381/141
f 2299/412/463 2281/553/463 2301/475/463
f 2332/554/464 2325/474/464 2337/549/464
f 2011/419/171 2006/385/171 1978/420/171
f 2130/438/465 2080/437/466 2132/439/466
f 2061/473/467 2050/472/467 2062/474/467
f 2027/411/468 2011/451/468 2033/516/468
f 2022/265/469 1981/317/469 1982/315/469
f 2033/516/470 1996/364/470 2027/411/470
f 2034/475/471 1999/410/472 2017/322/472
f 2084/528/473 2114/527/473 2111/465/473
f 2040/416/474 2006/385/474 2037/383/474
f 2096/506/171 2141/505/171 2122/491/171
f 2114/522/475 2137/513/475 2138/542/475
f 2085/470/476 2140/461/476 2137/513/477
f 2012/435/478 1980/515/478 1979/405/478
f 2005/339/141 2014/552/141 1977/381/141
f 2136/463/479 2089/550/479 2095/462/479
f 2122/491/480 2133/490/480 2097/492/480
f 2061/473/481 2123/535/481 2095/555/481
f 2086/480/482 2116/481/483 2098/556/483
f 2052/498/484 2081/497/484 2080/499/484
f 2048/449/485 1986/500/485 2039/362/485
f 2022/265/486 2009/493/486 1985/397/486
f 1974/486/487 2043/374/487 1984/389/487
f 2133/490/488 2111/536/488 2139/457/488
f 2009/400/171 2046/363/171 2020/384/171
f 2004/537/489 1981/317/489 2007/444/489
f 2032/510/490 1985/397/490 2027/511/490
f 2121/529/491 2080/499/491 2081/497/491
f 2018/509/492 1993/318/492 1996/364/492
f 2032/412/493 2014/553/494 1988/557/494
f 1982/315/495 2002/459/495 2008/460/495
f 2040/325/357 2003/443/357 2001/348/357
f 2010/447/496 2021/266/496 1988/264/496
f 2117/502/171 2131/458/171 2094/539/171
f 1976/476/497 2041/477/497 1974/558/497
f 2029/504/498 1969/548/498 1977/381/498
f 2135/526/141 2116/525/141 2090/468/141
f 2121/471/499 2136/463/499 2140/461/499
f 2037/383/366 2012/361/366 1979/417/366
f 2033/367/171 1978/420/171 2030/336/171
f 2013/329/381 2042/338/381 1980/424/381
f 2038/429/500 2023/501/500 2048/449/500
f 2017/379/141 2029/504/141 2034/503/141
f 1977/381/141 2034/503/141 2029/504/141
f 2137/513/501 2123/512/501 2098/514/501
f 2120/530/502 2085/531/502 2084/528/502
f 1324/559/503 1744/59/503 1361/129/503
f 1728/110/504 1714/76/504 1696/111/504
f 1711/125/505 1709/104/505 1694/155/505
f 2083/483/506 2117/541/506 2100/534/506
f 2119/479/507 2096/549/507 2122/560/507
f 2086/532/508 2119/519/508 2083/517/508
f 2138/542/509 2098/514/509 2116/525/509
f 2087/538/510 2132/439/510 2096/506/510
f 2100/540/171 2094/539/171 2058/487/171
f 2050/524/393 2049/523/393 2130/455/393
f 2140/461/141 2095/462/141 2123/512/141
f 2090/468/141 2115/467/141 2057/469/141
f 2127/484/511 2115/482/511 2086/480/511
f 2111/465/512 2060/464/512 2059/466/512
f 2060/546/513 2138/542/513 2135/526/513
f 2141/505/514 2084/551/514 2133/490/514
f 2057/469/141 2129/520/141 2125/521/141
f 2127/484/515 2083/483/515 2124/485/515
f 2083/517/516 2122/518/517 2097/561/516
f 2139/457/518 2059/456/518 2131/458/518
f 2086/532/519 2123/543/519 2118/533/519
f 2081/494/520 2134/495/520 2136/463/520
f 2124/485/521 2100/534/521 2128/562/521
f 2052/453/393 2134/454/393 2051/563/393
f 2089/507/522 2061/473/522 2095/555/522
f 2062/474/523 2087/554/523 2096/549/523
f 2128/488/171 2058/487/171 2126/489/171
f 2097/492/524 2139/457/524 2117/502/524
f 2132/439/525 2120/547/525 2141/505/525
f 2118/478/526 2062/474/526 2119/479/526
f 1720/97/527 2236/564/527 2227/565/527
f 1703/118/528 2228/566/528 2229/119/529
f 1740/123/530 2235/567/530 1742/124/530
f 1745/96/531 2237/568/531 2236/564/531
f 2227/565/532 1764/193/532 1720/97/532
f 1708/106/533 2228/566/533 1707/569/533
f 1704/151/534 2230/144/535 1706/143/534
f 1740/123/536 2239/570/536 2234/571/536
f 1539/104/537 1541/125/537 1523/155/537
f 1737/168/538 1736/208/538 1769/77/538
f 1763/142/539 1319/150/539 1721/98/539
f 1880/226/540 1913/232/540 1915/231/540
f 1730/209/541 1727/210/541 1766/186/541
f 1574/59/542 1324/559/542 1361/129/542
f 1867/237/543 1823/304/543 1834/212/543
f 1544/76/544 1558/110/544 1525/111/544
f 1761/79/545 1711/158/545 1760/70/545
f 693/32/17 2191/36/17 2189/37/17
f 694/31/546 695/30/546 693/32/546
f 681/18/10 2183/25/10 2181/26/10
f 2190/9/15 701/34/15 2186/35/15
f 2228/566/547 1533/118/548 2229/119/547
f 1575/96/549 2237/568/549 1578/101/549
f 2235/567/550 1570/123/550 1572/124/550
f 1570/123/551 2239/570/551 1594/122/551
f 1534/151/552 2230/144/552 2231/89/552
f 2228/566/553 1538/106/553 1537/569/553
f 1550/97/554 2236/564/554 1575/96/554
f 1588/193/555 2227/565/555 1550/97/555
f 2226/572/556 1572/124/556 1539/104/556
f 1578/101/557 2226/572/557 1539/104/557
f 1594/122/558 1326/179/558 1568/165/558
f 1579/80/559 1334/136/559 1318/573/559
f 2232/131/560 1535/574/560 1318/575/560
f 509/40/561 2189/576/561 510/41/561
f 2186/35/562 521/44/562 520/34/562
f 521/21/563 2185/577/563 519/20/563
f 516/38/564 2188/578/564 509/40/564
f 2180/579/565 498/48/565 497/5/565
f 506/13/566 2179/580/566 507/49/566
f 507/53/567 2177/581/567 505/51/567
f 727/3/568 497/5/568 503/2/568
f 1742/124/569 2226/572/569 1709/104/569
f 1748/101/570 2226/572/570 2237/568/570
f 1770/122/571 1326/179/571 2239/570/571
f 1318/573/572 1334/136/572 1755/80/572
f 2232/131/573 1318/575/573 1705/574/573
f 692/40/561 2189/576/561 2188/578/561
f 702/44/562 2186/35/562 701/34/562
f 2185/577/563 702/21/563 700/20/563
f 698/38/564 2188/578/564 2184/10/564
f 681/48/565 2180/579/565 680/5/565
f 689/13/566 2179/580/566 2178/43/566
f 2177/581/567 690/53/567 688/51/567
f 680/5/568 727/3/568 686/2/568
f 3179/582/574 3164/583/574 3177/584/574
f 3185/585/575 3176/586/575 3183/587/575
f 3140/588/576 3155/589/576 3153/590/576
f 3152/591/577 3161/592/577 3159/593/577
f 3154/594/578 3148/595/578 3160/596/578
f 3141/597/579 3150/598/579 3144/599/579
f 3147/600/580 3162/601/580 3149/602/580
f 3139/603/581 3141/604/581 3140/605/581
f 3142/606/582 3144/607/582 3143/608/582
f 3145/609/583 3147/610/583 3146/611/583
f 3148/595/584 3150/612/584 3149/613/584
f 3151/614/585 3153/615/585 3152/616/585
f 3154/594/586 3156/617/586 3155/618/586
f 3157/619/587 3159/620/587 3158/621/587
f 3160/596/588 3162/622/588 3161/623/588
f 3145/609/589 3141/604/589 3139/603/589
f 3140/624/590 3144/599/590 3142/625/590
f 3143/608/591 3150/612/591 3148/595/591
f 3150/598/592 3147/626/592 3149/627/592
f 3157/619/593 3147/610/593 3145/609/593
f 3149/613/594 3160/596/594 3148/595/594
f 3161/592/595 3158/628/595 3159/593/595
f 3152/616/596 3157/619/596 3151/614/596
f 3161/623/597 3154/594/597 3160/596/597
f 3156/629/598 3153/630/598 3155/631/598
f 3139/603/599 3153/615/599 3151/614/599
f 3155/618/600 3143/608/600 3154/594/600
f 3139/603/601 3157/619/601 3145/609/601
f 3172/632/602 3178/633/602 3184/634/602
f 3165/635/603 3174/636/603 3170/637/603
f 3171/638/604 3186/639/604 3182/640/604
f 3163/641/605 3164/642/605 3165/643/605
f 3166/644/606 3167/645/606 3168/646/606
f 3169/647/607 3170/648/607 3171/649/607
f 3172/650/608 3173/651/608 3174/636/608
f 3175/652/609 3176/586/609 3177/653/609
f 3178/633/610 3179/654/610 3180/655/610
f 3181/656/611 3182/657/611 3183/587/611
f 3184/634/612 3185/658/612 3186/659/612
f 3169/647/613 3165/643/613 3170/648/613
f 3164/660/614 3168/646/614 3165/635/614
f 3167/645/615 3174/636/615 3168/646/615
f 3171/661/616 3174/636/616 3173/651/616
f 3181/662/617 3171/649/617 3182/663/617
f 3184/634/618 3173/664/618 3172/632/618
f 3185/585/619 3182/657/619 3186/665/619
f 3181/656/620 3176/586/620 3175/652/620
f 3178/633/621 3185/658/621 3184/634/621
f 3177/653/622 3180/666/622 3179/667/622
f 3163/641/623 3177/668/623 3164/642/623
f 3167/669/624 3179/654/624 3178/633/624
f 3181/662/625 3163/641/625 3169/647/625
f 3326/670/626 3387/671/626 3352/672/626
f 3325/673/627 3387/671/627 3356/674/627
f 3324/675/628 3388/676/628 3354/677/628
f 3353/678/629 3376/679/629 3387/671/629
f 3352/672/630 3376/679/630 3338/680/630
f 3323/681/631 3388/676/631 3358/682/631
f 3323/681/632 3389/683/632 3350/684/632
f 3350/684/633 3378/685/633 3388/676/633
f 3354/677/634 3378/685/634 3336/686/634
f 3326/670/635 3389/683/635 3355/687/635
f 3320/688/636 3390/689/636 3343/690/636
f 3352/672/637 3375/691/637 3389/683/637
f 3350/684/638 3375/691/638 3335/692/638
f 3322/693/636 3390/689/636 3345/694/636
f 3325/673/639 3391/695/639 3353/678/639
f 3390/689/636 3321/696/636 3349/697/636
f 3390/689/636 3319/698/636 3343/690/636
f 3324/675/640 3391/695/640 3357/699/640
f 3342/700/641 3392/701/641 3386/702/641
f 3354/677/642 3377/703/642 3391/695/642
f 3353/678/643 3377/703/643 3337/704/643
f 3382/705/644 3355/706/644 3392/701/644
f 3341/707/645 3393/708/645 3385/709/645
f 3355/706/646 3351/710/646 3392/701/646
f 3392/701/647 3339/711/647 3386/702/647
f 3381/712/648 3356/713/648 3393/708/648
f 3340/714/649 3394/715/649 3384/716/649
f 3356/713/650 3382/717/650 3393/708/650
f 3393/708/651 3342/718/651 3385/709/651
f 3380/719/652 3357/720/652 3394/715/652
f 3339/721/653 3395/722/653 3383/723/653
f 3357/720/654 3381/724/654 3394/715/654
f 3394/715/655 3341/725/655 3384/716/655
f 3351/726/656 3358/727/656 3395/722/656
f 3319/698/657 3396/728/657 3343/690/657
f 3358/727/658 3380/729/658 3395/722/658
f 3395/722/659 3340/730/659 3383/723/659
f 3362/731/660 3363/732/660 3396/733/660
f 3320/688/661 3397/734/661 3345/694/661
f 3363/732/662 3344/735/662 3396/733/662
f 3396/728/663 3320/688/663 3343/690/663
f 3344/736/664 3364/737/664 3397/738/664
f 3322/693/665 3398/739/665 3347/740/665
f 3364/737/666 3346/741/666 3397/738/666
f 3397/734/667 3322/693/667 3345/694/667
f 3346/742/668 3365/743/668 3398/744/668
f 3321/696/669 3399/745/669 3349/697/669
f 3365/743/670 3348/746/670 3398/744/670
f 3398/739/671 3321/696/671 3347/740/671
f 3348/747/672 3366/748/672 3399/749/672
f 3335/750/673 3400/751/673 3378/752/673
f 3366/748/674 3362/753/674 3399/749/674
f 3399/745/675 3319/698/675 3349/697/675
f 3331/754/676 3400/755/676 3367/756/676
f 3336/757/677 3401/758/677 3377/759/677
f 3400/755/678 3332/760/678 3372/761/678
f 3400/751/679 3336/762/679 3378/752/679
f 3332/760/680 3401/763/680 3372/761/680
f 3337/764/681 3402/765/681 3376/766/681
f 3401/763/682 3334/767/682 3373/768/682
f 3401/758/683 3337/769/683 3377/759/683
f 3194/770/631 3255/771/631 3224/772/631
f 3220/773/684 3244/774/684 3255/771/684
f 3244/774/634 3221/775/634 3255/771/634
f 3255/771/628 3193/776/628 3224/772/628
f 3192/777/627 3256/778/627 3226/779/627
f 3222/780/685 3246/781/685 3256/778/685
f 3246/781/630 3218/782/630 3256/778/630
f 3256/778/626 3191/783/626 3226/779/626
f 3191/783/635 3257/784/635 3223/785/635
f 3218/782/637 3243/786/637 3257/784/637
f 3243/786/686 3220/773/686 3257/784/686
f 3257/784/632 3194/770/632 3223/785/632
f 3188/787/636 3258/788/636 3213/789/636
f 3187/790/636 3258/788/636 3211/791/636
f 3258/788/636 3189/792/636 3215/793/636
f 3258/788/636 3190/794/636 3213/789/636
f 3193/776/640 3259/795/640 3225/796/640
f 3221/775/642 3245/797/642 3259/795/642
f 3245/797/643 3222/780/643 3259/795/643
f 3259/795/639 3192/777/639 3225/796/639
f 3210/798/647 3260/799/647 3250/800/647
f 3207/801/641 3260/799/641 3254/802/641
f 3219/803/687 3223/804/687 3260/799/687
f 3250/800/688 3223/804/688 3194/805/688
f 3209/806/659 3261/807/659 3249/808/659
f 3210/809/653 3261/807/653 3253/810/653
f 3250/811/689 3224/812/689 3261/807/689
f 3249/808/690 3224/812/690 3193/813/690
f 3208/814/655 3262/815/655 3248/816/655
f 3209/817/649 3262/815/649 3252/818/649
f 3249/819/652 3225/820/652 3262/815/652
f 3248/816/691 3225/820/691 3192/821/691
f 3207/822/651 3263/823/651 3219/824/651
f 3208/825/645 3263/823/645 3251/826/645
f 3248/827/648 3226/828/648 3263/823/648
f 3219/824/692 3226/828/692 3191/829/692
f 3187/790/693 3264/830/693 3230/831/693
f 3188/787/694 3264/830/694 3211/791/694
f 3212/832/695 3231/833/695 3264/834/695
f 3230/835/696 3231/833/696 3198/836/696
f 3188/787/697 3265/837/697 3212/838/697
f 3190/794/661 3265/837/661 3213/789/661
f 3214/839/664 3232/840/664 3265/841/664
f 3212/842/698 3232/840/698 3195/843/698
f 3190/794/663 3266/844/663 3214/845/663
f 3189/792/699 3266/844/699 3215/793/699
f 3216/846/700 3233/847/700 3266/848/700
f 3214/849/701 3233/847/701 3196/850/701
f 3189/792/702 3267/851/702 3216/852/702
f 3187/790/669 3267/851/669 3217/853/669
f 3230/854/672 3234/855/672 3267/856/672
f 3216/857/703 3234/855/703 3197/858/703
f 3203/859/704 3268/860/704 3235/861/704
f 3204/862/681 3268/860/681 3246/863/681
f 3268/864/705 3200/865/705 3236/866/705
f 3268/864/706 3199/867/706 3235/868/706
f 3204/869/683 3269/870/683 3240/871/683
f 3205/872/707 3269/870/707 3245/873/707
f 3269/874/708 3202/875/708 3237/876/708
f 3269/874/682 3200/865/682 3240/877/682
f 3205/878/709 3270/879/709 3241/880/709
f 3206/881/710 3270/879/710 3244/882/710
f 3270/883/676 3201/884/676 3238/885/676
f 3270/883/678 3202/875/678 3241/886/678
f 3206/887/711 3271/888/711 3242/889/711
f 3203/890/712 3271/888/712 3243/891/712
f 3271/892/713 3199/867/713 3239/893/713
f 3271/892/714 3201/884/714 3242/894/714
f 3202/875/715 3272/895/715 3237/876/715
f 3201/884/716 3272/895/716 3238/885/716
f 3272/895/717 3199/867/717 3236/866/717
f 3272/895/718 3200/865/718 3237/876/718
f 3231/833/719 3247/896/719 3198/836/719
f 3195/897/720 3273/898/720 3231/833/720
f 3227/899/720 3251/826/720 3273/898/720
f 3273/898/719 3207/822/719 3247/896/719
f 3232/840/721 3227/900/721 3195/843/721
f 3196/901/722 3274/902/722 3232/840/722
f 3228/903/722 3252/818/722 3274/902/722
f 3274/902/721 3208/814/721 3227/900/721
f 3233/847/723 3228/904/723 3196/850/723
f 3197/905/724 3275/906/724 3233/847/724
f 3229/907/724 3253/810/724 3275/906/724
f 3275/906/723 3209/806/723 3228/904/723
f 3197/858/725 3276/908/725 3229/909/725
f 3198/910/726 3276/908/726 3234/855/726
f 3247/911/726 3254/802/726 3276/908/726
f 3276/908/725 3210/798/725 3229/909/725
f 3402/765/727 3338/912/727 3376/766/727
f 3403/913/728 3335/914/728 3375/915/728
f 3404/916/717 3333/917/717 3370/918/717
f 3405/919/723 3327/920/723 3363/732/723
f 3383/723/723 3359/921/723 3405/919/723
f 3407/922/719 3329/923/719 3365/743/719
f 3408/924/725 3330/925/725 3366/748/725
f 3342/700/726 3408/924/726 3361/926/726
f 3386/702/725 3379/927/725 3408/924/725
f 3329/928/726 3408/924/726 3366/748/726
f 3385/709/719 3361/929/719 3407/922/719
f 3341/707/720 3407/922/720 3360/930/720
f 3360/930/720 3365/743/720 3328/931/720
f 3384/716/721 3360/932/721 3406/933/721
f 3340/714/722 3406/933/722 3359/934/722
f 3406/933/721 3328/935/721 3364/737/721
f 3339/721/724 3405/919/724 3379/936/724
f 3359/934/722 3364/737/722 3327/937/722
f 3379/936/724 3363/732/724 3330/938/724
f 3404/916/716 3331/754/716 3371/939/716
f 3332/760/715 3404/916/715 3369/940/715
f 3334/767/718 3404/916/718 3370/918/718
f 3403/941/714 3331/754/714 3367/756/714
f 3333/917/729 3403/941/729 3374/942/729
f 3338/943/712 3403/913/712 3375/915/712
f 3402/944/706 3333/917/706 3374/942/706
f 3334/767/705 3402/944/705 3373/768/705
s 1
f 197/945/730 22/946/731 192/947/732
f 24/948/733 71/949/734 4/950/735
f 7/951/736 1/952/737 8/953/738
f 12/954/739 74/955/740 2/956/741
f 15/957/742 14/958/743 13/959/744
f 16/960/745 2/961/741 15/957/742
f 75/962/746 2/963/741 74/964/740
f 18/965/747 3/966/748 64/967/749
f 58/968/750 55/969/751 50/970/752
f 20/971/753 3/966/748 17/972/754
f 52/973/755 50/974/752 55/975/751
f 21/976/756 192/947/732 22/946/731
f 165/977/141 187/977/141 170/977/141
f 62/978/757 64/979/757 3/980/758
f 22/946/731 56/981/759 57/982/760
f 179/977/141 198/977/141 199/977/141
f 19/983/761 60/984/762 61/985/763
f 33/986/764 82/987/765 78/988/766
f 73/989/767 195/990/768 171/991/769
f 9/992/770 92/993/771 93/994/772
f 24/995/773 165/996/773 72/997/773
f 6/998/774 43/999/775 11/1000/776
f 181/1001/777 29/1002/778 28/1003/779
f 168/1004/780 32/1005/781 174/1006/782
f 71/1007/783 65/1008/784 4/1009/785
f 178/977/141 33/977/764 177/977/141
f 39/1010/786 34/1011/787 35/1012/788
f 182/1013/789 38/1014/790 39/1010/786
f 44/1015/791 42/1016/792 41/1017/793
f 191/1018/141 66/1019/141 68/1018/141
f 32/1020/794 35/1012/788 34/1011/787
f 35/1012/788 40/1021/795 39/1010/786
f 25/1022/796 63/1023/797 67/1024/798
f 28/1003/779 59/1025/799 51/1026/800
f 70/977/141 185/977/141 182/977/141
f 155/977/141 195/977/141 65/977/141
f 36/1027/801 41/1017/793 35/1028/788
f 10/1029/802 91/1030/803 92/993/771
f 169/1031/804 37/1032/805 183/1033/806
f 45/1034/807 41/1035/793 42/1036/792
f 184/1037/808 40/1021/795 45/1034/807
f 80/1038/809 43/999/775 44/1015/810
f 6/1039/774 45/1034/807 42/1036/792
f 36/1027/811 80/1038/809 44/1015/810
f 69/1040/812 83/1041/813 163/1042/813
f 36/1027/811 77/1043/814 81/1044/815
f 47/1045/816 172/1046/817 196/1047/818
f 30/1048/819 84/1049/820 47/1045/816
f 51/1026/800 49/1050/821 48/1051/822
f 28/1052/779 48/1053/822 31/1054/823
f 198/1055/824 175/1056/825 199/1057/826
f 88/1058/827 48/1053/828 49/1059/829
f 52/973/830 90/1060/831 89/1061/832
f 13/959/744 53/1062/833 54/1063/834
f 52/973/830 88/1058/827 49/1059/829
f 14/1064/835 90/1060/831 53/1065/836
f 31/1054/837 87/1066/838 86/1067/839
f 175/977/141 30/977/141 47/977/141
f 173/1068/840 86/1067/839 167/1069/841
f 12/1070/739 191/1071/842 195/990/768
f 189/1072/843 9/1073/770 187/1074/844
f 193/1075/845 26/1076/846 198/1055/824
f 78/988/766 5/1077/847 33/986/764
f 11/1000/776 1/1078/737 6/998/774
f 10/1079/802 8/953/738 1/952/737
f 188/1080/141 17/1081/141 184/1081/141
f 174/977/141 33/977/764 5/977/141
f 7/951/736 184/1037/808 45/1034/807
f 16/960/745 56/981/759 23/1082/848
f 183/977/141 180/977/141 69/977/141
f 56/981/759 55/969/751 57/982/760
f 52/973/755 54/1083/834 53/1065/833
f 50/970/752 59/1025/799 58/968/750
f 163/977/141 183/977/141 69/977/141
f 67/1024/798 180/1084/849 25/1022/796
f 29/1002/778 27/1085/850 59/1025/799
f 21/976/756 57/982/760 58/968/750
f 27/1085/850 58/968/750 59/1025/799
f 37/977/805 190/977/141 183/977/141
f 46/977/141 199/977/141 196/977/141
f 76/977/141 174/977/141 5/977/141
f 173/1068/840 85/1086/851 30/1087/819
f 19/1088/852 62/1089/853 3/1090/854
f 68/1091/855 19/1088/852 61/1092/856
f 13/959/744 56/981/759 15/957/742
f 173/977/141 176/977/141 181/977/141
f 64/967/749 70/1093/857 18/965/747
f 11/1000/776 79/1094/858 91/1030/803
f 66/1019/141 192/1095/141 62/1095/141
f 194/1096/859 27/1085/850 193/1075/845
f 170/1097/860 9/1073/770 93/1098/772
f 180/977/141 46/977/141 69/977/141
f 4/950/735 60/984/762 24/948/733
f 38/1014/790 177/1099/861 34/1011/787
f 190/977/141 25/977/141 180/977/141
f 31/1054/823 181/1068/777 28/1052/779
f 34/1011/787 174/1100/862 32/1020/794
f 26/1076/846 176/1101/863 175/1056/825
f 196/977/141 175/977/141 47/977/141
f 186/977/141 70/977/141 182/977/141
f 188/1102/864 8/953/738 189/1072/843
f 192/977/141 64/977/141 62/977/141
f 4/1009/785 68/1103/865 61/1104/866
f 46/977/141 172/977/141 83/977/141
f 65/977/141 191/977/141 68/977/141
f 178/1105/867 185/1106/868 190/1107/869
f 20/1080/141 189/1108/141 60/1108/141
f 186/1109/870 39/1010/786 40/1021/795
f 63/977/141 198/977/141 67/977/141
f 17/977/141 186/977/141 184/977/141
f 63/977/141 194/977/141 193/977/141
f 60/1108/141 187/1110/141 24/1110/141
f 23/1082/848 191/1071/842 16/960/745
f 296/947/871 114/976/872 115/946/873
f 303/945/874 115/946/873 116/1082/875
f 71/949/876 117/948/877 97/950/878
f 108/957/879 107/958/880 95/961/881
f 95/961/881 109/960/882 108/957/879
f 96/966/883 111/965/884 158/967/885
f 95/963/881 75/962/886 74/964/887
f 148/969/888 151/968/889 143/970/890
f 141/1053/891 121/1052/892 124/1054/893
f 96/966/883 113/971/894 110/972/883
f 277/1056/895 304/1055/896 305/1057/897
f 280/1105/898 287/1106/899 131/1014/900
f 289/977/141 166/977/141 111/977/141
f 145/973/901 143/974/890 142/1059/902
f 124/1054/903 87/1066/838 141/1053/904
f 157/977/141 304/977/141 299/977/141
f 145/973/901 147/1083/905 148/975/888
f 299/1075/906 119/1076/907 120/1085/908
f 165/977/141 290/977/141 117/977/141
f 103/1079/909 101/953/910 102/1073/911
f 156/978/912 96/980/912 158/979/912
f 276/977/141 126/977/913 279/977/141
f 112/983/914 153/984/915 113/971/894
f 82/987/765 126/986/913 78/988/766
f 114/976/872 150/982/916 115/946/873
f 136/999/917 99/998/918 104/1000/919
f 283/1001/920 122/1002/921 278/1101/922
f 71/1007/923 159/1008/924 155/1111/925
f 280/977/141 126/977/913 130/977/926
f 139/977/141 305/977/141 281/977/141
f 117/995/927 72/997/927 165/996/927
f 168/1004/780 125/1005/928 77/1043/814
f 115/946/873 149/981/929 116/1082/875
f 90/1060/831 107/1064/930 146/1065/931
f 97/1009/932 162/1103/933 159/1008/924
f 153/1108/141 290/1110/141 292/1108/141
f 127/1011/934 132/1010/935 128/1012/936
f 94/1078/937 104/1000/919 99/998/918
f 295/1071/938 105/1070/939 301/990/940
f 284/1013/941 131/1014/900 287/1106/899
f 295/1018/141 160/1019/141 303/1019/141
f 125/1020/942 128/1012/936 129/1112/943
f 137/1015/944 135/1016/945 136/999/917
f 128/1012/936 133/1021/946 134/1035/947
f 152/1025/948 121/1003/892 144/1026/949
f 118/1022/950 157/1023/951 166/1093/952
f 166/977/141 287/977/141 118/977/141
f 134/1017/947 129/1027/943 128/1028/936
f 286/1037/953 133/1021/946 289/1109/954
f 80/1038/809 136/999/917 79/1094/858
f 155/977/141 301/977/141 171/977/141
f 138/1034/955 99/1039/918 135/1036/945
f 129/1027/956 77/1043/814 125/1005/928
f 172/1046/817 140/1045/957 302/1047/958
f 129/1027/956 80/1038/809 81/1044/815
f 83/1041/813 164/1040/959 163/1042/813
f 134/1035/947 138/1034/955 135/1036/945
f 91/1030/803 103/1029/909 92/993/771
f 169/1031/804 130/1032/926 82/987/765
f 163/977/141 285/977/141 169/977/141
f 285/977/141 282/977/141 293/977/141
f 281/977/141 304/977/141 161/977/141
f 301/990/940 73/989/960 171/991/961
f 105/954/939 74/955/887 73/1113/960
f 94/952/937 100/951/962 101/953/910
f 85/1086/851 275/1068/963 123/1087/964
f 92/993/771 102/992/911 93/994/965
f 124/1054/893 283/1068/920 275/1068/966
f 277/977/141 123/977/141 278/977/141
f 275/977/141 278/977/141 123/977/141
f 144/1026/949 142/1050/902 143/970/890
f 123/1048/964 84/1049/820 85/1114/851
f 146/1062/967 106/959/968 147/1063/905
f 291/1102/969 101/953/910 100/951/962
f 166/1093/952 158/967/885 111/965/884
f 88/1058/827 145/973/970 142/1059/971
f 141/1053/904 88/1058/827 142/1059/971
f 90/1060/831 145/973/970 89/1061/832
f 131/1014/900 279/1099/972 280/1105/898
f 139/977/141 172/977/141 302/977/141
f 282/977/141 139/977/141 281/977/141
f 149/981/929 106/959/968 108/957/879
f 151/968/889 120/1085/908 152/1025/948
f 143/970/890 152/1025/948 144/1026/949
f 275/1068/963 86/1067/839 124/1054/903
f 97/950/878 153/984/915 154/985/973
f 149/981/929 109/960/882 116/1082/875
f 98/1077/974 78/988/766 126/986/913
f 295/1071/938 116/1082/875 109/960/882
f 100/951/962 286/1037/953 291/1102/969
f 291/1080/141 110/1081/141 113/1080/141
f 292/1072/975 102/1073/911 101/953/910
f 148/969/888 149/981/929 150/982/916
f 120/1085/908 300/1096/976 299/1075/906
f 76/977/141 276/977/141 168/977/141
f 154/1092/977 160/1115/978 162/1091/979
f 170/1097/980 102/1073/911 290/1074/981
f 104/1000/919 79/1094/858 136/999/917
f 160/1019/141 296/1095/141 303/1019/141
f 112/1088/982 156/1089/983 160/1115/978
f 282/1084/984 161/1024/985 118/1022/950
f 130/977/926 293/977/141 280/977/141
f 122/1002/921 120/1085/908 119/1076/907
f 110/977/141 289/977/141 111/977/141
f 113/1080/141 292/1108/141 291/1080/141
f 276/1100/986 127/1011/934 125/1020/942
f 119/1076/907 278/1101/922 122/1002/921
f 293/977/141 118/977/141 287/977/141
f 157/977/141 300/977/141 158/977/141
f 296/977/141 158/977/141 300/977/141
f 132/1010/935 289/1109/954 133/1021/946
f 302/977/141 277/977/141 305/977/141
f 159/977/141 295/977/141 301/977/141
f 263/1116/987 444/1117/988 270/1118/989
f 415/1119/990 259/1120/991 442/1121/992
f 474/1122/993 222/1123/994 221/1124/995
f 239/1125/996 462/1126/997 458/1127/998
f 213/1128/999 463/1129/1000 464/1130/1001
f 255/1131/1002 225/1132/1003 256/1133/1004
f 269/1134/1005 240/1135/1006 409/1136/1007
f 239/1125/1008 234/1137/1009 238/1138/1010
f 216/1139/1011 245/1140/1012 244/1141/1013
f 419/1142/1014 210/1143/1015 442/1144/1016
f 232/1145/1017 242/1146/1018 201/1147/1019
f 394/1148/1020 294/1149/1021 482/1150/1022
f 236/1151/1023 241/1152/1024 240/1135/1006
f 244/1141/1013 288/1153/1025 483/1154/1026
f 399/1155/1027 333/1156/1028 488/1157/1029
f 252/1158/1030 219/1159/1031 253/1160/1032
f 261/1161/1033 217/1162/1034 266/1163/1035
f 265/1164/1036 465/1165/1037 223/1166/1038
f 465/1165/1037 222/1123/994 466/1167/1039
f 417/1168/1040 255/1169/1041 256/1170/1042
f 208/1171/1043 460/1172/1044 421/1173/1045
f 306/1174/1046 491/1175/1047 407/1176/1048
f 413/1177/1049 426/1178/1050 461/1179/1051
f 272/1180/1052 243/1181/1053 479/1182/1054
f 441/1183/1055 252/1184/1056 439/1185/1057
f 441/1186/1058 203/1187/1059 207/1188/1060
f 206/1189/1061 417/1190/1062 420/1191/1063
f 214/1192/1064 444/1193/1065 422/1194/1066
f 212/1195/1067 470/1196/1068 463/1129/1069
f 471/1197/1070 478/1198/1071 492/1199/1072
f 267/1200/1073 233/1201/1074 268/1202/1075
f 205/1203/1076 203/1187/1059 204/1204/1077
f 464/1130/1001 202/1205/1078 211/1206/1079
f 425/1207/1080 261/1208/1081 266/1209/1082
f 294/1149/1021 245/1140/1012 482/1150/1022
f 438/1210/1083 246/1211/1084 232/1212/1085
f 423/1213/1086 471/1197/1070 213/1128/1087
f 480/1214/1088 294/1149/1021 391/1215/1089
f 440/1216/1090 202/1205/1091 424/1217/1092
f 481/1218/1093 333/1156/1028 393/1219/1094
f 422/1194/1066 207/1188/1060 214/1192/1064
f 406/1220/1095 377/1221/1095 431/1222/1095
f 483/1154/1026 485/1223/1096 247/1224/1097
f 263/1225/1098 220/1226/1099 258/1227/1100
f 265/1228/1101 440/1229/1102 424/1230/1103
f 483/1154/1026 288/1153/1025 398/1231/1104
f 206/1189/1105 214/1192/1106 207/1188/1107
f 472/1232/1108 471/1197/1109 496/1233/1110
f 482/1234/1111 487/1235/1112 339/1236/1113
f 663/1214/1114 358/1140/1115 357/1141/1116
f 260/1237/1117 229/1238/1118 230/1239/1119
f 423/1213/1120 464/1130/1121 469/1240/1122
f 487/1235/1112 490/1241/1123 377/1242/1124
f 212/1195/1125 477/1243/1126 418/1244/1127
f 486/1245/1128 491/1246/1129 459/1247/1130
f 451/1191/1131 323/1248/1132 456/1249/1133
f 260/1250/1134 442/1121/992 259/1120/991
f 472/1232/1108 213/1128/999 471/1197/1109
f 384/1163/1135 349/1151/1136 325/1162/1137
f 438/1210/1083 267/1200/1073 268/1202/1075
f 200/1251/1138 207/1188/1107 203/1187/1059
f 469/1252/1139 260/1250/1134 468/1253/1140
f 268/1202/1075 459/1254/1130 438/1210/1083
f 473/1255/1141 474/1122/993 495/1256/1142
f 211/1206/1079 209/1257/1143 210/1143/1144
f 478/1258/1145 475/1259/1146 493/1260/1147
f 215/1248/1148 420/1191/1063 425/1249/1149
f 249/1261/1150 238/1138/1010 248/1262/1151
f 208/1171/1152 248/1262/1151 201/1147/1019
f 442/1144/1016 204/1204/1077 415/1263/1153
f 483/1154/1026 247/1224/1097 244/1141/1013
f 412/1264/1154 231/1265/1155 262/1266/1156
f 201/1147/1019 243/1181/1053 208/1171/1152
f 432/1267/1095 402/1268/1095 379/1269/1095
f 400/1270/1157 339/1236/1113 487/1235/1112
f 404/1271/1158 493/1260/1147 347/1272/1159
f 412/1273/1160 460/1274/1161 487/1235/1112
f 221/1124/995 476/1275/1162 474/1122/993
f 411/1276/1163 247/1224/1164 485/1223/1165
f 209/1257/1166 416/1277/1167 205/1203/1168
f 468/1278/1169 230/1239/1119 466/1167/1039
f 348/1279/1170 485/1280/1171 396/1281/1172
f 487/1235/1112 377/1242/1124 400/1270/1157
f 488/1157/1029 374/1282/1173 399/1155/1027
f 254/1283/1174 223/1166/1038 228/1284/1175
f 402/1285/1176 486/1245/1128 348/1279/1170
f 480/1214/1088 244/1141/1013 245/1140/1012
f 406/1286/1177 377/1242/1124 490/1241/1123
f 642/1254/1178 386/1202/1179 630/1210/1180
f 429/1287/1095 396/1288/1095 348/1289/1095
f 225/1132/1003 220/1226/1099 227/1290/1181
f 266/1163/1035 236/1151/1023 269/1134/1005
f 481/1291/1182 495/1256/1142 474/1122/993
f 422/1292/1183 258/1293/1184 441/1183/1055
f 348/1289/1095 402/1268/1095 432/1267/1095
f 264/1294/1185 473/1255/1141 475/1295/1186
f 353/1135/1187 364/1296/1188 354/1152/1189
f 398/1231/1104 308/1297/1190 483/1154/1026
f 467/1298/1191 221/1124/995 465/1165/1037
f 347/1299/1159 494/1300/1192 401/1301/1193
f 481/1218/1093 488/1157/1029 333/1156/1028
f 224/1302/1194 227/1290/1181 220/1226/1099
f 485/1280/1171 486/1245/1128 411/1303/1195
f 240/1135/1006 251/1296/1196 250/1304/1197
f 409/1136/1007 250/1304/1197 413/1305/1198
f 262/1306/1199 460/1274/1161 412/1273/1160
f 339/1307/1095 394/1308/1095 427/1309/1095
f 259/1310/1200 219/1159/1031 229/1238/1118
f 479/1182/1054 243/1181/1053 242/1146/1018
f 393/1311/1201 298/1312/1202 481/1291/1182
f 228/1284/1175 230/1239/1119 229/1238/1118
f 420/1313/1203 256/1170/1042 261/1208/1081
f 389/1314/1095 431/1222/1095 271/1315/1095
f 242/1146/1018 271/1316/1204 479/1182/1054
f 377/1221/1095 400/1317/1095 430/1318/1095
f 414/1319/1205 241/1152/1024 410/1320/1206
f 427/1309/1095 391/1321/1095 288/1322/1095
f 486/1245/1128 459/1247/1130 411/1303/1195
f 337/1284/1207 340/1239/1208 331/1166/1209
f 428/1323/1095 397/1324/1095 271/1315/1095
f 271/1316/1204 484/1325/1210 397/1326/1211
f 466/1167/1039 223/1166/1038 465/1165/1037
f 475/1259/1146 423/1327/1212 264/1328/1212
f 428/1323/1095 432/1267/1095 379/1269/1095
f 379/1269/1095 407/1329/1095 428/1323/1095
f 226/1330/1213 229/1238/1118 219/1159/1031
f 467/1331/1214 418/1332/1215 257/1333/1215
f 488/1157/1029 489/1334/1216 374/1282/1173
f 253/1335/1217 439/1185/1057 252/1184/1056
f 270/1336/1218 224/1302/1194 263/1225/1098
f 235/1337/1219 215/1248/1220 234/1137/1009
f 458/1338/1221 270/1118/989 444/1117/988
f 413/1305/1198 216/1139/1222 267/1339/1223
f 479/1182/1054 271/1316/1204 389/1340/1224
f 288/1322/1095 398/1341/1095 429/1287/1095
f 262/1266/1156 251/1296/1196 414/1319/1205
f 664/1218/1225 671/1157/1226 659/1342/1227
f 254/1343/1228 416/1344/1229 440/1229/1102
f 490/1345/1230 272/1180/1052 406/1346/1231
f 400/1317/1095 339/1307/1095 430/1318/1095
f 409/1347/1232 461/1179/1051 457/1348/1233
f 375/1237/1234 338/1238/1235 373/1310/1236
f 489/1349/1237 496/1233/1110 274/1350/1238
f 246/1351/1084 459/1247/1130 491/1246/1129
f 670/1235/1239 673/1241/1240 643/1274/1241
f 405/1352/1242 374/1282/1173 489/1334/1216
f 462/1353/1243 410/1354/1244 458/1338/1221
f 328/1226/1245 334/1132/1246 336/1290/1247
f 443/1355/1248 238/1356/1249 234/1357/1250
f 242/1146/1018 246/1358/1251 484/1325/1210
f 365/1184/1252 633/1183/1253 631/1185/1254
f 244/1141/1013 233/1359/1255 216/1139/1011
f 488/1157/1029 476/1342/1256 477/1360/1257
f 491/1175/1047 484/1325/1210 246/1358/1251
f 288/1153/1025 480/1214/1088 391/1215/1089
f 210/1143/1144 205/1203/1076 204/1204/1077
f 249/1261/1258 421/1173/1045 462/1126/997
f 437/1177/1259 625/1178/1260 385/1200/1261
f 326/1361/1262 335/1330/1263 334/1132/1246
f 669/1245/1264 435/1303/1265 642/1247/1178
f 322/1192/1266 314/1189/1267 315/1188/1268
f 637/1117/1269 381/1116/1270 388/1118/1271
f 446/1119/1272 373/1120/1273 366/1335/1274
f 321/1128/1275 655/1232/1276 654/1197/1277
f 368/1131/1278 337/1284/1207 367/1283/1279
f 645/1126/1280 352/1125/1281 641/1127/1282
f 319/1206/1283 317/1257/1284 310/1205/1285
f 387/1362/1286 639/1348/1287 433/1347/1288
f 655/1232/1276 679/1233/1289 654/1197/1277
f 630/1210/1180 385/1200/1261 625/1178/1260
f 637/1193/1290 322/1192/1291 453/1194/1292
f 355/1146/1293 343/1145/1294 309/1147/1295
f 656/1255/1296 678/1256/1297 657/1122/1298
f 398/1231/1299 666/1154/1300 308/1297/1301
f 646/1129/1302 321/1128/1275 647/1130/1303
f 634/1144/1304 312/1204/1305 318/1143/1306
f 323/1248/1307 346/1337/1308 345/1137/1309
f 650/1331/1310 449/1332/1311 653/1363/1312
f 311/1187/1313 633/1186/1314 315/1188/1315
f 324/1139/1316 358/1140/1115 342/1265/1317
f 368/1131/1278 334/1132/1246 335/1330/1263
f 353/1135/1187 387/1134/1318 433/1136/1319
f 665/1234/1320 670/1235/1239 436/1273/1321
f 662/1182/1322 355/1146/1293 356/1181/1323
f 393/1311/1324 664/1291/1325 298/1312/1326
f 450/1142/1327 318/1143/1306 319/1206/1328
f 448/1190/1329 314/1189/1330 451/1191/1131
f 373/1310/1236 327/1159/1331 366/1160/1332
f 311/1187/1313 313/1203/1333 312/1204/1305
f 394/1148/1334 665/1150/1335 294/1149/1336
f 654/1197/1337 675/1199/1338 661/1198/1339
f 345/1137/1309 352/1125/1340 351/1138/1341
f 456/1207/1342 376/1208/1343 451/1313/1344
f 381/1225/1345 328/1226/1245 332/1302/1346
f 666/1154/1300 398/1231/1299 288/1153/1347
f 313/1203/1333 318/1143/1348 312/1204/1305
f 649/1167/1349 382/1294/1350 330/1123/1351
f 272/1180/1352 356/1181/1323 673/1345/1353
f 294/1149/1336 358/1140/1115 663/1214/1114
f 351/1138/1341 362/1261/1354 361/1262/1355
f 271/1316/1356 397/1326/1357 667/1325/1358
f 656/1255/1296 382/1294/1350 658/1295/1359
f 427/1309/1095 430/1318/1095 339/1307/1095
f 294/1364/1095 427/1309/1095 394/1308/1095
f 341/1365/1095 288/1322/1095 429/1287/1095
f 668/1280/1360 669/1245/1264 348/1279/1361
f 448/1168/1362 368/1169/1363 447/1344/1364
f 351/1356/1365 635/1355/1366 345/1357/1367
f 399/1155/1368 671/1157/1226 333/1156/1369
f 668/1223/1370 666/1154/1300 360/1224/1371
f 678/1256/1297 664/1291/1325 657/1122/1298
f 658/1295/1359 677/1300/1372 656/1255/1296
f 372/1293/1373 453/1292/1374 633/1183/1253
f 324/1139/1375 437/1305/1376 385/1339/1377
f 399/1366/1095 333/1367/1095 403/1368/1095
f 403/1368/1095 392/1369/1095 401/1370/1095
f 374/1371/1095 399/1366/1095 408/1372/1095
f 370/1373/1095 408/1372/1095 404/1374/1095
f 218/1361/1378 226/1330/1213 219/1159/1031
f 271/1315/1095 378/1375/1095 428/1323/1095
f 428/1323/1095 306/1376/1095 397/1324/1095
f 436/1273/1321 670/1235/1239 643/1274/1241
f 663/1214/1114 391/1215/1379 294/1149/1336
f 354/1152/1189 445/1319/1380 434/1320/1381
f 397/1326/1211 484/1325/1210 306/1174/1046
f 325/1162/1137 376/1161/1382 384/1163/1135
f 664/1218/1225 393/1219/1383 333/1156/1369
f 288/1153/1347 357/1141/1116 666/1154/1300
f 310/1205/1285 647/1130/1303 319/1206/1283
f 359/1211/1384 630/1210/1180 343/1212/1385
f 327/1159/1331 365/1158/1386 366/1160/1332
f 332/1302/1346 388/1336/1387 381/1225/1345
f 349/1151/1136 354/1152/1189 350/1377/1388
f 670/1235/1239 400/1270/1389 377/1242/1390
f 330/1123/1351 648/1165/1391 649/1167/1349
f 316/1171/1392 643/1172/1393 356/1181/1394
f 355/1146/1293 667/1325/1358 359/1358/1395
f 383/1164/1396 648/1165/1391 650/1298/1397
f 359/1351/1384 674/1246/1398 642/1247/1178
f 632/1216/1399 310/1205/1400 317/1257/1401
f 344/1201/1402 385/1200/1261 386/1202/1179
f 315/1188/1315 453/1194/1292 322/1192/1291
f 631/1185/1254 366/1335/1274 365/1184/1252
f 435/1276/1403 668/1223/1404 360/1224/1405
f 364/1296/1188 380/1266/1406 445/1319/1380
f 402/1285/1407 348/1279/1361 669/1245/1264
f 651/1278/1408 340/1239/1208 375/1237/1234
f 342/1265/1317 436/1264/1409 380/1266/1406
f 367/1343/1410 447/1344/1364 368/1169/1363
f 317/1257/1401 447/1277/1411 632/1216/1399
f 397/1326/1357 306/1174/1412 667/1325/1358
f 329/1124/1413 659/1275/1414 371/1378/1415
f 404/1271/1416 347/1272/1417 676/1260/1418
f 664/1291/1325 659/1275/1414 657/1122/1298
f 658/1259/1419 454/1327/1420 661/1258/1421
f 357/1141/1116 344/1359/1422 360/1224/1371
f 348/1279/1361 396/1281/1423 668/1280/1360
f 434/1354/1424 645/1353/1425 641/1338/1426
f 671/1157/1226 660/1360/1427 659/1342/1227
f 356/1181/1323 309/1147/1295 316/1171/1428
f 308/1379/1095 429/1287/1095 398/1341/1095
f 432/1267/1095 429/1287/1095 348/1289/1095
f 669/1245/1264 674/1246/1398 379/1380/1429
f 405/1381/1095 374/1371/1095 408/1372/1095
f 408/1372/1095 403/1368/1095 404/1374/1095
f 274/1382/1095 405/1381/1095 390/1383/1095
f 273/1384/1095 390/1383/1095 395/1385/1095
f 452/1173/1430 362/1261/1431 645/1126/1280
f 315/1188/1268 307/1251/1432 311/1187/1313
f 661/1258/1421 676/1260/1418 658/1259/1419
f 433/1136/1319 363/1304/1433 353/1135/1187
f 650/1298/1397 329/1124/1413 371/1378/1415
f 405/1352/1434 672/1334/1435 374/1282/1436
f 634/1121/1437 375/1250/1438 373/1120/1273
f 649/1167/1349 331/1166/1209 340/1239/1208
f 430/1318/1095 431/1222/1095 377/1221/1095
f 269/1362/1439 457/1348/1233 443/1355/1440
f 378/1375/1095 341/1365/1095 432/1267/1095
f 481/1291/1182 474/1122/993 476/1275/1162
f 316/1171/1428 361/1262/1355 362/1261/1354
f 375/1250/1438 652/1252/1441 651/1253/1442
f 660/1243/1443 320/1195/1444 449/1244/1445
f 667/1325/1358 674/1175/1446 359/1358/1395
f 355/1146/1293 271/1316/1356 667/1325/1358
f 408/1372/1095 370/1373/1095 395/1385/1095
f 662/1182/1322 389/1340/1447 271/1316/1356
f 666/1154/1300 357/1141/1116 360/1224/1371
f 388/1118/1271 641/1338/1426 637/1117/1269
f 288/1153/1347 391/1215/1379 663/1214/1114
f 272/1386/1095 431/1222/1095 389/1314/1095
f 406/1286/1448 673/1241/1240 377/1242/1390
f 673/1345/1353 406/1346/1449 272/1180/1352
f 657/1122/1298 330/1123/1351 656/1255/1296
f 475/1295/1186 473/1255/1141 494/1300/1450
f 463/1387/1069 424/1230/1092 202/1388/1091
f 390/1383/1095 408/1372/1095 395/1385/1095
f 264/1294/1185 466/1167/1039 222/1123/994
f 217/1162/1034 237/1377/1451 236/1151/1023
f 333/1367/1095 393/1389/1095 403/1368/1095
f 454/1213/1452 647/1130/1453 321/1128/1454
f 654/1197/1337 454/1213/1455 321/1128/1456
f 672/1349/1457 679/1233/1289 655/1232/1276
f 400/1270/1389 670/1235/1239 339/1236/1458
f 393/1389/1095 298/1390/1095 392/1369/1095
f 433/1347/1288 644/1179/1459 437/1177/1259
f 306/1174/1412 407/1176/1460 674/1175/1446
f 671/1157/1226 399/1155/1368 374/1282/1436
f 367/1283/1279 331/1166/1209 383/1164/1396
f 228/1284/1175 255/1131/1002 254/1283/1174
f 632/1229/1461 383/1228/1462 455/1230/1463
f 347/1299/1417 401/1301/1464 677/1300/1465
f 643/1274/1241 380/1306/1466 436/1273/1321
f 338/1238/1235 335/1330/1263 327/1159/1331
f 403/1368/1095 347/1391/1095 404/1374/1095
f 425/1207/1149 234/1357/1250 215/1392/1148
f 347/1391/1095 403/1368/1095 401/1370/1095
f 451/1313/1344 369/1170/1467 448/1168/1362
f 455/1230/1468 646/1387/1469 310/1388/1400
f 332/1302/1346 336/1290/1247 325/1162/1137
f 325/1162/1137 350/1377/1388 332/1302/1346
f 671/1157/1226 672/1334/1435 660/1360/1427
f 392/1369/1095 297/1393/1095 401/1370/1095
f 345/1357/1367 456/1207/1133 323/1392/1132
f 390/1394/1470 273/1395/1471 679/1233/1289
f 231/1265/1155 250/1304/1197 251/1296/1196
f 641/1127/1282 346/1337/1472 637/1193/1290
f 395/1396/1473 370/1397/1474 675/1398/1475
f 421/1399/1476 414/1400/1477 462/1353/1243
f 452/1399/1478 445/1400/1479 380/1401/1466
f 651/1253/1442 454/1402/1480 382/1403/1481
f 672/1349/1457 655/1232/1276 660/1243/1443
f 389/1340/1447 662/1182/1322 272/1180/1352
f 390/1394/1482 496/1233/1110 273/1395/1483
f 370/1397/1484 493/1260/1147 404/1271/1158
f 309/1404/1485 644/1179/1486 361/1405/1487
f 307/1251/1488 447/1277/1411 313/1203/1489
f 390/1394/1470 679/1233/1289 274/1350/1490
f 679/1233/1289 675/1199/1491 654/1197/1277
f 625/1178/1260 343/1212/1492 630/1210/1180
f 423/1402/1493 468/1253/1140 264/1403/1494
f 416/1277/1167 200/1251/1495 205/1203/1168
f 396/1406/1496 485/1223/1096 308/1297/1190
f 201/1404/1497 461/1179/1498 426/1178/1050
f 489/1349/1237 477/1243/1126 472/1232/1108
f 426/1178/1050 232/1212/1499 201/1404/1497
f 370/1397/1474 404/1271/1416 676/1260/1418
f 235/1337/1500 458/1127/998 444/1193/1065
f 677/1300/1372 678/1256/1297 656/1255/1296
f 211/1206/1501 469/1240/1122 464/1130/1121
f 704/1407/1502 738/1408/1503 735/1409/1504
f 749/1410/1505 735/1409/1504 751/1411/1506
f 392/1412/1507 495/1256/1142 298/1312/1202
f 371/1413/1508 660/1360/1427 449/1414/1509
f 383/1228/1462 653/1363/1312 455/1230/1463
f 918/1415/1510 782/1416/1511 916/1417/1512
f 973/1418/1513 1152/1419/1514 712/1420/1515
f 395/1396/1516 492/1398/1517 370/1397/1484
f 492/1199/1518 496/1233/1110 471/1197/1109
f 389/1340/1224 272/1180/1052 479/1182/1054
f 997/1421/1519 722/1422/1520 747/1423/1521
f 676/1260/1418 675/1398/1475 370/1397/1474
f 877/1424/1522 1259/1425/1523 908/1426/1524
f 390/1394/1482 274/1350/1238 496/1233/1110
f 482/1150/1022 245/1140/1012 412/1264/1154
f 257/1413/1525 477/1360/1257 476/1342/1256
f 495/1256/1142 494/1300/1450 473/1255/1141
f 273/1395/1483 492/1199/1518 395/1427/1526
f 265/1228/1101 470/1363/1527 467/1331/1214
f 273/1395/1471 395/1427/1528 675/1199/1491
f 493/1260/1147 492/1398/1517 478/1258/1145
f 1070/1428/1529 1063/1429/1530 1075/1430/1531
f 541/1422/1532 1016/1421/1533 566/1423/1534
f 601/1416/1535 927/1415/1536 837/1417/1537
f 523/1407/1538 557/1408/1539 535/1431/1540
f 1064/1432/1541 1188/1433/1542 821/1434/1543
f 1423/1435/1544 1388/1436/1545 1424/1437/1546
f 612/1438/1547 1166/1439/1548 613/1440/1549
f 554/1409/1550 568/1410/1551 570/1411/1552
f 798/1424/1553 829/1426/1524 1189/1425/1554
f 886/1441/1555 1260/1442/1556 902/1443/1557
f 969/1444/1558 1147/1445/1558 891/1446/1558
f 947/1418/1559 531/1420/1560 1074/1419/1561
f 1065/1447/1562 574/1448/1563 1082/1449/1564
f 1054/1450/1565 1062/1451/1566 1016/1421/1533
f 1010/1452/1567 1008/1453/1568 1035/1454/1569
f 565/1455/1570 806/1456/1571 819/1457/1572
f 1011/1458/1573 957/1459/1574 1027/1460/1575
f 1079/1461/1576 1061/1462/1577 1068/1463/1576
f 297/1464/1578 495/1256/1142 392/1412/1507
f 1083/1465/1579 573/1466/1580 526/1467/1581
f 954/1468/1095 1178/1469/1095 543/1470/1095
f 525/1471/1582 1025/1472/1583 954/1473/1584
f 882/1474/1585 716/1475/1586 704/1476/1587
f 934/1477/1588 948/1478/1589 1192/1479/1590
f 1015/1480/1591 563/1481/1592 939/1482/1593
f 794/1483/1594 573/1484/1580 531/1485/1594
f 776/1486/1595 843/1487/1596 777/1488/1597
f 948/1478/1589 1193/1489/1598 813/1490/1599
f 1029/1491/1600 1182/1492/1524 577/1493/1601
f 924/1494/1602 1251/1495/1603 1144/1496/1604
f 917/1497/1605 848/1498/1606 783/1499/1607
f 995/1500/1608 965/1482/1609 708/1501/1610
f 1011/1458/1573 1028/1502/1611 1084/1503/1612
f 1038/1504/1095 572/1505/1613 544/1506/1095
f 802/1507/1614 2218/1508/1601 2202/1509/1614
f 1070/1428/1529 1075/1430/1531 792/1510/1615
f 1377/1511/1616 1142/1512/1617 1143/1513/1618
f 968/1514/1619 1266/1515/1620 1125/1516/1621
f 593/1517/1622 555/1518/1623 585/1519/1624
f 1186/1520/1625 810/1521/1626 1068/1463/1576
f 566/1522/1627 616/1523/1628 541/1524/1629
f 1006/1472/1630 980/1473/1631 757/1525/1632
f 947/1418/1559 1081/1526/1633 531/1420/1560
f 2198/1527/1634 828/1528/1635 2220/1529/1636
f 841/1530/1637 847/1531/1638 776/1486/1595
f 489/1349/1237 274/1350/1238 405/1532/1639
f 2249/1533/1558 812/1446/1558 2200/1534/1558
f 815/1535/1640 636/1536/1641 1085/1537/1642
f 1058/1538/1643 935/1539/1644 1184/1540/1645
f 1028/1541/1646 1073/1542/1647 575/1543/1648
f 613/1440/1549 837/1417/1537 927/1415/1536
f 804/1544/1649 571/1545/1650 945/1546/1651
f 1129/1547/1652 886/1441/1555 1251/1548/1653
f 960/1549/1654 624/1550/1095 784/1551/1095
f 564/1552/1655 1007/1553/1656 552/1554/1657
f 1159/1555/1658 712/1485/1515 752/1545/1659
f 550/1556/1660 789/1557/1661 618/1558/1660
f 810/1521/1626 1079/1461/1576 1068/1463/1576
f 859/1559/1662 766/1519/1663 774/1517/1664
f 672/1349/1457 405/1532/1665 274/1350/1490
f 1042/1560/1095 579/1561/1095 1174/1562/1095
f 951/1563/1666 583/1564/1095 1053/1565/1095
f 612/1438/1667 1045/1566/1668 1166/1439/1548
f 1024/1567/1669 573/1466/1580 1083/1465/1579
f 891/1446/1558 2249/1533/1558 2200/1534/1558
f 819/1457/1572 2251/1568/1670 2212/1569/1671
f 805/1570/1672 821/1434/1543 1188/1433/1542
f 788/1571/1673 602/1499/1674 787/1572/1675
f 942/1514/1676 527/1501/1677 952/1573/1678
f 801/1574/1679 2221/1575/1680 2210/1576/1681
f 595/1486/1682 607/1577/1683 610/1531/1684
f 1019/1578/1685 945/1579/1686 1072/1580/1687
f 1239/1581/1688 926/1582/1689 755/1583/1690
f 1026/1584/1691 936/1585/1692 1073/1586/1693
f 548/1587/1694 628/1588/1695 640/1589/1696
f 515/1590/1697 536/1591/1698 638/1592/1699
f 943/1444/1558 1069/1445/1558 956/1593/1558
f 755/1448/1700 1135/1447/1701 1160/1449/1702
f 899/1594/1703 704/1476/1587 749/1595/1704
f 1176/1596/1705 572/1505/1613 1040/1597/1095
f 567/1598/1706 524/1599/1707 565/1600/1708
f 1170/1601/1709 617/1602/1710 587/1603/1711
f 992/1458/1712 983/1459/1713 970/1604/1714
f 1178/1469/1095 576/1605/1095 785/1606/1095
f 401/1301/1715 494/1300/1450 297/1464/1578
f 1067/1607/1716 829/1426/1524 1182/1492/1524
f 1127/1608/1717 876/1609/1718 1253/1610/1719
f 638/1592/1699 536/1591/1698 1085/1537/1642
f 548/1587/1694 790/1611/1720 607/1577/1683
f 2204/1612/1721 820/1594/1722 803/1474/1723
f 591/1613/1724 552/1554/1657 583/1564/1095
f 1070/1428/1529 792/1510/1615 1191/1614/1725
f 803/1474/1723 535/1475/1726 801/1574/1679
f 1080/1615/1727 569/1616/1728 953/1617/1729
f 807/1441/1555 823/1443/1730 1190/1442/1731
f 1123/1565/1732 1118/1618/1732 1114/1619/1732
f 834/1620/1733 550/1621/1734 1085/1537/1642
f 1055/1516/1735 1195/1622/1736 795/1623/1737
f 616/1523/1628 590/1624/1738 619/1625/1739
f 536/1591/1698 551/1626/1740 1085/1537/1642
f 553/1627/1741 587/1603/1711 617/1602/1710
f 584/1628/1742 570/1411/1552 593/1517/1622
f 1014/1500/1743 527/1501/1677 939/1482/1593
f 1181/1629/1744 591/1630/1744 583/1631/1744
f 1096/1584/1745 1151/1586/1746 962/1585/1747
f 614/1632/1748 593/1517/1622 622/1559/1749
f 2246/1633/1750 805/1570/1672 2199/1634/1751
f 619/1625/1739 541/1524/1629 616/1523/1628
f 1173/1581/1752 1049/1635/1095 1052/1636/1095
f 1025/1472/1583 525/1471/1614 1187/1637/1753
f 942/1514/1676 1055/1516/1735 1196/1515/1754
f 797/1609/1755 2246/1633/1750 2203/1638/1756
f 1064/1432/1541 572/1639/1757 1018/1640/1758
f 1025/1472/1583 576/1525/1759 954/1473/1584
f 2213/1641/1760 794/1483/1594 2254/1642/1761
f 1053/1565/1095 583/1564/1095 1044/1619/1095
f 935/1539/1644 1065/1447/1562 1184/1540/1645
f 2246/1633/1750 876/1609/1718 2203/1638/1756
f 1078/1643/1095 583/1564/1095 552/1554/1657
f 1043/1644/1762 1031/1645/1763 1034/1646/1764
f 556/1647/1765 565/1600/1708 530/1648/1766
f 780/1649/1767 866/1650/1767 840/1651/1768
f 1059/1547/1769 1183/1548/1653 807/1441/1555
f 973/1418/1770 1159/1526/1771 993/1652/1772
f 538/1653/1773 1059/1547/1769 1082/1449/1564
f 1018/1640/1758 1058/1538/1643 1188/1433/1542
f 1030/1654/1774 525/1471/1582 543/1655/1775
f 612/1656/1776 605/1657/1777 1045/1658/1778
f 944/1604/1779 1031/1645/1763 957/1459/1574
f 1168/1659/1780 588/1660/1781 1172/1661/1782
f 1019/1578/1685 1020/1662/1783 958/1663/1784
f 1135/1447/1701 902/1443/1557 1260/1442/1556
f 1155/1664/1785 518/1665/1786 768/1603/1787
f 968/1514/1619 708/1501/1788 1266/1515/1620
f 789/1557/1661 786/1666/1789 1180/1667/1790
f 822/1668/1791 531/1485/1594 571/1545/1650
f 938/1669/1792 1064/1432/1541 1185/1610/1719
f 1021/1670/1793 571/1545/1794 1081/1555/1633
f 1146/1463/1576 996/1480/1795 1131/1462/1577
f 1173/1581/1752 1052/1636/1095 1050/1671/1796
f 1081/1555/1633 571/1545/1794 531/1485/1560
f 1021/1672/1797 1019/1578/1685 1072/1580/1687
f 1180/1667/1798 786/1666/1799 1051/1673/1800
f 594/1674/1801 558/1675/1802 589/1676/1803
f 1074/1677/1804 531/1678/1804 573/1679/1804
f 1039/1680/1095 1176/1596/1705 1040/1597/1095
f 1066/1496/1805 576/1525/1759 1025/1472/1583
f 1077/1664/1806 587/1603/1711 518/1665/1786
f 608/1681/1807 834/1682/1808 927/1415/1536
f 936/1585/1692 1009/1683/1809 1083/1684/1810
f 1144/1496/1604 1251/1495/1603 904/1685/1811
f 549/1686/1812 1058/1538/1643 1018/1640/1758
f 595/1486/1682 606/1487/1813 607/1577/1683
f 581/1687/1814 811/1688/1815 831/1689/1816
f 587/1603/1711 594/1690/1817 1171/1691/1818
f 944/1604/1779 1011/1458/1573 1084/1503/1612
f 1077/1664/1806 811/1688/1819 528/1692/1820
f 1032/1693/1821 577/1493/1822 579/1694/1823
f 2207/1695/1558 1069/1445/1558 2249/1533/1558
f 1162/1696/1824 970/1697/1825 1264/1698/1826
f 1145/1607/1827 1250/1492/1524 908/1426/1524
f 1084/1696/1828 1028/1541/1646 575/1543/1648
f 525/1471/1582 954/1473/1584 543/1655/1775
f 1029/1491/1600 1067/1607/1716 1182/1492/1524
f 785/1606/1095 957/1459/1574 1037/1699/1095
f 1082/1449/1564 1059/1547/1769 1190/1442/1731
f 599/1700/1829 597/1701/1830 603/1702/1831
f 567/1598/1706 586/1703/1832 592/1704/1833
f 1037/1699/1095 543/1470/1095 1178/1469/1095
f 1055/1516/1735 795/1623/1737 1196/1515/1754
f 1077/1664/1806 582/1705/1834 594/1690/1817
f 1170/1601/1709 790/1611/1720 617/1602/1710
f 1173/1581/1752 935/1582/1835 549/1706/1836
f 1079/1461/1576 626/1707/1837 870/1708/1576
f 826/1709/1838 791/1710/1839 1194/1698/1840
f 1048/1618/1095 1175/1711/1095 1053/1565/1095
f 527/1712/1677 951/1563/1666 952/1713/1678
f 615/1714/1841 592/1704/1833 621/1715/1842
f 1030/1716/1095 543/1470/1095 1174/1562/1095
f 533/1717/1843 606/1718/1843 1169/1719/1843
f 1057/1608/1844 544/1720/1845 938/1669/1792
f 605/1721/1846 596/1488/1847 597/1722/1848
f 1071/1723/1849 1046/1724/1849 1180/1725/1849
f 1040/1597/1095 961/1726/1850 1039/1680/1095
f 1186/1520/1625 1015/1480/1591 939/1482/1593
f 1021/1670/1793 1072/1727/1851 571/1545/1794
f 518/1665/1786 629/1728/1852 1077/1664/1806
f 563/1729/1853 1076/1730/1095 1014/1731/1743
f 2209/1732/1558 832/1733/1558 2207/1695/1558
f 715/1734/1854 720/1735/1855 732/1621/1856
f 1167/1736/1857 536/1591/1698 1047/1737/1858
f 940/1738/1859 1057/1608/1844 1193/1489/1598
f 1052/1636/1095 1049/1635/1095 1039/1680/1095
f 551/1739/1860 927/1415/1536 834/1682/1808
f 597/1740/1861 598/1741/1861 1045/1742/1862
f 1030/1716/1095 1174/1562/1095 579/1561/1095
f 620/1743/1853 560/1744/1863 619/1625/1739
f 828/1528/1635 2244/1745/1864 2220/1529/1636
f 723/1746/1558 911/1733/1558 860/1747/1558
f 795/1623/1737 810/1521/1626 1196/1515/1754
f 809/1748/1865 562/1749/1866 818/1750/1867
f 1030/1654/1774 577/1493/1822 525/1471/1582
f 1071/1751/1868 789/1752/1869 1180/1753/1870
f 837/1754/1871 786/1666/1789 601/1755/1872
f 1085/1537/1642 534/1734/1873 815/1535/1640
f 549/1706/1836 1176/1596/1705 1049/1635/1095
f 945/1546/1651 799/1756/1874 804/1544/1649
f 540/1757/1875 1017/1758/1876 569/1759/1877
f 1175/1711/1095 951/1563/1666 1053/1565/1095
f 1065/1447/1562 823/1443/1730 1184/1540/1645
f 620/1743/1853 591/1613/1724 1181/1760/1878
f 958/1663/1784 945/1579/1686 1019/1578/1685
f 536/1591/1698 950/1761/1879 1047/1737/1858
f 838/1497/1880 786/1762/1881 929/1763/1882
f 936/1764/1883 1083/1465/1579 526/1467/1581
f 793/1765/1884 565/1455/1570 819/1457/1572
f 1016/1421/1533 932/1766/1885 1056/1767/1886
f 808/1768/1887 2213/1769/1760 2211/1770/1887
f 2211/1770/1887 905/1709/1838 2245/1771/1838
f 1044/1619/1095 583/1564/1095 1078/1643/1095
f 1168/1659/1780 1172/1661/1782 1071/1751/1868
f 1071/1751/1868 1180/1753/1888 928/1772/1889
f 823/1443/1730 805/1570/1672 1184/1540/1645
f 627/1773/1890 792/1510/1615 1075/1430/1531
f 790/1611/1720 1170/1601/1709 609/1774/1891
f 1170/1601/1709 1171/1691/1818 609/1774/1891
f 1089/1775/1892 1293/1776/1893 1088/1777/1892
f 605/1778/1894 597/1779/1894 1045/1780/1894
f 597/1722/1848 595/1486/1682 603/1781/1895
f 829/1426/1524 827/1782/1601 1182/1492/1524
f 1066/1496/1805 1025/1472/1583 1187/1637/1753
f 1176/1596/1705 1018/1783/1896 572/1505/1613
f 613/1440/1549 1167/1784/1857 612/1438/1547
f 1032/1785/1095 1179/1786/1095 580/1787/1897
f 1082/1788/1898 1050/1671/1796 1177/1789/1899
f 1180/1667/1900 600/1790/1900 1046/1791/1901
f 950/1761/1902 533/1792/1903 1169/1793/1904
f 1040/1597/1095 958/1663/1784 1020/1662/1783
f 948/1478/1589 813/1490/1599 1192/1479/1590
f 624/1550/1095 544/1506/1095 545/1794/1095
f 818/1750/1867 559/1795/1905 817/1796/1906
f 947/1418/1907 1012/1652/1908 1081/1526/1909
f 814/1797/1910 2215/1798/1911 2248/1799/1912
f 1048/1618/1095 960/1549/1654 784/1551/1095
f 1027/1460/1575 1036/1800/1095 955/1801/1913
f 563/1481/1592 1013/1802/1914 560/1803/1915
f 611/1498/1916 838/1497/1880 602/1499/1674
f 1020/1662/1783 1021/1672/1797 1012/1652/1908
f 806/1456/1571 568/1595/1917 820/1594/1722
f 529/1804/1918 539/1735/1919 953/1805/1920
f 1078/1643/1095 552/1554/1657 1010/1452/1567
f 1035/1454/1569 532/1806/1921 960/1549/1654
f 813/1490/1599 814/1797/1910 1192/1479/1590
f 1076/1730/1095 563/1729/1853 620/1743/1853
f 1181/1760/1878 951/1563/1666 1076/1730/1095
f 1182/1492/1524 827/1782/1601 577/1493/1601
f 1042/1560/1095 1043/1644/1762 1179/1786/1095
f 533/1792/1903 515/1590/1922 628/1807/1922
f 821/1808/1923 797/1809/1923 1185/1810/1923
f 575/1543/1648 1194/1698/1840 1084/1696/1828
f 1170/1601/1709 587/1603/1711 1171/1691/1818
f 622/1559/1749 585/1519/1624 615/1714/1841
f 1048/1618/1095 547/1811/1095 1175/1711/1095
f 1068/1463/1576 1061/1462/1577 1015/1480/1591
f 870/1708/1576 2250/1812/1577 1061/1462/1577
f 1041/1813/1095 955/1801/1913 1036/1800/1095
f 1023/1814/1924 1039/1680/1095 961/1726/1850
f 955/1801/1913 936/1585/1692 1026/1584/1691
f 1053/1565/1095 1044/1619/1095 1048/1618/1095
f 1232/1659/1925 1236/1661/1926 769/1660/1927
f 1172/1661/1782 588/1660/1781 618/1815/1928
f 791/1710/1839 944/1697/1929 1194/1698/1840
f 537/1816/1930 582/1817/1931 581/1818/1814
f 1077/1664/1806 528/1692/1820 582/1705/1834
f 547/1819/1932 942/1514/1676 952/1573/1678
f 1041/1813/1095 1177/1789/1899 1050/1671/1796
f 559/1795/1905 793/1820/1933 817/1796/1906
f 784/1551/1095 545/1794/1095 546/1821/1095
f 545/1822/1934 544/1720/1845 940/1738/1859
f 1167/1784/1857 1047/1823/1858 612/1438/1547
f 555/1518/1623 592/1704/1833 585/1519/1624
f 622/1559/1749 569/1616/1728 1080/1615/1727
f 1387/1824/1935 1428/1825/1936 1427/1826/1936
f 1084/1696/1828 1194/1698/1840 944/1697/1929
f 621/1715/1842 586/1703/1832 616/1523/1628
f 1066/1496/1805 1187/1637/1753 825/1685/1811
f 816/1827/1937 581/1818/1814 831/1828/1938
f 1011/1458/1573 944/1604/1779 957/1459/1574
f 797/1609/1755 813/1490/1599 1193/1489/1598
f 588/1660/1781 554/1409/1550 584/1628/1742
f 1057/1608/1844 1185/1610/1719 797/1609/1755
f 1047/1829/1939 1169/1830/1904 605/1831/1940
f 1035/1454/1569 1048/1618/1095 1044/1619/1095
f 1045/1566/1668 598/1832/1941 1166/1439/1548
f 580/1833/1942 1029/1491/1600 1032/1693/1821
f 546/1834/1943 545/1822/1934 934/1477/1588
f 598/1832/1941 599/1700/1829 1166/1439/1548
f 629/1728/1852 811/1688/1819 1077/1664/1806
f 538/1835/1944 576/1836/1944 933/1837/1944
f 784/1551/1095 547/1811/1095 1048/1618/1095
f 623/1747/1558 1069/1445/1558 832/1733/1558
f 1065/1447/1562 1082/1449/1564 1190/1442/1731
f 953/1805/1920 569/1759/1877 937/1838/1945
f 933/1494/1946 1066/1496/1805 1183/1495/1603
f 761/1833/1947 1102/1693/1948 1099/1491/1949
f 1186/1520/1625 1068/1463/1576 1015/1480/1591
f 1028/1502/1611 1026/1584/1691 1073/1586/1693
f 1135/1447/1701 1260/1442/1556 1160/1449/1702
f 826/1709/1838 2211/1770/1887 2245/1771/1838
f 820/1594/1722 523/1476/1950 803/1474/1723
f 1100/1716/1732 1240/1562/1732 724/1470/1732
f 941/1839/1951 949/1840/1952 1195/1622/1736
f 723/1841/1953 1259/1425/1523 877/1424/1522
f 1059/1547/1769 933/1842/1954 1183/1548/1653
f 768/1603/1787 553/1627/1741 854/1602/1955
f 611/1498/1916 604/1843/1956 610/1844/1957
f 783/1499/1607 920/1763/1958 917/1497/1605
f 949/1840/1952 814/1797/1910 1195/1622/1736
f 561/1845/1959 562/1846/1960 564/1552/1655
f 1022/1847/1961 947/1418/1907 1074/1419/1962
f 782/1755/1963 867/1557/1964 864/1666/1965
f 959/1848/1966 532/1806/1921 946/1849/1967
f 1058/1538/1643 805/1570/1672 1188/1433/1542
f 830/1850/1968 578/1851/1969 828/1528/1635
f 599/1649/1970 788/1650/1970 787/1852/1971
f 578/1853/1972 1034/1646/1764 1031/1645/1763
f 1066/1496/1805 825/1685/1811 1183/1495/1603
f 1012/1652/1908 1021/1672/1797 1081/1526/1909
f 835/1854/1973 537/1816/1930 833/1855/1974
f 569/1616/1728 615/1714/1841 540/1856/1975
f 1239/1581/1688 1122/1636/1732 1119/1635/1732
f 993/1652/1772 1159/1526/1771 1002/1672/1976
f 575/1543/1648 826/1709/1838 1194/1698/1840
f 956/1857/1977 1033/1858/1978 943/1859/1979
f 618/1815/1928 584/1628/1742 614/1632/1748
f 618/1815/1928 789/1752/1869 1172/1661/1782
f 1079/1461/1576 870/1708/1576 1061/1462/1577
f 825/1685/1980 807/1860/1980 1183/1495/1980
f 959/1848/1966 1038/1504/1095 624/1550/1095
f 566/1423/1534 1056/1767/1886 540/1861/1875
f 560/1803/1915 1054/1450/1565 541/1422/1532
f 954/1468/1095 576/1605/1095 1178/1469/1095
f 739/1675/1981 915/1862/1982 914/1854/1983
f 949/1840/1952 934/1477/1588 1192/1479/1590
f 952/1713/1678 951/1563/1666 1175/1711/1095
f 818/1750/1867 2216/1863/1906 2247/1864/1984
f 838/1497/1880 928/1772/1889 1180/1753/1888
f 551/1626/1740 834/1620/1733 1085/1537/1642
f 1249/1629/1985 764/1631/1985 772/1630/1985
f 577/1493/1601 802/1507/1614 525/1471/1614
f 859/1559/1662 1158/1615/1986 750/1616/1987
f 1009/1683/1809 955/1801/1913 1023/1814/1924
f 1009/1683/1809 1024/1865/1988 1083/1684/1810
f 785/1606/1095 1037/1699/1095 1178/1469/1095
f 930/1866/1989 537/1867/1930 816/1868/1937
f 970/1604/1714 1162/1503/1990 992/1458/1712
f 1052/1636/1095 1041/1813/1095 1050/1671/1796
f 1014/1500/1743 939/1482/1593 563/1481/1592
f 613/1440/1549 551/1739/1860 1167/1784/1857
f 1036/1800/1095 538/1869/1991 1177/1789/1899
f 1047/1870/1992 605/1657/1777 612/1656/1776
f 606/1487/1813 605/1721/1846 1169/1871/1993
f 1027/1460/1575 1028/1502/1611 1011/1458/1573
f 1013/1802/1914 931/1872/1994 1054/1450/1565
f 1429/1873/1995 1392/1874/1996 1430/1875/1995
f 885/1456/1997 746/1455/1998 898/1457/1999
f 1425/1876/2000 1301/1877/2000 1305/1878/2000
f 792/1510/1615 534/1734/1873 529/1804/2001
f 962/1585/1747 1161/1684/2002 990/1683/2003
f 729/1819/2004 978/1573/2005 968/1514/1619
f 1117/1829/2006 842/1831/2007 1233/1830/2008
f 1160/1449/1702 1260/1442/1556 1129/1547/1652
f 1108/1504/1732 985/1848/2009 861/1550/1732
f 1057/1608/1844 938/1669/1792 1185/1610/1719
f 856/1625/2010 722/1524/2011 741/1744/2012
f 778/1701/2013 780/1700/2014 840/1702/2015
f 975/1840/2016 728/1834/2017 967/1839/2018
f 1162/1696/1824 756/1543/2019 1098/1541/2020
f 872/1820/2021 740/1795/2022 896/1796/1906
f 617/1602/1710 640/1589/1696 553/1627/1741
f 1132/1451/2023 1124/1450/2024 997/1421/1519
f 706/1471/2025 724/1655/2026 980/1473/1631
f 524/1599/1707 570/1411/1552 568/1410/1551
f 1026/1584/1691 1027/1460/1575 955/1801/1913
f 974/1478/2027 1262/1479/2028 892/1490/2029
f 765/1628/2030 751/1411/1506 735/1409/1504
f 1234/1601/2031 854/1602/1955 868/1611/2032
f 915/1862/1982 848/1498/1606 919/1772/2033
f 1157/1461/1576 870/1708/1576 626/1707/1837
f 1148/1428/2034 1261/1614/2035 871/1510/2036
f 1007/1879/2037 796/1880/2038 1008/1881/2039
f 1010/1452/1567 1007/1553/1656 1008/1453/1568
f 1063/1429/1530 839/1882/2040 1075/1430/1531
f 1144/1496/1604 904/1685/1811 1257/1637/1753
f 1000/1578/2041 984/1663/2042 1001/1662/2043
f 1269/1883/2044 1267/1884/2045 1268/1885/2046
f 1114/1619/1732 1156/1643/1732 764/1564/1732
f 755/1583/1690 1120/1671/2047 1239/1581/1688
f 550/1621/2048 534/1734/2049 1085/1537/2050
f 1269/1883/2044 1322/1886/2051 1270/1887/2052
f 836/1862/2053 557/1408/1539 588/1660/1781
f 925/1477/2054 1262/1479/2028 974/1478/2027
f 581/1818/1814 582/1817/1931 528/1888/2055
f 1165/1889/2056 1379/1890/2057 1164/1891/2056
f 1005/1865/2058 1152/1419/2059 1003/1847/2060
f 745/1552/2061 988/1553/2062 743/1846/2063
f 619/1625/1739 591/1613/1724 620/1743/1853
f 995/1500/1608 744/1481/2064 965/1482/1609
f 824/1892/1760 526/1467/1581 573/1466/1580
f 892/1490/2029 1262/1479/2028 893/1797/2065
f 800/1893/2066 2256/1894/2067 2252/1895/2068
f 889/1521/2069 1146/1463/1576 1157/1461/1576
f 1125/1516/1621 874/1623/2070 1265/1622/2071
f 979/1805/2072 963/1838/2073 750/1759/2074
f 1072/1727/2075 945/1546/1651 571/1545/1650
f 756/1543/2019 1264/1698/1826 905/1709/1838
f 975/1840/2016 1262/1479/2028 925/1477/2054
f 577/1493/1822 1030/1654/1774 579/1694/1823
f 1157/1461/1576 1131/1462/1577 870/1708/1576
f 640/1589/1696 854/1602/1955 553/1627/1741
f 850/1440/2076 1231/1784/2077 733/1739/2078
f 1078/1643/1095 1010/1452/1567 1035/1454/1569
f 1000/1578/2041 1150/1580/2079 971/1579/2080
f 1106/1800/1732 1245/1789/2081 719/1869/2082
f 855/1815/2083 1236/1661/1926 867/1752/2084
f 2204/1612/1721 899/1594/1703 2205/1896/2085
f 1254/1520/1625 1146/1463/1576 889/1521/2069
f 1001/1662/2043 1002/1672/1976 1000/1578/2041
f 994/1802/2086 744/1481/2064 741/1803/2087
f 547/1819/1932 546/1834/1943 941/1839/1951
f 759/1851/2088 909/1850/2089 907/1528/2090
f 1102/1785/1732 761/1787/2091 1247/1786/1732
f 720/1897/2092 979/1617/2093 1158/1615/1986
f 1003/1847/2060 987/1726/2094 1004/1814/2095
f 741/1744/2012 857/1743/2096 856/1625/2010
f 2244/1745/1864 907/1528/2090 2220/1529/1636
f 862/1551/1732 726/1794/1732 861/1550/1732
f 894/1535/2097 1163/1537/2098 636/1536/1641
f 716/1431/2099 914/1854/1983 738/1408/1503
f 981/1801/2100 1111/1813/1732 1106/1800/1732
f 869/1710/2101 1264/1698/1826 970/1697/1825
f 1080/1615/1727 614/1632/1748 622/1559/1749
f 870/1708/1576 1131/1462/1577 2250/1812/1577
f 905/1709/1838 1264/1698/1826 869/1710/2101
f 1112/1560/1732 760/1561/1732 1247/1786/1732
f 998/1758/2102 1148/1428/2034 1133/1429/2103
f 1125/1516/1621 1266/1515/1620 874/1623/2070
f 1163/1537/2098 894/1535/2097 715/1734/2104
f 849/1438/2105 1230/1439/2106 1115/1566/2107
f 750/1759/2074 963/1838/2073 998/1758/2102
f 914/1854/1983 718/1816/2108 739/1675/1981
f 761/1833/1947 1259/1425/1523 723/1841/1953
f 729/1819/2004 967/1839/2018 728/1834/2017
f 860/1898/2109 1104/1646/2110 1113/1644/2111
f 1299/1899/2112 1285/1900/2113 1300/1901/2112
f 868/1611/2032 730/1587/2114 844/1577/2115
f 759/1853/2116 1104/1646/2110 1103/1858/2117
f 841/1843/2118 848/1498/1606 847/1844/2119
f 1017/1758/1876 1063/1429/1530 1070/1428/1529
f 1102/1693/1948 760/1694/2120 758/1493/2121
f 1107/1699/1732 724/1470/1732 1240/1562/1732
f 1236/1661/1926 855/1815/2083 769/1660/1927
f 297/1464/2122 392/1412/2123 678/1256/1297
f 974/1478/2027 892/1490/2029 1263/1489/2124
f 1157/1461/1576 1146/1463/1576 1131/1462/1577
f 2218/1508/1601 881/1507/1614 2202/1509/1614
f 706/1471/2025 980/1473/1631 1006/1472/1630
f 991/1452/2125 1105/1454/2126 989/1453/2127
f 996/1480/1795 965/1482/1609 744/1481/2064
f 1123/1565/1732 1114/1619/1732 764/1564/1732
f 705/1599/2128 751/1411/1506 736/1518/2129
f 732/1621/1856 1163/1537/2130 715/1734/1854
f 1156/1643/1732 734/1554/2131 764/1564/1732
f 775/1674/2132 739/1675/1981 763/1817/2133
f 789/1557/1661 601/1755/1872 786/1666/1789
f 1129/1547/1652 719/1653/2134 1160/1449/1702
f 1148/1428/2034 871/1510/2036 1153/1430/2135
f 1161/1465/2136 707/1467/2137 754/1466/2138
f 1246/1469/1732 863/1606/1732 757/1605/1732
f 733/1626/2139 1163/1537/2098 913/1620/2140
f 1160/1788/2141 1120/1671/2047 755/1583/1690
f 742/1845/2142 743/1846/2063 740/1902/2143
f 911/1733/1558 2209/1732/1558 2207/1695/1558
f 842/1721/2144 777/1488/1597 843/1487/1596
f 889/1521/2069 708/1501/1788 1254/1520/1625
f 1005/1567/2145 1161/1465/2136 754/1466/2138
f 971/1546/2146 878/1756/2147 972/1903/2148
f 772/1613/2149 734/1554/2131 745/1552/2061
f 1144/1496/1604 1257/1637/1753 1006/1472/1630
f 975/1840/2016 1265/1622/2071 893/1797/2065
f 908/1426/1524 1250/1492/1524 906/1782/1601
f 778/1740/2150 1115/1742/2151 779/1741/2151
f 998/1758/2102 721/1757/2152 750/1759/2074
f 1243/1596/2153 1109/1680/1732 1110/1597/1732
f 1254/1520/1625 965/1482/1609 996/1480/1795
f 714/1717/2154 1233/1719/2154 843/1718/2154
f 962/1764/2155 707/1467/2137 1161/1465/2136
f 1295/1904/2156 1290/1905/2157 1289/1906/2158
f 1234/1601/2031 1235/1691/2159 768/1603/1787
f 885/1456/1997 749/1595/1704 705/1907/2160
f 1039/1680/1095 1041/1813/1095 1052/1636/1095
f 976/1761/2161 1233/1793/2008 714/1792/2162
f 1291/1908/2163 1294/1909/1893 1292/1910/2163
f 1118/1618/1732 1123/1565/1732 1241/1711/1732
f 1157/1461/1576 626/1707/1837 889/1521/2069
f 1254/1520/1625 996/1480/1795 1146/1463/1576
f 2221/1575/1680 880/1574/2164 2210/1576/1681
f 1022/1847/1961 1023/1814/1924 961/1726/1850
f 753/1505/2165 1108/1504/1732 725/1506/1732
f 992/1458/1712 1097/1460/2166 983/1459/1713
f 1420/1911/2167 1138/1912/141 1139/1913/141
f 1145/1607/1827 908/1426/1524 1259/1425/1523
f 1393/1914/2168 1392/1874/1996 1391/1915/2169
f 1093/1916/2170 1282/1917/2171 1092/1918/2170
f 756/1543/2019 1162/1696/1824 1264/1698/1826
f 638/1592/1699 1163/1537/2098 717/1591/2172
f 752/1545/2173 883/1544/2174 971/1546/2146
f 1105/1454/2126 1114/1619/1732 1118/1618/1732
f 580/1833/1942 1189/1425/1554 1067/1607/1716
f 726/1822/2175 974/1478/2027 966/1738/2176
f 907/1528/2090 2198/1527/1634 2220/1529/1636
f 775/1690/2177 1235/1691/2159 847/1531/2178
f 1105/1454/2126 713/1806/2179 989/1453/2127
f 1127/1608/1717 725/1720/2180 966/1738/2176
f 1105/1454/2126 1156/1643/1732 1114/1619/1732
f 964/1669/2181 1253/1610/1719 1134/1432/2182
f 2255/1919/2183 1060/1920/2184 2196/1921/2184
f 1003/1847/2060 1152/1419/2059 973/1418/1770
f 1250/1492/1524 758/1493/1601 906/1782/1601
f 539/1735/1919 534/1734/2049 550/1621/2048
f 810/1521/1626 527/1501/1788 1196/1515/1754
f 1110/1597/1732 984/1663/2042 1108/1504/1732
f 881/1507/1614 1257/1637/1753 904/1685/1811
f 864/1762/2185 917/1497/1605 920/1763/1958
f 1002/1670/2186 752/1545/1659 1150/1727/2187
f 987/1726/2094 1110/1597/1732 1109/1680/1732
f 1099/1491/1949 758/1493/1601 1250/1492/1524
f 733/1739/2078 918/1415/1510 850/1440/2076
f 1134/1432/2182 1258/1433/1542 999/1640/2188
f 1313/1922/2189 1428/1923/2189 1309/1924/2189
f 997/1421/1519 923/1766/2190 1132/1451/2023
f 966/1738/2176 1263/1489/2124 1127/1608/1717
f 1091/1925/171 1295/1904/2156 1090/1926/171
f 1149/1723/2191 1248/1725/2191 1116/1724/2191
f 1370/1927/2192 1372/1928/2193 1369/1929/2192
f 1099/1491/1949 1250/1492/1524 1145/1607/1827
f 708/1501/1788 965/1482/1609 1254/1520/1625
f 857/1743/2096 1249/1760/2194 772/1613/2149
f 874/1623/2070 1266/1515/1620 889/1521/2069
f 518/1665/1786 1155/1664/1785 629/1728/1852
f 1231/1736/2077 1117/1737/2195 717/1591/2172
f 983/1459/1713 863/1606/1732 1107/1699/1732
f 1127/1608/1717 1263/1489/2124 876/1609/1718
f 1284/1930/2196 1313/1931/2197 1309/1932/2198
f 1109/1680/1732 1004/1814/2095 987/1726/2094
f 610/1844/1957 589/1676/1803 611/1498/1916
f 852/1714/2199 750/1616/1987 721/1856/2200
f 2213/1769/1760 887/1768/1887 2211/1770/1887
f 1232/1659/1925 1149/1751/2201 1236/1661/1926
f 569/1759/1877 1017/1758/1876 937/1838/1945
f 1100/1654/2202 706/1471/2025 758/1493/2121
f 888/1748/2203 743/1749/2204 988/1879/2205
f 982/1857/2206 1103/1858/2117 1104/1646/2110
f 535/1431/1540 835/1854/1973 833/1855/1974
f 713/1933/2207 875/1880/2208 989/1881/2209
f 1004/1814/2095 1005/1865/2058 1003/1847/2060
f 1168/1659/1780 836/1862/2053 588/1660/1781
f 539/1897/2210 1080/1615/1727 953/1617/1729
f 629/1728/1852 1155/1664/1785 890/1688/2211
f 1122/1636/1732 1109/1680/1732 1119/1635/1732
f 731/1706/2212 1119/1635/1732 1243/1596/2153
f 936/1764/1883 526/1467/1581 1073/1542/2213
f 1118/1618/1732 1241/1711/1732 729/1811/1732
f 1109/1680/1732 1122/1636/1732 1111/1813/1732
f 1024/1567/1669 1074/1934/2214 573/1466/1580
f 1149/1751/2201 919/1772/2033 1248/1753/2215
f 984/1663/2042 1000/1578/2041 971/1579/2080
f 781/1790/2216 1248/1667/2217 1116/1791/2216
f 590/1624/1738 564/1552/1655 591/1613/1724
f 525/1471/1614 802/1507/1614 1187/1637/1753
f 1369/1929/2192 1377/1511/1616 1370/1927/2192
f 998/1758/2102 1261/1614/2035 1148/1428/2034
f 853/1523/2218 747/1522/2219 722/1524/2011
f 895/1827/2220 762/1818/2221 718/1816/2108
f 1100/1716/1732 760/1561/1732 1240/1562/1732
f 968/1514/1619 978/1573/2005 708/1501/1610
f 729/1811/1732 862/1551/1732 1118/1618/1732
f 977/1563/2222 764/1564/1732 1249/1760/2194
f 943/1935/2223 830/1850/1968 812/1936/2224
f 975/1840/2016 893/1797/2065 1262/1479/2028
f 849/1656/2225 1115/1658/2226 842/1657/2227
f 916/1417/1512 850/1440/2076 918/1415/1510
f 915/1862/1982 738/1408/1503 914/1854/1983
f 708/1712/1610 977/1563/2222 995/1731/1608
f 1417/1937/2228 1416/1938/2229 1415/1939/2229
f 1298/1940/2230 1305/1941/2231 1301/1942/2231
f 1098/1541/2020 756/1543/2019 1151/1542/2232
f 725/1943/2233 964/1944/2233 753/1945/2233
f 769/1660/1927 735/1409/1504 738/1408/1503
f 1128/1538/2234 1252/1540/2235 926/1539/2236
f 1147/1445/1558 860/1747/1558 911/1733/1558
f 1015/1480/1591 1060/1920/2184 1013/1802/1914
f 844/1577/2115 714/1946/2237 843/1487/1596
f 1272/1947/2238 1268/1885/2046 1267/1884/2045
f 1239/1581/1688 1119/1635/1732 731/1706/2212
f 623/1898/2239 1034/1646/1764 956/1857/1977
f 744/1729/2096 995/1731/1608 1154/1730/1732
f 767/1703/2240 748/1598/2241 773/1704/2242
f 1037/1699/1095 1042/1560/1095 1174/1562/1095
f 1058/1538/1643 1184/1540/1645 805/1570/1672
f 1156/1643/1732 991/1452/2125 734/1554/2131
f 1166/1439/1548 599/1700/1829 613/1440/1549
f 976/1948/2161 1117/1949/2006 1233/1950/2008
f 732/1556/2243 867/1557/1964 845/1951/2244
f 754/1484/2138 873/1483/1594 712/1485/1594
f 1100/1654/2202 724/1655/2026 706/1471/2025
f 967/1839/2018 1265/1622/2071 975/1840/2016
f 986/1549/2245 861/1550/1732 985/1848/2009
f 988/1879/2205 875/1880/2208 888/1748/2203
f 868/1611/2032 846/1774/2246 1234/1601/2031
f 978/1713/2005 1241/1711/1732 977/1563/2222
f 774/1517/1664 736/1518/2129 751/1411/1506
f 866/1571/2247 783/1499/1607 841/1843/2118
f 2216/1863/1906 897/1750/2248 2247/1864/1984
f 884/1570/2249 1258/1433/1542 900/1434/1543
f 1082/1788/1898 1177/1789/1899 538/1869/1991
f 904/1685/2250 1251/1495/2250 886/1860/2250
f 1032/1785/1095 579/1561/1095 1179/1786/1095
f 1128/1538/2234 884/1570/2249 1252/1540/2235
f 1393/1914/2168 1420/1911/2167 1394/1952/2168
f 741/1803/2087 1124/1450/2024 994/1802/2086
f 980/1468/1732 1246/1469/1732 757/1605/1732
f 990/1683/2003 1004/1814/2095 981/1801/2100
f 970/1604/1714 1101/1645/2251 759/1853/2116
f 973/1418/1513 712/1420/1515 1159/1526/1658
f 850/1440/2076 849/1438/2252 1231/1784/2077
f 778/1722/2253 776/1486/1595 777/1488/1597
f 1036/1800/1095 576/1605/1095 538/1869/1991
f 842/1778/2254 1115/1780/2254 778/1779/2254
f 712/1485/1594 901/1668/2255 752/1545/2173
f 917/1497/1605 1248/1753/2215 919/1772/2033
f 1160/1788/2141 719/1869/2082 1245/1789/2081
f 991/1452/2125 989/1453/2127 988/1553/2062
f 917/1497/1605 1121/1953/2256 1248/1753/2215
f 843/1487/1596 1233/1871/2257 842/1721/2144
f 757/1525/1632 1144/1496/1604 1006/1472/1630
f 1097/1460/2166 1098/1502/2258 1096/1584/1745
f 1117/1870/2259 849/1656/2225 842/1657/2227
f 715/1734/2104 871/1510/2036 710/1804/2260
f 1158/1615/1986 859/1559/1662 851/1632/2261
f 1002/1672/1976 1150/1580/2079 1000/1578/2041
f 761/1833/1947 1099/1491/1949 1145/1607/1827
f 1102/1785/1732 1247/1786/1732 760/1561/1732
f 1149/1751/2201 867/1752/2084 1236/1661/1926
f 1152/1677/2262 754/1679/2262 712/1678/2262
f 707/1467/2137 903/1892/1760 754/1466/2138
f 969/1935/2263 909/1850/2089 1103/1954/2264
f 1234/1601/2031 846/1774/2246 1235/1691/2159
f 962/1764/2155 1151/1542/2265 707/1467/2137
f 1243/1596/2153 999/1783/2266 731/1706/2212
f 852/1714/2199 773/1704/2242 766/1519/1663
f 1115/1566/2107 1230/1439/2106 779/1832/2267
f 2251/1568/1670 898/1457/1999 2212/1569/1671
f 1241/1711/1732 1123/1565/1732 977/1563/2222
f 717/1591/2172 1117/1737/2195 976/1761/2268
f 872/1765/2269 746/1455/1998 711/1955/2270
f 1156/1643/1732 1105/1454/2126 991/1452/2125
f 2255/1919/2183 1130/1920/2184 922/1872/2271
f 762/1818/2221 709/1888/2272 763/1817/2133
f 1135/1447/1701 1252/1540/2235 902/1443/1557
f 1017/1758/1876 1070/1428/1529 1191/1614/1725
f 758/1493/2121 760/1694/2120 1100/1654/2202
f 1130/1920/2184 996/1480/1795 994/1802/2086
f 994/1802/2086 922/1872/2271 1130/1920/2184
f 1005/1567/2145 754/1466/2138 1152/1934/2273
f 706/1471/1614 1257/1637/1753 881/1507/1614
f 1150/1727/2274 752/1545/2173 971/1546/2146
f 1107/1699/1732 1240/1562/1732 1112/1560/1732
f 734/1554/2131 991/1452/2125 988/1553/2062
f 1133/1429/2103 1153/1430/2135 839/1882/2040
f 1125/1516/1621 1265/1622/2071 967/1839/2018
f 580/1833/1942 1067/1607/1716 1029/1491/1600
f 847/1844/2119 770/1676/2275 775/1674/2132
f 1098/1502/2258 1151/1586/1746 1096/1584/1745
f 1127/1608/1717 1253/1610/1719 964/1669/2181
f 758/1493/1601 881/1507/1614 906/1782/1601
f 578/1851/1969 791/1710/1839 828/1528/1635
f 1155/1664/1785 709/1692/2276 890/1688/2211
f 627/1773/1890 1153/1430/2135 871/1510/2036
f 913/1682/2277 845/1681/2278 918/1415/1510
f 779/1832/2267 1230/1439/2106 780/1700/2014
f 1384/1956/2279 1140/1957/2280 1141/1958/2280
f 916/1754/2281 864/1666/1965 920/1959/2281
f 1231/1784/2077 849/1438/2252 1117/1823/2195
f 1129/1547/1652 1251/1548/1653 924/1842/2282
f 1285/1900/2113 1278/1960/2283 1279/1961/2284
f 1006/1472/1630 1257/1637/1753 706/1471/1614
f 980/1468/1732 724/1470/1732 1246/1469/1732
f 1113/1644/2111 1247/1786/1732 761/1787/2091
f 985/1848/2009 713/1806/2179 986/1549/2245
f 974/1478/2027 1263/1489/2124 966/1738/2176
f 900/1808/2285 1253/1810/2285 876/1809/2285
f 1106/1800/1732 1097/1460/2166 981/1801/2100
f 1249/1760/2194 857/1743/2096 1154/1730/1732
f 1128/1538/2234 1258/1433/1542 884/1570/2249
f 992/1458/1712 1162/1503/1990 1098/1502/2258
f 986/1549/2245 1118/1618/1732 862/1551/1732
f 515/1590/1922 714/1792/2162 628/1807/1922
f 2215/1798/1911 893/1797/2065 2248/1799/1912
f 2218/1508/1601 829/1426/1524 2214/1962/1524
f 725/1506/1732 861/1550/1732 726/1794/1732
f 858/1715/2286 767/1703/2240 773/1704/2242
f 1287/1963/2287 1290/1905/2157 1288/1964/2288
f 718/1816/2108 763/1817/2133 739/1675/1981
f 863/1606/1732 1246/1469/1732 1107/1699/1732
f 1055/1516/1735 941/1839/1951 1195/1622/1736
f 544/1943/2289 572/1945/2289 938/1944/2289
f 747/1423/1521 1126/1767/2290 997/1421/1519
f 1283/1965/2291 1277/1966/2292 1276/1967/2293
f 878/1756/2147 713/1933/2207 972/1903/2148
f 773/1704/2242 736/1518/2129 766/1519/1663
f 728/1834/2017 925/1477/2054 726/1822/2175
f 1232/1659/1925 769/1660/1927 915/1862/1982
f 908/1426/1524 2218/1508/1601 2214/1962/1524
f 552/1554/1657 1007/1553/1656 1010/1452/1567
f 1147/1445/1558 2207/1695/1558 2249/1533/1558
f 880/1574/2164 912/1968/2294 716/1475/1586
f 1155/1664/1785 763/1705/2295 709/1692/2276
f 1149/1969/2296 1116/1791/2296 1248/1667/2296
f 1274/1970/2297 1086/1971/2298 1087/1972/2298
f 981/1801/2100 962/1585/1747 990/1683/2003
f 771/1624/2299 745/1552/2061 742/1845/2142
f 1151/1973/2300 756/1835/2300 707/1974/2300
f 2256/1894/2067 879/1893/2301 2252/1895/2068
f 719/1835/2302 924/1837/2302 757/1836/2302
f 1425/1975/2303 1421/1976/2304 1426/1977/2303
f 746/1600/2305 737/1647/2306 711/1648/2307
f 1155/1664/1785 775/1690/2177 763/1705/2295
f 726/1822/2175 966/1738/2176 725/1720/2180
f 1282/1917/2171 1279/1961/2284 1278/1960/2283
f 1287/1963/2287 1316/1978/2308 1315/1979/2308
f 1125/1516/1621 729/1819/2004 968/1514/1619
f 1154/1730/1732 995/1731/1608 977/1563/2222
f 768/1603/1787 775/1690/2177 1155/1664/1785
f 762/1687/2221 890/1688/2309 709/1692/2272
f 1096/1584/1745 981/1801/2100 1097/1460/2166
f 1122/1636/1732 1120/1671/2047 1111/1813/1732
f 1380/1980/2310 1387/1824/1935 1381/1981/2310
f 759/1851/2088 869/1710/2101 970/1697/1825
f 856/1625/2010 772/1613/2149 771/1624/2299
f 1239/1581/1688 1120/1671/2047 1122/1636/1732
f 1297/1982/2230 1291/1908/2163 1292/1910/2163
f 876/1609/1718 1263/1489/2124 892/1490/2029
f 723/1983/2311 1113/1644/2111 761/1787/2091
f 1322/1984/2312 1432/1985/2312 1431/1986/2312
f 897/1750/2248 740/1795/2022 743/1749/2204
f 1128/1538/2234 731/1686/2313 999/1640/2188
f 1111/1813/1732 1245/1789/2081 1106/1800/1732
f 1232/1659/1925 915/1862/1982 919/1772/2033
f 902/1443/1557 1252/1540/2235 884/1570/2249
f 1002/1670/2186 1159/1555/1658 752/1545/1659
f 867/1557/1964 1248/1667/2314 864/1666/1965
f 1230/1439/2106 850/1440/2076 780/1700/2014
f 990/1683/2003 1161/1684/2002 1005/1865/2058
f 921/1866/2315 718/1867/2108 912/1968/2294
f 1106/1800/1732 757/1605/1732 863/1606/1732
f 999/1640/2188 1258/1433/1542 1128/1538/2234
f 1418/1987/2228 1136/1988/2316 1137/1989/2316
f 1079/1461/1576 810/1521/1626 626/1707/1837
f 1023/1814/1924 1024/1865/1988 1009/1683/1809
f 532/1933/2317 796/1880/2038 800/1893/2066
f 1024/1865/1988 1022/1847/1961 1074/1419/1962
f 1057/1608/1844 797/1609/1755 1193/1489/1598
f 594/1690/1817 610/1531/2318 1171/1691/1818
f 1173/1581/1752 549/1706/1836 1049/1635/1095
f 542/1746/1558 832/1733/1558 798/1990/1558
f 949/1840/1952 1192/1479/1590 814/1797/1910
f 1043/1644/1762 580/1787/1897 1179/1786/1095
f 802/1507/1614 825/1685/1811 1187/1637/1753
f 1035/1454/1569 1044/1619/1095 1078/1643/1095
f 1065/1447/1562 1190/1442/1731 823/1443/1730
f 950/1948/1902 1169/1950/1904 1047/1949/1939
f 948/1478/1589 940/1738/1859 1193/1489/1598
f 1064/1432/1541 1018/1640/1758 1188/1433/1542
f 948/1478/1589 545/1822/1934 940/1738/1859
f 949/1840/1952 546/1834/1943 934/1477/1588
f 1067/1607/1716 1189/1425/1554 829/1426/1524
f 1181/1760/1878 1076/1730/1095 620/1743/1853
f 574/1583/2319 1173/1581/1752 1050/1671/1796
f 801/1574/1679 833/1968/2320 930/1866/1989
f 1093/1916/2170 1210/1917/2321 1209/1991/2322
f 1219/1908/2323 1225/1982/2324 1220/1910/2323
f 1091/1925/171 1223/1904/2325 1224/1992/2326
f 1330/1929/2327 1339/1511/2328 1337/1993/2329
f 1073/1973/2330 526/1974/2330 575/1835/2330
f 836/1862/2053 558/1675/1802 835/1854/1973
f 1207/1960/2331 1213/1900/2332 1208/1961/2333
f 533/1946/2334 607/1577/1683 606/1487/1813
f 1055/1516/1735 547/1819/1932 941/1839/1951
f 1071/1969/2335 1180/1667/2335 1046/1791/2335
f 1142/1512/1617 1339/1511/2328 1143/1513/1618
f 1086/1971/2298 1203/1970/2336 1087/1972/2298
f 1089/1775/1892 1221/1776/2337 1222/1909/2337
f 1344/1980/2338 1352/1824/2339 1350/1994/2340
f 1199/1883/2341 1312/1886/2342 1311/1995/2342
f 1136/1988/2316 1364/1987/2343 1137/1989/2316
f 1396/1825/2344 1352/1824/2339 1395/1826/2344
f 1307/1922/2345 1396/1923/2345 1395/1996/2345
f 1165/1889/2056 1342/1890/2346 1341/1997/2347
f 1357/1874/2348 1358/1914/2349 1355/1915/2350
f 1376/1975/2351 1367/1976/2352 1368/1998/2353
f 1229/1877/2354 1376/1876/2354 1304/1878/2354
f 1331/1927/2355 1333/1928/2356 1332/1999/2357
f 1400/1985/2358 1312/1984/2358 1399/1986/2358
f 929/1763/1882 602/1499/1674 838/1497/1880
f 1378/1997/2359 1381/1981/2310 1379/1890/2057
f 1388/1436/1545 1382/2000/2360 1383/2001/2361
f 1423/2002/2362 1299/2003/2362 1300/2004/2362
f 1267/2005/2363 1377/2006/2364 1272/2007/2365
f 1382/2000/2360 1384/1956/2279 1383/2001/2361
f 1371/1999/2366 1432/2008/2367 1372/1928/2193
f 871/1510/2036 1261/1614/2035 710/1804/2260
f 919/1772/2033 1149/1751/2201 1232/1659/1925
f 720/1897/2092 1158/1615/1986 851/1632/2261
f 1416/1938/2229 1422/1998/2368 1415/1939/2229
f 1429/2009/2369 1315/2010/2369 1316/2011/2369
f 1612/2012/2370 1682/2013/2371 1684/2014/2372
f 963/1838/2073 710/1804/2260 1261/1614/2035
f 1280/2015/2373 1382/2016/2374 1279/2017/2375
f 1095/2018/2376 1272/1947/2238 1094/2019/2377
f 1276/1967/2293 1275/2020/2297 1274/1970/2297
f 1142/2021/2378 1273/2022/2379 1095/2023/2378
f 1255/2024/2380 1615/2025/2381 1619/2026/2382
f 1617/2027/2383 1690/2028/2384 1686/2029/2383
f 1383/2030/2385 1282/2031/2386 1278/2032/2387
f 1270/2033/2388 1370/2034/2389 1267/2035/2363
f 1604/2036/2390 1438/2037/2391 1512/2038/2392
f 1087/2039/636 1379/2040/2393 1274/2041/2394
f 1614/2042/2395 1242/2043/2396 1624/2044/2397
f 1277/2045/2398 1386/2046/2399 1380/2047/2400
f 1090/2048/2401 1420/2049/2402 1139/2050/2401
f 1372/2051/2403 1317/2052/2404 1269/2053/2405
f 1278/2032/2387 1388/2054/2406 1383/2030/2385
f 1617/2055/2407 1505/2056/2408 1622/2057/2409
f 1599/2058/2410 1504/2059/2411 1503/2060/2412
f 1623/2061/2413 1607/2062/2414 1501/2063/2414
f 1255/2064/2415 1510/2065/2416 1281/2066/2417
f 1428/2067/2418 1284/2068/2419 1309/2069/2418
f 1623/2061/2413 1238/2070/2420 1613/2071/2421
f 1605/2072/2422 1505/2056/2408 1514/2073/2423
f 1506/2074/2424 1600/2075/2425 1601/2076/2426
f 1690/2028/2384 1499/2077/2383 1686/2029/2383
f 1613/2071/2421 1256/2078/2427 1614/2042/2395
f 1392/2079/2428 1289/2080/2429 1287/2081/2430
f 1688/2082/2431 1437/2083/2431 1683/2084/2431
f 1679/2085/2432 1242/2086/2433 1303/2087/2434
f 1680/2088/2431 1237/2089/2431 1623/2090/2431
f 1285/2091/2435 1423/2092/2436 1300/2093/2437
f 1435/2094/2438 1676/2095/2439 1625/2096/2440
f 1430/2097/2441 1287/2081/2430 1315/2098/2441
f 1168/1659/1780 928/1772/1889 836/1862/2053
f 542/1841/2442 798/1424/1553 1189/1425/1554
f 1227/1899/2443 1213/1900/2332 1214/2099/2444
f 1218/1905/2445 1223/1904/2325 1217/1906/2446
f 1197/1884/2447 1199/1883/2341 1198/1885/2448
f 1208/1961/2333 1210/1917/2321 1207/1960/2331
f 1362/1938/2449 1363/1937/2343 1360/1939/2449
f 1310/1978/2450 1215/1963/2451 1308/1979/2450
f 1076/1730/1095 951/1563/1666 1014/1731/1743
f 527/1501/1788 1186/1520/1625 939/1482/1593
f 1206/1966/2452 1211/1965/2453 1205/1967/2454
f 838/1497/1880 1180/1753/1888 1051/1953/2455
f 1307/1931/2456 1212/1930/2457 1306/1932/2458
f 1140/1957/2280 1348/1956/2459 1141/1958/2280
f 942/1514/1676 1196/1515/1754 527/1501/1788
f 532/1933/2317 799/1756/1874 946/1903/2460
f 1198/1885/2448 1201/1947/2461 1197/1884/2447
f 1219/1908/2323 1222/1909/2337 1221/1776/2337
f 1358/1914/2349 1366/1911/2462 1365/2100/2463
f 1373/1435/2464 1353/1436/2465 1354/2101/2466
f 836/1862/2053 611/1498/1916 589/1676/1803
f 1043/1644/1762 542/1983/2467 580/1787/1897
f 1304/1941/2468 1226/1940/2324 1229/1942/2468
f 1215/1963/2451 1218/1905/2445 1217/1906/2446
f 1397/1873/2469 1357/1874/2348 1355/1915/2350
f 1138/1912/141 1366/1911/2462 1139/1913/141
f 928/1772/1889 1168/1659/1780 1071/1751/1868
f 539/1897/2210 614/1632/1748 1080/1615/1727
f 1346/2000/2470 1348/1956/2459 1349/2102/2471
f 1362/1938/2449 1368/1998/2353 1367/1976/2352
f 1308/2010/2472 1397/2009/2472 1310/2011/2472
f 1332/1999/2357 1400/2008/2473 1399/2103/2473
f 1341/1997/2347 1345/1981/2338 1344/1980/2338
f 1346/2000/2470 1353/1436/2465 1347/2001/2474
f 792/1510/1615 529/1804/2001 1191/1614/1725
f 937/1838/1945 1191/1614/1725 529/1804/2001
f 1346/2016/2475 1209/2015/2476 1208/2017/2477
f 1227/2003/2478 1373/2002/2478 1228/2004/2478
f 1204/2020/2336 1205/1967/2454 1203/1970/2336
f 1095/2018/2376 1201/1947/2461 1202/2104/2479
f 1394/2105/2480 1295/2106/2481 1289/2107/2429
f 1275/2108/2482 1380/2109/2400 1378/2110/2483
f 1297/2111/2484 1425/2112/2485 1305/2113/2485
f 1682/2013/2371 1496/2114/2486 1434/2115/2487
f 1426/2116/2488 1298/2117/2489 1301/2118/2488
f 1511/2119/2490 1244/2120/2491 1271/2121/2492
f 1684/2014/2372 1434/2115/2487 1495/2122/2372
f 1611/2123/2493 1510/2124/2494 1619/2125/2494
f 1680/2088/2431 1501/2126/2431 1688/2082/2431
f 1296/2127/2495 1393/2128/2496 1290/2129/2497
f 1140/2130/636 1280/2131/2498 1093/2132/636
f 1291/2133/2499 1418/2134/2500 1293/2135/2501
f 1690/2028/2384 1621/2136/2502 1689/2137/2503
f 1674/2138/2504 1496/2139/2505 1640/2140/2506
f 1279/2017/2375 1389/2141/2507 1285/2091/2435
f 1282/2142/2508 1141/2143/2401 1092/2144/2401
f 1602/2145/2413 1598/2146/2509 1606/2147/2510
f 1616/2148/2511 1677/2149/2512 1685/2150/2513
f 1290/2151/2497 1391/2152/2514 1288/2153/2515
f 1513/2154/2516 1496/2139/2505 1439/2155/2517
f 1415/2156/2518 1297/2111/2484 1292/2157/2519
f 1433/2158/2506 1509/2159/2414 1602/2145/2413
f 1276/2160/2520 1387/2161/2521 1283/2162/2522
f 1283/2162/2522 1427/2163/2523 1313/2164/2523
f 1272/2007/2365 1143/2165/2524 1094/2166/2524
f 1499/2167/2525 1502/2168/2526 1598/2146/2509
f 1274/2041/2394 1381/2169/2527 1276/2170/2520
f 1495/2171/2528 1513/2154/2516 1435/2094/2438
f 1510/2065/2416 1303/2087/2434 1281/2066/2417
f 1292/2172/2519 1417/2173/2529 1415/2174/2518
f 1091/2175/636 1419/2176/2530 1296/2127/2530
f 1298/2117/2489 1416/2177/2531 1291/2178/2499
f 1510/2065/2416 1687/2179/2532 1679/2085/2432
f 1683/2084/2431 1433/2180/2431 1681/2181/2431
f 1293/2135/2501 1137/2182/2401 1088/2183/2401
f 1288/2153/2515 1429/2184/2533 1316/2185/2533
f 1322/2186/2534 1371/2187/2535 1270/2033/2388
f 1268/2188/2536 1374/2189/2537 1369/2190/2538
f 1424/2191/2539 1286/2192/2540 1299/2193/2541
f 1086/2194/2401 1378/2110/2483 1165/2195/2401
f 1197/2005/2542 1339/2006/2543 1331/2196/2544
f 1491/2013/2545 1463/2012/2546 1493/2014/2547
f 1202/2022/2548 1142/2021/2378 1095/2023/2378
f 1603/2197/2549 1622/2057/2409 1505/2056/2408
f 1466/2025/2381 1255/2024/2380 1470/2026/2550
f 1519/2028/2551 1468/2027/2552 1515/2029/2552
f 1210/2031/2553 1347/2030/2554 1207/2032/2555
f 1412/2126/2431 1489/2088/2431 1517/2082/2431
f 1685/2150/2513 1640/2198/2512 1496/2114/2486
f 1207/2032/2555 1353/2054/2556 1214/2192/2557
f 1358/2128/2558 1224/2127/2559 1218/2129/2560
f 1141/2143/2401 1210/2142/2561 1092/2144/2401
f 1618/2199/2562 1514/2073/2423 1617/2055/2407
f 1137/2182/2401 1221/2135/2563 1088/2183/2401
f 1441/2056/2564 1468/2055/2565 1473/2057/2566
f 1208/2017/2477 1354/2141/2567 1346/2016/2475
f 1206/2045/2568 1350/2046/2569 1212/2068/2570
f 1397/2184/2571 1216/2153/2572 1310/2185/2571
f 1677/2200/2431 1433/2180/2431 1640/2201/2431
f 1225/2111/2573 1360/2156/2574 1220/2157/2575
f 1215/2081/2576 1398/2097/2577 1308/2098/2577
f 1401/2158/2506 1443/2159/2414 1405/2202/2506
f 1203/2041/2578 1345/2169/2579 1342/2040/2580
f 1450/2058/2581 1440/2059/2582 1413/2168/2583
f 1408/2171/2584 1447/2154/2585 1402/2154/2586
f 1204/2108/2587 1344/2109/2588 1206/2203/2568
f 1209/2131/2589 1140/2130/636 1093/2132/636
f 1090/2048/2401 1366/2049/2590 1223/2106/2590
f 909/1850/2089 2200/2204/1634 2198/1527/1634
f 1223/2106/2591 1359/2105/2592 1217/2107/2593
f 1331/2034/2544 1200/2033/2594 1197/2035/2542
f 1219/2133/2595 1364/2134/2596 1362/2205/2597
f 1449/2146/2598 1453/2145/2413 1457/2147/2599
f 1406/2037/2600 1455/2036/2601 1446/2038/2602
f 1486/2149/2603 1467/2148/2604 1494/2150/2605
f 1226/2117/2606 1390/2116/2607 1229/2118/2607
f 1311/2052/2608 1333/2051/2609 1199/2053/2610
f 1445/2119/2611 1244/2120/2491 1466/2025/2381
f 1214/2192/2557 1375/2191/2612 1227/2193/2613
f 1255/2064/2614 1444/2065/2615 1470/2206/2616
f 1086/2194/2401 1341/2110/2617 1204/2108/2587
f 1491/2013/2545 1409/2114/2618 1494/2150/2605
f 1205/2160/2619 1352/2161/2620 1345/2207/2579
f 1212/2068/2570 1396/2067/2621 1306/2069/2621
f 1376/2112/2622 1225/2111/2573 1304/2113/2622
f 1087/2039/636 1342/2040/2580 1164/2208/636
f 1395/2163/2623 1211/2162/2624 1307/2164/2623
f 1409/2139/2625 1483/2138/2626 1477/2140/2506
f 1493/2014/2547 1402/2115/2627 1491/2013/2545
f 1456/2072/2628 1441/2056/2564 1454/2197/2629
f 1519/2028/2551 1472/2136/2630 1473/2209/2551
f 1238/2070/2420 1474/2061/2413 1464/2071/2631
f 1462/2123/2632 1444/2124/2633 1469/2123/141
f 1303/2087/2434 1444/2065/2615 1281/2066/2417
f 1242/2043/2396 1465/2042/2634 1475/2044/2635
f 1220/2172/2575 1363/2173/2636 1222/2210/2637
f 1516/2179/2638 1444/2065/2615 1488/2085/2639
f 1373/2092/2640 1213/2091/2641 1228/2093/2642
f 1458/2062/2414 1474/2061/2413 1412/2063/2414
f 1401/2180/2431 1492/2084/2431 1490/2181/2431
f 1686/2211/2643 1500/2179/2644 1687/2179/2532
f 1355/2152/2645 1218/2151/2560 1216/2153/2572
f 1405/2083/2431 1517/2082/2431 1492/2084/2431
f 1451/2075/2646 1442/2074/2647 1452/2076/2648
f 1447/2154/2585 1409/2139/2625 1402/2154/2586
f 1143/2165/2524 1201/2007/2649 1094/2166/2524
f 1242/2086/2433 1488/2085/2639 1303/2087/2434
f 1643/2212/2650 1601/2076/2426 1600/2075/2425
f 1511/2119/2490 1609/2213/2651 1615/2025/2381
f 1410/2077/2552 1519/2028/2551 1515/2029/2552
f 1613/2071/2421 1610/2214/2652 1607/2062/2414
f 1437/2202/2506 1607/2062/2414 1509/2159/2414
f 1369/2215/2538 1269/2053/2405 1268/2216/2536
f 1625/2096/2440 1503/2060/2412 1642/2217/2412
f 1611/2199/2653 1615/2025/2381 1609/2213/2651
f 1620/2218/2431 1680/2088/2431 1688/2082/2431
f 1641/2219/2654 1436/2220/2655 1512/2221/2656
f 1645/2222/2657 1616/2223/2658 1436/2220/2655
f 1676/2095/2439 1439/2155/2517 1674/2138/2504
f 1413/2168/2583 1410/2167/2659 1449/2146/2598
f 1598/2146/2509 1607/2062/2414 1610/2214/2652
f 1612/2224/2660 1675/2225/2661 1438/2226/2662
f 1689/2227/2663 1644/2228/2663 1678/2229/2663
f 1645/2222/2657 1605/2072/2422 1601/2076/2426
f 1614/2042/2395 1500/2214/2664 1610/2214/2652
f 1674/2138/2504 1606/2147/2510 1676/2095/2439
f 1609/2213/2651 1514/2073/2423 1611/2199/2653
f 1642/2230/2663 1689/2227/2663 1678/2229/2663
f 1091/2175/636 1365/2176/2665 1138/2231/636
f 1642/2232/2666 1684/2014/2666 1495/2122/2666
f 1600/2233/2431 1683/2084/2431 1681/2181/2431
f 1641/2219/2654 1438/2226/2662 1675/2225/2661
f 1687/2179/2532 1617/2234/2643 1686/2211/2643
f 1237/2089/2431 1489/2088/2431 1474/2090/2431
f 1604/2036/2390 1685/2150/2513 1682/2013/2371
f 1464/2071/2631 1256/2078/2427 1238/2070/2420
f 1362/2177/2597 1226/2117/2606 1219/2178/2595
f 1610/2214/2652 1499/2167/2525 1598/2146/2509
f 1332/2187/2667 1312/2186/2668 1200/2033/2594
f 1485/2095/2439 1403/2094/2669 1476/2096/2670
f 1217/2080/2593 1357/2079/2671 1215/2081/2576
f 1198/2188/2672 1337/2189/2673 1202/2022/2548
f 1199/2053/2610 1330/2215/2674 1198/2216/2672
f 1482/2222/2675 1467/2223/2676 1480/2212/2677
f 1405/2202/2506 1458/2062/2414 1412/2063/2414
f 1462/2199/2678 1466/2025/2381 1470/2026/2550
f 1407/2155/2679 1485/2095/2439 1483/2138/2626
f 1457/2147/2599 1483/2138/2626 1485/2095/2439
f 1414/2060/2412 1476/2096/2670 1479/2217/2412
f 1515/2211/2680 1411/2179/2681 1410/2235/2680
f 1482/2222/2675 1456/2072/2628 1478/2219/2654
f 1514/2073/2423 1601/2076/2426 1605/2072/2422
f 1465/2042/2634 1411/2214/2682 1475/2044/2635
f 1494/2150/2605 1455/2036/2601 1491/2013/2545
f 1464/2071/2631 1461/2214/2683 1465/2042/2634
f 1445/2119/2611 1460/2213/2684 1471/2236/2685
f 1406/2226/2686 1478/2219/2654 1484/2225/2687
f 1469/2199/2688 1448/2073/2689 1462/2199/2678
f 1448/2073/2689 1460/2213/2684 1462/2199/2678
f 1606/2147/2510 1502/2168/2526 1599/2058/2410
f 1492/2084/2431 1451/2233/2431 1490/2181/2431
f 1478/2219/2654 1404/2220/2690 1482/2222/2675
f 2200/2204/1634 830/1850/1968 2198/1527/1634
f 1468/2234/2680 1516/2179/2638 1515/2211/2680
f 1518/2227/2691 1481/2228/2691 1472/2237/2691
f 1489/2088/2431 1471/2218/2431 1517/2082/2431
f 1608/2238/2431 1688/2082/2431 1683/2084/2431
f 1463/2224/2692 1484/2225/2687 1481/2239/2693
f 1401/2180/2431 1486/2200/2431 1477/2201/2431
f 1479/2232/2694 1493/2014/2694 1487/2240/2694
f 1784/2241/2695 1813/2242/2695 1808/2243/2695
f 1519/2028/2551 1414/2244/2696 1518/2137/2696
f 1518/2227/2691 1479/2230/2691 1487/2229/2691
f 1477/2198/2603 1494/2150/2605 1409/2114/2618
f 1775/2245/2697 1818/2246/2698 1789/2247/2699
f 1461/2214/2683 1410/2167/2659 1411/2214/2682
f 1452/2076/2648 1480/2212/2677 1451/2075/2646
f 1608/2248/2700 1609/2213/2651 1620/2236/2701
f 1821/2249/2702 1779/2250/2703 1802/2251/2703
f 1473/2057/2566 1454/2197/2629 1441/2056/2564
f 1788/2252/2704 1802/2251/2703 1772/2253/2704
f 1772/2254/2705 1773/2255/2706 1788/2256/2707
f 1458/2062/2414 1449/2146/2598 1461/2214/2683
f 1797/2257/2708 1816/2258/2709 1819/2259/2710
f 1452/2076/2648 1448/2073/2689 1456/2072/2628
f 1806/2260/2695 1508/2261/2695 1507/2262/2695
f 1801/2263/2711 1532/2264/2712 1816/2258/2709
f 361/1405/1487 639/1348/2713 351/1356/1365
f 1776/2265/2714 1818/2246/2698 1790/2266/2715
f 1517/2082/2431 1459/2238/2431 1492/2084/2431
f 1460/2213/2684 1459/2248/2716 1471/2236/2685
f 1817/2267/2717 1803/2268/2718 1798/2269/2719
f 1814/2270/2720 1778/2271/2721 1793/2272/2722
f 1799/2273/2723 1789/2247/2699 1818/2246/2698
f 1808/2274/2724 1774/2275/2725 1799/2276/2724
f 1795/2277/2726 1790/2266/2715 1820/2278/2727
f 1793/2279/2728 1791/2280/2729 1821/2249/2702
f 1778/2281/2730 1820/2278/2727 1791/2280/2729
f 1792/2282/2731 1791/2280/2729 1820/2278/2727
f 1773/2255/2706 1821/2283/2732 1788/2256/2707
f 1782/2284/2695 1809/2285/2695 1807/2286/2695
f 336/1290/1247 369/1133/2733 376/1161/1382
f 1806/2287/2734 1497/2288/2734 1801/2289/2734
f 1798/2290/2735 1804/2291/2736 1809/2292/2735
f 873/1483/1594 2213/1641/1760 2254/1642/1761
f 1786/2293/2695 1815/2294/2695 1812/2295/2695
f 1800/2296/2737 1819/2259/2710 1817/2267/2717
f 1796/2297/2738 1819/2259/2710 1816/2258/2709
f 1787/2298/2695 1814/2299/2695 1805/2300/2695
f 1785/2301/2695 1812/2295/2695 1815/2294/2695
f 1488/2085/2639 1411/2179/2681 1516/2179/2638
f 1802/2302/2739 1780/2303/2740 1772/2254/2705
f 1807/2304/2741 1774/2275/2725 1782/2305/2725
f 1784/2306/2742 1795/2307/2743 1812/2308/2743
f 1808/2274/2724 1776/2309/2742 1784/2310/2742
f 1810/2311/2695 1811/2312/2695 1806/2260/2695
f 1780/2303/2740 1773/2255/2706 1772/2254/2705
f 1810/2313/2744 1800/2314/2741 1807/2304/2741
f 635/1355/2745 384/1209/2746 456/1207/1342
f 1794/2315/2747 1785/2316/2748 1777/2317/2748
f 360/2318/1405 386/1202/1179 435/2319/1403
f 1810/2313/2744 1801/2289/2734 1797/2320/2744
f 631/2321/2749 312/1204/1305 446/1263/2750
f 1498/2322/2751 1816/2258/2709 1532/2264/2712
f 372/1227/2752 326/1361/1262 328/1226/1245
f 1813/2323/2747 1775/2324/2753 1783/2325/2753
f 1413/2168/2583 1457/2147/2599 1450/2058/2581
f 1626/2326/2754 1750/2267/2755 1658/2296/2756
f 1753/2278/2757 1629/2327/2758 1648/2266/2759
f 1655/2257/2760 1749/2258/2761 1659/2263/2762
f 1646/2252/2763 1660/2251/2764 1754/2249/2765
f 1656/2269/2766 1647/2247/2767 1627/2245/2697
f 1596/2254/2768 1646/2256/2769 1597/2255/2770
f 1659/2263/2762 1532/2264/2712 1497/2328/2771
f 1754/2249/2765 1631/2250/2764 1649/2280/2772
f 1652/2329/2719 1648/2266/2759 1629/2327/2758
f 1627/2245/2697 1751/2246/2773 1652/2329/2719
f 1628/2265/2774 1751/2246/2773 1657/2273/2775
f 1661/2268/2776 1750/2267/2755 1656/2269/2766
f 1657/2273/2775 1647/2247/2767 1626/2326/2754
f 1630/2281/2777 1753/2278/2757 1653/2277/2778
f 1653/2277/2778 1648/2266/2759 1628/2265/2774
f 1651/2279/2779 1649/2280/2772 1630/2281/2777
f 1597/2255/2770 1754/2283/2780 1651/2272/2781
f 1650/2282/2764 1649/2280/2772 1631/2250/2764
f 1664/2287/2734 1497/2288/2734 1507/2330/2734
f 256/1133/1004 227/1290/1181 261/1161/1033
f 1508/2261/2695 1664/2260/2695 1507/2262/2695
f 1667/2285/2695 1634/2284/2695 1665/2286/2695
f 1654/2297/2782 1752/2259/2783 1661/2268/2776
f 1752/2259/2783 1658/2296/2756 1750/2267/2755
f 1671/2242/2695 1636/2241/2695 1666/2243/2695
f 1672/2299/2695 1639/2298/2695 1663/2300/2695
f 1673/2294/2695 1638/2293/2695 1670/2295/2695
f 1635/2331/2695 1666/2243/2695 1634/2284/2695
f 1637/2301/2695 1670/2295/2695 1636/2241/2695
f 1633/2332/2784 1663/2300/2695 1632/2333/2695
f 1626/2275/2785 1665/2304/2786 1634/2305/2787
f 1660/2302/2788 1632/2303/2789 1663/2334/2788
f 1672/2270/2790 1630/2271/2791 1638/2335/2791
f 1666/2274/2792 1626/2275/2785 1634/2305/2787
f 1596/2254/2768 1633/2336/2793 1632/2303/2789
f 1669/2312/2695 1668/2311/2695 1664/2260/2695
f 1653/2307/2794 1636/2306/2795 1670/2308/2794
f 1628/2309/2795 1666/2274/2792 1636/2310/2795
f 1652/2315/2796 1637/2316/2797 1671/2323/2796
f 1658/2314/2786 1668/2313/2798 1665/2304/2786
f 266/1209/1082 443/1355/1440 425/1207/1080
f 1809/2292/2799 1775/2324/2753 1798/2290/2799
f 1498/2322/2751 1749/2258/2761 1654/2297/2782
f 204/1204/1077 439/2321/2800 415/1263/1153
f 268/1202/1075 247/2318/1164 411/2319/1163
f 320/1195/2801 653/1196/2802 449/1244/2803
f 1796/2337/2804 1804/2291/2736 1803/2338/2736
f 1781/2336/2805 1793/2272/2722 1773/2255/2706
f 1811/2339/2804 1498/2340/2806 1508/2341/2806
f 1815/2342/2807 1779/2343/2808 1792/2344/2807
f 1812/2308/2743 1778/2271/2721 1786/2335/2721
f 1659/2289/2734 1668/2313/2798 1655/2320/2798
f 1805/2345/2809 1779/2343/2808 1787/2346/2808
f 1656/2290/2810 1662/2291/2811 1661/2338/2811
f 1785/2316/2748 1792/2344/2807 1777/2317/2748
f 258/1227/1100 218/1361/1378 252/1158/1030
f 457/1348/2812 248/1405/2813 238/1356/1249
f 1627/2324/2814 1671/2323/2796 1635/2325/2814
f 1498/2340/2806 1669/2339/2815 1508/2341/2806
f 1637/2316/2797 1650/2344/2816 1673/2342/2816
f 1654/2337/2815 1662/2291/2811 1669/2339/2815
f 1631/2343/2817 1663/2345/2818 1639/2346/2817
f 1630/2271/2791 1670/2308/2794 1638/2335/2791
f 1633/2336/2793 1651/2272/2781 1672/2270/2790
f 1673/2342/2816 1631/2343/2817 1639/2346/2817
f 1627/2324/2814 1667/2292/2819 1656/2290/2819
f 2082/2347/636 2402/2348/2820 2390/2349/2820
f 2371/2350/2821 2372/2351/2821 2370/2352/2821
f 2378/2353/2822 2398/2354/2823 2376/2355/2823
f 2381/2356/2824 2399/2357/2822 2378/2358/2822
f 2382/2359/2825 2393/2360/2825 2392/2361/2826
f 2376/2355/2823 2397/2362/1095 2375/2363/1095
f 2375/2363/1095 2396/2364/2827 2374/2365/2827
f 2386/2366/2828 2400/2367/2829 2383/2368/2829
f 893/1797/2065 1265/1622/2071 874/1623/2070
f 978/1713/2005 729/1811/1732 1241/1711/1732
f 2387/2369/2830 2391/2370/2831 2389/2371/2830
f 1675/2225/2661 1621/2372/2832 1603/2197/2549
f 2383/2368/2829 2401/2373/2824 2381/2356/2824
f 1136/2374/636 1294/2210/2833 1089/2375/636
f 963/1838/2073 1261/1614/2035 998/1758/2102
f 1602/2145/2413 1640/2140/2506 1433/2158/2506
f 1134/1432/2182 1253/1610/1719 900/1434/1543
f 922/1872/2271 2192/2376/2834 2255/1919/2183
f 1235/2377/2835 846/2378/2835 847/2379/2835
f 2371/2380/141 2398/2381/141 2399/2382/141
f 2374/2365/2827 2395/2383/2836 2377/2384/2836
f 839/1882/2040 1153/1430/2135 627/1773/1890
f 2257/2385/2837 901/1668/2255 2195/2386/2838
f 993/1652/1772 1001/1662/2043 987/1726/2094
f 756/1543/2019 887/1768/1887 707/1467/2137
f 627/1773/1890 894/1535/2097 636/1536/1641
f 2373/2387/2401 2243/2388/2401 2242/2389/2401
f 2388/2390/2839 2393/2360/2825 2382/2359/2825
f 1511/2391/2431 1302/2392/2431 1680/2088/2431
f 767/1703/2240 742/1845/2142 737/1647/2306
f 2253/2393/2840 886/1860/1555 2193/2394/2841
f 1641/2219/2654 1603/2197/2549 1605/2072/2422
f 2385/2395/171 2387/2396/171 2241/2397/171
f 740/1902/2143 737/1647/2306 742/1845/2142
f 2064/2398/2401 2379/2399/2842 2063/2400/2401
f 2377/2401/2836 2394/2402/2843 2388/2390/2839
f 1644/2403/2666 1684/2014/2666 1678/2240/2666
f 1643/2404/2431 1681/2181/2431 1677/2200/2431
f 920/2405/2844 780/1649/2014 916/2406/1512
f 1436/2407/2845 1604/2036/2390 1512/2038/2392
f 858/1715/2286 721/1856/2200 747/1522/2219
f 984/1663/2042 972/1849/2846 985/1848/2009
f 1676/2095/2439 1599/2058/2410 1625/2096/2440
f 2384/2408/2847 2404/2409/2828 2386/2366/2828
f 1129/1547/1652 1260/1442/1556 886/1441/1555
f 2390/2349/2820 2403/2410/2847 2384/2408/2847
f 2380/2411/2842 2389/2371/2830 2379/2399/2842
f 710/1804/2848 963/1838/2073 979/1805/2072
f 720/1897/2092 855/1815/2083 732/2412/2849
f 1133/1429/2103 1126/2413/2290 998/1758/2102
f 665/1234/1320 394/2414/2850 339/1236/1458
f 987/1726/2094 973/1418/1770 993/1652/1772
f 1099/1491/1949 1102/1693/1948 758/1493/2121
f 677/2415/1465 676/1260/1418 347/1272/1417
f 350/1377/1388 434/1320/1381 388/1336/1387
f 673/1345/2851 356/1181/1394 643/1172/1393
f 1495/2171/2528 1625/2096/2440 1642/2217/2412
f 869/1710/2101 2245/1771/1838 905/1709/1838
f 2373/2416/171 2378/2417/171 2376/2418/171
f 2389/2419/141 2391/2420/141 2240/2421/141
f 2241/2422/636 2370/2423/636 2372/2424/636
f 2164/2361/2852 2154/2359/2853 2157/2425/2854
f 2174/2348/2855 2082/2347/636 2162/2349/2855
f 2171/2357/2856 2153/2356/2857 2150/2358/2856
f 2144/2351/2858 2143/2350/2858 2142/2352/2858
f 2170/2354/2859 2150/2353/2856 2148/2355/2859
f 2169/2362/1732 2148/2355/2859 2147/2363/1732
f 2168/2364/2860 2147/2363/1732 2146/2365/2860
f 2172/2367/2861 2158/2366/2862 2155/2368/2861
f 2173/2373/2857 2155/2368/2861 2153/2356/2857
f 2175/2410/2863 2162/2349/2855 2156/2408/2863
f 2176/2409/2862 2156/2408/2863 2158/2366/2862
f 2171/2382/141 2170/2381/141 2143/2380/141
f 2151/2399/2864 2064/2398/2401 2063/2400/2401
f 2167/2383/2865 2146/2365/2860 2149/2384/2865
f 2166/2402/2866 2149/2401/2865 2160/2390/2867
f 2165/2360/2853 2160/2390/2867 2154/2359/2853
f 2241/2397/171 2159/2396/171 2157/2395/171
f 2243/2388/2401 2145/2387/2401 2242/2389/2401
f 2161/2371/2868 2152/2411/2864 2151/2399/2864
f 2163/2370/2854 2159/2369/2868 2161/2371/2868
f 1222/2210/2637 1136/2374/636 1089/2375/636
f 1302/2392/2431 1445/2391/2431 1489/2088/2431
f 1493/2014/2694 1481/2403/2694 1487/2240/2694
f 1453/2145/2413 1477/2140/2506 1483/2138/2626
f 1690/2028/2384 1503/2244/2503 1504/2426/2384
f 1490/2181/2431 1480/2404/2431 1486/2200/2431
f 884/1570/2249 2246/1633/1750 2199/1634/1751
f 379/1380/1429 402/1285/1407 669/1245/1264
f 407/2427/2869 379/1380/1429 674/1246/1398
f 1107/1699/1732 1101/1645/2251 983/1459/1713
f 1777/2327/2870 1820/2278/2727 1790/2266/2715
f 1679/2085/2432 1500/2179/2644 1624/2428/2871
f 1774/2326/2872 1817/2267/2717 1789/2247/2699
f 1404/2407/2873 1455/2036/2601 1467/2148/2604
f 1798/2269/2719 1789/2247/2699 1817/2267/2717
f 1805/2300/2695 1781/2332/2874 1780/2333/2695
f 1794/2329/2766 1790/2266/2715 1818/2246/2698
f 1450/2058/2581 1485/2095/2439 1476/2096/2670
f 1808/2243/2695 1783/2331/2695 1782/2284/2695
f 1478/2219/2654 1454/2197/2629 1484/2225/2687
f 1484/2225/2687 1472/2372/2875 1481/2239/2693
f 1112/1560/1732 1247/1786/1732 1113/1644/2111
f 1059/1547/1769 807/1441/1555 1190/1442/1731
f 401/1301/2876 297/1464/2122 677/1300/1372
f 807/1860/1555 2253/2393/2840 2193/2394/2841
f 952/1713/1678 1175/1711/1095 547/1811/1095
f 621/1715/1842 540/1856/1975 615/1714/1841
f 839/1882/2040 627/1773/1890 1075/1430/1531
f 556/1647/1765 559/1902/2877 561/1845/1959
f 814/1797/1910 795/1623/1737 1195/1622/1736
f 627/1773/1890 815/1535/1640 792/1510/1615
f 539/1897/2210 618/1815/1928 614/1632/1748
f 753/1639/2878 1134/1432/2182 999/1640/2188
f 1248/1667/2314 1121/1673/2879 864/1666/1965
f 1171/2377/2880 610/2379/2880 609/2378/2880
f 1012/1652/1908 961/1726/1850 1020/1662/1783
f 926/1539/2236 1252/1540/2235 1135/1447/1701
f 1158/1615/1986 979/1617/2093 750/1616/1987
f 958/1663/1784 946/1849/1967 945/1579/1686
f 717/1591/2172 515/1590/1697 638/1592/1699
f 1064/1432/1541 821/1434/1543 1185/1610/1719
f 1234/1601/2031 768/1603/1787 854/1602/1955
f 851/1632/2261 774/1517/1664 765/1628/2030
f 586/1703/1832 561/1845/1959 590/1624/1738
f 937/1838/1945 1017/1758/1876 1191/1614/1725
f 808/1768/1887 575/1543/1648 526/1467/1581
f 717/1591/2172 733/1626/2139 1231/1736/2077
f 2192/2376/2834 931/1872/1994 2255/1919/2183
f 822/1668/1791 2257/2385/2837 2195/2386/2838
f 599/1649/1829 929/2405/2881 837/2406/1537
f 710/1804/2848 979/1805/2072 720/1735/1855
f 913/1620/2140 1163/1537/2098 732/1621/2882
f 529/1804/1918 953/1805/1920 937/1838/1945
f 628/1588/1695 730/1587/2114 640/1589/1696
f 1243/1596/2153 1110/1597/1732 753/1505/2165
f 1249/1760/2194 1154/1730/1732 977/1563/2222
f 853/1523/2218 771/1624/2299 767/1703/2240
f 1031/1645/1763 1037/1699/1095 957/1459/1574
f 1056/2413/1886 1063/1429/1530 1017/1758/1876
f 1154/1730/1732 857/1743/2096 744/1729/2096
f 961/1726/1850 947/1418/1907 1022/1847/1961
f 1029/1491/1600 577/1493/1822 1032/1693/1821
f 1113/1644/2111 1101/1645/2251 1112/1560/1732
f 748/1598/2241 705/1599/2128 736/1518/2129
f 855/1815/2083 765/1628/2030 769/1660/1927
f 482/1234/1111 339/1236/1113 394/2414/2883
f 665/1150/1335 436/1264/1409 358/1140/1115
f 494/2415/1192 493/1260/1147 475/1259/1146
f 849/1438/2252 850/1440/2076 1230/1439/2106
f 1134/1432/2182 900/1434/1543 1258/1433/1542
f 1148/1428/2034 1153/1430/2135 1133/1429/2103
f 379/1380/2884 486/1245/1128 402/1285/1176
f 410/1320/1206 237/1377/1451 270/1336/1218
f 363/1304/1433 342/1265/1317 364/1296/1188
f 407/2427/2885 491/1246/1129 379/1380/2884
f 392/1412/2123 298/1312/1326 678/1256/1297
f 652/1240/2886 319/1206/1328 647/1130/1453
f 490/1345/2887 460/1172/1044 243/1181/2888
f 396/1406/2889 308/1297/1301 668/1223/1370
f 1408/2171/2584 1476/2096/2670 1403/2094/2669
f 2245/1771/1838 791/1710/1839 826/1709/1838
f 2150/2417/171 2153/2429/171 2145/2416/171
f 2163/2420/141 2161/2419/141 2240/2421/141
f 2142/2423/636 2241/2422/636 2144/2424/636
f 932/2430/1885 2223/2431/2890 1063/1429/1530
f 2219/2432/2891 817/1796/1906 793/1820/1933
f 793/1765/1884 2212/1569/1671 2219/2433/2892
f 2209/2434/1524 829/1426/1524 798/1424/1553
f 816/1868/1937 2221/1575/1680 930/1866/1989
f 831/2435/2893 2208/2436/2894 816/1868/1937
f 806/1456/1571 2205/1896/2085 2251/1568/1670
f 803/1474/1723 2210/1576/1681 2204/1612/1721
f 797/1609/1755 2215/1798/1911 813/1490/1599
f 2202/1509/1614 825/1685/1811 802/1507/1614
f 2248/1799/1912 795/1623/1737 814/1797/1910
f 823/1443/1730 2199/1634/1751 805/1570/1672
f 2197/2437/2895 796/1880/2038 809/1748/1865
f 809/1748/1865 2247/1864/1984 2197/2437/2895
f 1061/1462/1577 2196/1921/2184 1060/1920/2184
f 2195/2386/2838 794/1483/1594 822/1668/1791
f 800/1893/2066 2194/2438/2896 799/1756/1874
f 799/1756/1874 2257/2385/2837 804/1544/1649
f 1063/1429/1530 2223/2431/2890 839/1882/2040
f 2193/2439/2841 823/1443/1730 807/1441/1555
f 1062/1451/1566 2222/2440/2897 932/1766/1885
f 811/1688/1819 2206/2441/2898 831/1689/2899
f 795/1623/1737 626/1707/1837 810/1521/1626
f 1085/1537/1642 636/1536/1641 638/1592/1699
f 1665/2286/2695 1662/2442/2695 1667/2285/2695
f 923/2430/2190 2223/2431/2890 2222/2443/2897
f 896/1796/1906 2219/2432/2891 872/1820/2021
f 872/1765/2269 2212/1569/1671 898/1457/1999
f 908/1426/1524 2209/2434/1524 877/1424/1522
f 895/1868/2220 2221/1575/1680 2208/2436/2894
f 910/2435/2893 2208/2436/2894 2206/2444/2893
f 885/1456/1997 2205/1896/2085 899/1594/1703
f 882/1474/1585 2210/1576/1681 880/1574/2164
f 2215/1798/1911 876/1609/1718 892/1490/2029
f 904/1685/1811 2202/1509/1614 881/1507/1614
f 874/1623/2070 2248/1799/1912 893/1797/2065
f 2199/1634/1751 902/1443/1557 884/1570/2249
f 875/1880/2208 2197/2437/2895 888/1748/2203
f 888/1748/2203 2247/1864/1984 897/1750/2248
f 1131/1462/1577 2196/1921/2184 2250/1812/1577
f 873/1483/1594 2195/2386/2838 901/1668/2255
f 2194/2438/2896 879/1893/2301 878/1756/2147
f 2257/2385/2837 878/1756/2147 883/1544/2174
f 1133/1429/2103 839/1882/2040 2223/2431/2890
f 902/1443/1557 2193/2439/2841 886/1441/1555
f 2222/2440/2897 1132/1451/2023 923/1766/2190
f 890/1688/2211 2206/2441/2898 629/1728/1852
f 626/1707/1837 874/1623/2070 889/1521/2069
f 1163/1537/2098 638/1592/1699 636/1536/1641
f 1807/2286/2695 1804/2442/2695 1810/2311/2695
f 2515/2445/2900 2522/2446/2901 2516/2447/2902
f 2571/2448/2903 2564/2449/2903 2570/2450/2903
f 2507/2451/2904 2506/2452/2905 2512/2453/2904
f 2560/2454/2906 2565/2455/2907 2566/2456/2908
f 2548/2457/2909 2549/2458/2910 2543/2459/2909
f 2555/2460/2911 2554/2461/2910 2560/2462/2911
f 2535/2463/2912 2528/2464/2913 2534/2465/2912
f 2546/2466/2914 2541/2467/2915 2540/2468/2915
f 2538/2469/2916 2545/2470/2917 2539/2471/2916
f 2499/2472/2918 2493/2473/2919 2498/2474/2920
f 2497/2475/2921 2504/2476/2922 2498/2477/2921
f 2527/2478/2923 2534/2479/2924 2528/2480/2923
f 2512/2481/2904 2513/2482/2925 2507/2483/2904
f 2498/2477/2921 2492/2484/2926 2497/2475/2921
f 2569/2485/2927 2562/2486/2927 2568/2487/2927
f 2537/2488/2928 2544/2489/2929 2538/2469/2928
f 2526/2490/2930 2531/2491/2931 2532/2492/2931
f 2568/2487/2932 2562/2486/2933 2561/2493/2934
f 2514/2494/2935 2507/2495/2936 2513/2496/2935
f 2533/2497/2924 2540/2498/2937 2534/2479/2924
f 2550/2499/2938 2555/2500/2939 2556/2501/2939
f 2495/2502/2940 2489/2503/2941 2500/2504/2940
f 2503/2505/2942 2496/2506/2943 2502/2507/2942
f 2499/2472/2944 2506/2508/2945 2500/2509/2946
f 2511/2510/2947 2506/2508/2945 2505/2511/2945
f 2497/2512/2948 2491/2513/2949 2496/2506/2943
f 2499/2472/2918 2504/2514/2950 2505/2511/2950
f 2501/2515/2951 2508/2516/2936 2502/2507/2951
f 2510/2517/2952 2505/2511/2950 2504/2514/2950
f 2526/2490/2930 2519/2518/2953 2525/2519/2930
f 2551/2520/2954 2558/2521/2955 2552/2522/2954
f 2521/2523/2901 2528/2480/2923 2522/2446/2901
f 2502/2507/2942 2509/2524/2956 2503/2505/2942
f 2514/2494/2957 2509/2524/2956 2508/2516/2956
f 2510/2517/2952 2517/2525/2958 2511/2510/2952
f 2500/2509/2946 2494/2526/2959 2499/2472/2944
f 2519/2527/2960 2518/2528/2925 2524/2529/2960
f 2512/2530/2947 2517/2525/2961 2518/2531/2961
f 2515/2532/2957 2520/2533/2962 2521/2534/2962
f 2539/2535/2937 2546/2536/2963 2540/2498/2937
f 2535/2463/2964 2542/2537/2965 2536/2538/2964
f 2523/2539/2966 2516/2540/2958 2522/2541/2966
f 2523/2539/2967 2518/2531/2961 2517/2525/2961
f 2524/2529/2960 2525/2542/2968 2519/2527/2960
f 2523/2539/2966 2528/2464/2913 2529/2543/2913
f 2527/2544/2969 2520/2533/2962 2526/2490/2969
f 2531/2545/2970 2530/2546/2968 2536/2547/2970
f 2524/2548/2967 2529/2543/2971 2530/2549/2971
f 2536/2538/2964 2529/2543/2971 2535/2463/2964
f 2567/2550/2972 2566/2551/2972 2572/2552/2972
f 2526/2490/2969 2533/2553/2973 2527/2544/2969
f 2545/2554/2963 2552/2522/2954 2546/2555/2963
f 2538/2469/2916 2533/2553/2973 2532/2492/2973
f 2537/2488/2928 2532/2492/2931 2531/2491/2931
f 2543/2556/2909 2542/2557/2974 2548/2558/2909
f 2549/2559/2938 2544/2489/2929 2543/2560/2929
f 2536/2547/2970 2537/2561/2974 2531/2545/2970
f 2559/2562/2975 2552/2563/2976 2558/2564/2975
f 2534/2465/2912 2541/2467/2915 2535/2463/2912
f 2557/2565/2955 2564/2449/2977 2558/2521/2955
f 2547/2566/2914 2552/2563/2976 2553/2567/2976
f 2514/2494/2935 2519/2518/2953 2520/2533/2953
f 2547/2566/2978 2542/2537/2965 2541/2467/2965
f 2547/2566/2978 2554/2568/2979 2548/2569/2978
f 2551/2570/2980 2544/2489/2917 2550/2499/2980
f 2551/2570/2980 2556/2501/2981 2557/2571/2981
f 2414/2572/2921 2413/2573/2921 2408/2574/2926
f 2429/2575/2925 2428/2576/2904 2423/2577/2904
f 2436/2578/2967 2429/2579/2961 2430/2580/2961
f 2460/2581/2978 2453/2582/2965 2454/2583/2965
f 2438/2584/2901 2431/2585/2900 2432/2586/2902
f 2485/2587/2982 2484/2588/2982 2478/2589/2982
f 2487/2590/2983 2486/2591/2983 2480/2592/2983
f 2466/2593/2979 2471/2594/2906 2465/2595/2979
f 2476/2596/2939 2481/2597/2933 2475/2598/2939
f 2484/2588/2984 2477/2599/2908 2478/2589/2907
f 2442/2600/2971 2447/2601/2964 2441/2602/2971
f 2411/2603/2940 2416/2604/2940 2405/2605/2941
f 2427/2606/2936 2422/2607/2951 2428/2608/2936
f 2412/2609/2918 2419/2610/2950 2418/2611/2950
f 2420/2612/2922 2413/2573/2921 2414/2572/2921
f 2415/2613/2943 2420/2614/2942 2414/2615/2948
f 2422/2607/2951 2415/2613/2985 2416/2616/2986
f 2413/2617/2920 2412/2609/2918 2407/2618/2987
f 2415/2613/2943 2414/2615/2948 2409/2619/2988
f 2444/2620/2923 2437/2621/2901 2438/2584/2901
f 2450/2622/2924 2443/2623/2923 2444/2620/2923
f 2426/2624/2956 2421/2625/2942 2427/2606/2956
f 2424/2626/2947 2417/2627/2945 2418/2611/2945
f 2425/2628/2952 2418/2611/2950 2419/2610/2950
f 2416/2616/2986 2415/2613/2985 2410/2629/2989
f 2430/2580/2958 2425/2628/2952 2431/2630/2958
f 2423/2631/2947 2430/2580/2961 2429/2579/2961
f 2428/2608/2936 2433/2632/2935 2427/2606/2936
f 2433/2632/2957 2426/2624/2956 2427/2606/2956
f 2434/2633/2925 2435/2634/2960 2440/2635/2960
f 2422/2636/2905 2423/2637/2904 2428/2638/2904
f 2432/2639/2957 2439/2640/2962 2438/2641/2962
f 2456/2642/2937 2449/2643/2924 2450/2622/2924
f 2462/2644/2963 2455/2645/2937 2456/2642/2937
f 2431/2630/2958 2436/2578/2966 2430/2580/2958
f 2439/2640/2953 2434/2646/2935 2440/2647/2953
f 2436/2578/2966 2443/2648/2913 2442/2600/2913
f 2441/2649/2968 2440/2635/2960 2435/2634/2960
f 2435/2650/2967 2442/2600/2971 2441/2602/2971
f 2440/2647/2953 2445/2651/2930 2439/2640/2953
f 2439/2640/2962 2444/2652/2969 2438/2641/2962
f 2446/2653/2968 2447/2654/2970 2452/2655/2970
f 2444/2652/2969 2451/2656/2973 2450/2657/2973
f 2468/2658/2954 2461/2659/2963 2462/2660/2963
f 2474/2661/2955 2467/2662/2954 2468/2658/2954
f 2449/2663/2912 2442/2600/2913 2443/2648/2913
f 2445/2651/2930 2452/2664/2931 2451/2656/2931
f 2454/2583/2915 2449/2663/2912 2455/2665/2915
f 2453/2666/2974 2452/2655/2970 2447/2654/2970
f 2453/2582/2965 2448/2667/2964 2454/2583/2965
f 2458/2668/2928 2451/2656/2931 2452/2664/2931
f 2457/2669/2916 2450/2657/2973 2451/2656/2973
f 2458/2670/2974 2459/2671/2909 2464/2672/2909
f 2462/2673/2917 2457/2669/2916 2463/2674/2917
f 2480/2592/2977 2473/2675/2955 2474/2661/2955
f 2461/2676/2914 2454/2583/2915 2455/2665/2915
f 2463/2674/2929 2458/2668/2928 2464/2677/2929
f 2460/2581/2914 2467/2678/2976 2466/2593/2976
f 2465/2679/2910 2464/2680/2909 2459/2681/2909
f 2465/2595/2979 2460/2581/2978 2466/2593/2979
f 2470/2682/2938 2463/2674/2929 2464/2677/2929
f 2463/2674/2917 2468/2683/2980 2462/2673/2917
f 2470/2684/2910 2471/2685/2911 2476/2686/2911
f 2483/2687/2990 2488/2688/2990 2482/2689/2990
f 2468/2683/2980 2475/2598/2981 2474/2690/2981
f 2467/2678/2976 2472/2691/2975 2466/2593/2976
f 2469/2692/2938 2476/2596/2939 2475/2598/2939
f 2472/2691/2975 2479/2693/2991 2478/2589/2992
f 2477/2694/2993 2476/2686/2911 2471/2685/2911
f 2486/2591/2994 2479/2695/2977 2480/2592/2977
f 2471/2594/2906 2478/2589/2907 2477/2599/2908
f 2488/2696/2927 2487/2697/2927 2481/2597/2927
f 2412/2609/2944 2411/2698/2946 2406/2699/2959
f 2481/2597/2995 2474/2690/2981 2475/2598/2981
f 2483/2687/2996 2482/2689/2993 2477/2694/2993
f 2426/2700/2997 2419/2701/2922 2420/2612/2922
f 2487/2697/2998 2480/2702/2999 2481/2597/2995
f 2432/2586/2902 2425/2703/2997 2426/2704/2997
f 2484/2705/2972 2483/2687/2972 2477/2694/2972
f 2486/2591/2903 2485/2706/2903 2479/2695/2903
f 2485/2587/3000 2478/2589/2992 2479/2693/2991
f 2488/2696/2932 2481/2597/2933 2482/2707/2934
f 2417/2708/2905 2416/2604/2940 2411/2603/2940
f 2417/2627/2945 2412/2609/2944 2418/2611/2945
f 2411/2603/3001 2405/2605/3001 2406/2709/3001
f 2412/2609/2982 2406/2699/2982 2407/2618/2982
f 2413/2573/3002 2407/2710/3002 2408/2574/3002
f 2414/2572/3003 2408/2574/3003 2409/2711/3003
f 2415/2613/2927 2409/2619/2927 2410/2629/2927
f 2416/2604/3004 2410/2712/3004 2405/2605/3004
f 2509/2713/2997 2516/2447/2902 2510/2714/2997
f 2497/2475/3003 2492/2484/3003 2491/2715/3003
f 2496/2506/2927 2491/2513/2927 2490/2716/2927
f 2572/2717/2982 2565/2455/2982 2571/2718/2982
f 2499/2472/2982 2494/2526/2982 2493/2473/2982
f 2560/2454/2906 2553/2567/2979 2559/2562/2906
f 2563/2719/2999 2556/2501/2981 2562/2486/3005
f 2562/2486/2933 2555/2500/2939 2561/2493/2934
f 2558/2564/2975 2565/2455/2992 2559/2562/2975
f 2503/2720/2922 2510/2721/2997 2504/2476/2922
f 2569/2485/3006 2563/2719/2999 2562/2486/3005
f 2501/2515/2951 2496/2506/2985 2495/2722/2986
f 2570/2450/2994 2564/2449/2977 2563/2723/2977
f 2560/2462/2911 2561/2724/2993 2555/2460/2911
f 2567/2550/2996 2561/2724/2993 2566/2551/2993
f 2496/2506/2985 2490/2716/2989 2495/2722/2986
f 2500/2504/2940 2501/2725/2905 2495/2502/2940
f 2500/2504/3007 2489/2503/3007 2494/2712/3007
f 2495/2502/3008 2490/2726/3008 2489/2503/3008
f 2498/2477/3002 2493/2727/3002 2492/2484/3002
f 2570/2450/2983 2563/2723/2983 2569/2728/2983
f 2571/2718/3009 2565/2455/2992 2564/2729/2991
f 2568/2730/2990 2561/2724/2990 2567/2550/2990
f 2572/2717/2984 2566/2456/2908 2565/2455/2907
f 3020/2731/3010 2575/2732/3011 2594/2733/3011
f 3045/2734/3012 2609/2735/3013 3046/2736/3014
f 2635/2737/3015 3046/2736/3014 2573/2738/3016
f 2670/2739/3017 2584/2740/3018 2604/2741/3019
f 3099/2742/3020 2667/2743/3021 2666/2744/3022
f 2656/2745/3023 3102/2746/3024 3094/2747/3025
f 2638/2748/3026 2595/2749/3027 2578/2750/3028
f 3131/2751/3029 2586/2752/3030 3003/2753/3031
f 3101/2754/3032 3069/2755/3033 2629/2756/3034
f 3088/2757/3035 3076/2758/3036 3137/2759/3037
f 2659/2760/3038 2577/2761/3039 2595/2762/3040
f 3046/2736/3014 2611/2763/3041 2997/2764/3042
f 3127/2765/3043 2592/2766/3044 3015/2767/3045
f 3034/2768/3046 2955/2769/3047 2605/2770/3046
f 3023/2771/3048 2587/2772/3049 2599/2773/3050
f 3024/2774/3051 2965/2775/3052 2986/2776/3053
f 3103/2777/3054 3070/2778/3055 2628/2779/3056
f 3080/2780/3057 3083/2781/3058 3135/2782/3059
f 3021/2783/3060 2581/2784/3061 2597/2785/3062
f 3022/2786/3063 2582/2787/3064 2597/2788/3065
f 3102/2789/3024 3085/2790/3066 3133/2791/3067
f 3088/2757/3035 3085/2790/3066 2652/2792/3068
f 3019/2793/3069 2579/2794/3070 2596/2795/3071
f 3034/2796/3072 2599/2773/3050 2587/2772/3049
f 3004/2797/3073 3000/2798/3074 2585/2799/3075
f 2650/2800/3076 3012/2801/3077 2591/2802/3078
f 3073/2803/3079 3075/2804/3080 3132/2805/3081
f 2639/2806/3082 3132/2805/3081 3075/2804/3080
f 3100/2807/3083 2959/2808/3084 2958/2809/3083
f 2961/2810/3085 3097/2811/3086 2966/2812/3087
f 3013/2813/3088 2600/2814/3089 2592/2766/3044
f 3126/2815/3090 2579/2816/3091 3000/2798/3074
f 2995/2817/3092 2577/2761/3039 2637/2818/3093
f 3017/2819/3094 2590/2820/3095 3009/2821/3096
f 3018/2822/3097 2605/2823/3098 2607/2824/3099
f 3033/2825/3100 2596/2826/3101 3020/2827/3102
f 3127/2765/3043 2582/2787/3064 3013/2813/3088
f 3019/2828/3103 2586/2752/3030 2598/2829/3104
f 2994/2830/3105 2578/2831/3028 3012/2801/3077
f 2598/2832/3106 3009/2833/3096 2585/2834/3075
f 2990/2835/3107 2604/2741/3019 2584/2740/3018
f 2580/2836/3108 3019/2828/3103 2596/2826/3101
f 2636/2837/3109 2998/2838/3110 3002/2839/3111
f 3005/2840/3112 2647/2841/3047 2587/2842/3113
f 3007/2843/3114 2575/2844/3115 2636/2837/3109
f 3003/2753/3031 2992/2845/3116 3128/2846/3117
f 3014/2847/3118 3009/2821/3096 2590/2820/3095
f 3068/2848/3119 2665/2849/3120 2646/2850/3121
f 2587/2842/3113 3035/2851/3047 3034/2768/3046
f 2583/2852/3122 3011/2853/3123 2644/2854/3124
f 3002/2839/3111 2583/2852/3122 2644/2854/3124
f 3001/2855/3125 2598/2829/3104 2586/2752/3030
f 3129/2856/3126 2585/2799/3075 3009/2821/3096
f 2646/2850/3121 3100/2857/3127 3082/2858/3127
f 3010/2859/3128 2591/2802/3078 2999/2860/3129
f 3017/2861/3130 2592/2766/3044 2600/2814/3089
f 2984/2862/3131 3122/2863/3132 3067/2864/3133
f 3087/2865/3134 3069/2755/3033 3136/2866/3135
f 2665/2867/3136 3029/2868/3084 3100/2807/3083
f 3082/2858/3127 2958/2869/3127 2956/2870/3127
f 2656/2871/3137 3101/2754/3032 2629/2756/3034
f 2957/2872/3138 3122/2873/3139 2954/2874/3140
f 3134/2875/3141 2640/2876/3142 3070/2778/3055
f 2628/2779/3143 3093/2877/3144 3103/2777/3145
f 3008/2878/3146 2651/2879/3147 3011/2853/3123
f 2648/2880/3148 3135/2782/3059 3083/2781/3058
f 3093/2881/3149 2627/2882/3150 3073/2803/3151
f 3015/2767/3045 3001/2855/3125 3131/2751/3029
f 3079/2883/3152 3076/2758/3036 2640/2876/3142
f 3063/2884/3153 2984/2862/3131 2987/2885/3154
f 3130/2886/3155 2581/2784/3061 3031/2887/3156
f 3119/2888/3157 3138/2889/3158 3115/2890/3159
f 2606/2891/3160 3018/2822/3097 2607/2824/3099
f 3006/2892/3160 2599/2773/3050 3018/2822/3097
f 3036/2893/3161 2607/2824/3099 3037/2894/3162
f 3130/2886/3155 2590/2820/3095 2991/2895/3163
f 3037/2894/3162 2605/2823/3098 3063/2896/3164
f 3051/2897/3165 2615/2898/3166 3049/2899/3167
f 3019/2793/3069 2585/2834/3075 3000/2900/3168
f 3025/2901/3169 2576/2902/3170 2988/2903/3171
f 3022/2904/3172 2581/2784/3061 2991/2895/3163
f 3065/2905/3173 3037/2894/3162 3066/2906/3174
f 3026/2907/3175 2603/2908/3176 3025/2901/3177
f 2588/2909/3160 3023/2771/3048 2599/2773/3050
f 2999/2860/3129 3003/2753/3031 2584/2740/3018
f 3032/2910/3178 3012/2801/3077 2578/2831/3028
f 3014/2847/3118 2989/2911/3179 2589/2912/3180
f 2600/2913/3181 2991/2895/3163 2590/2820/3095
f 2988/2914/3160 2594/2915/3182 3023/2771/3048
f 2602/2916/3183 2988/2903/3171 2588/2917/3184
f 3128/2846/3117 2580/2836/3185 3033/2825/3186
f 2993/2918/3187 2998/2838/3110 2575/2844/3115
f 3125/2919/3188 2663/2920/3189 2664/2921/3188
f 3125/2919/3190 2626/2922/3191 3123/2923/3192
f 2608/2924/3193 3006/2925/3193 2606/2926/3193
f 3004/2797/3073 3008/2878/3146 2583/2852/3122
f 3030/2927/3194 2604/2741/3019 3027/2928/3195
f 3031/2887/3156 2595/2762/3040 2577/2761/3039
f 2990/2835/3107 3033/2825/3186 2576/2902/3196
f 2989/2911/3179 3031/2887/3156 2577/2761/3039
f 2584/2740/3018 3128/2846/3117 2990/2835/3107
f 3015/2767/3045 2999/2860/3129 2591/2802/3078
f 3129/2856/3126 2589/2912/3180 3008/2878/3146
f 3066/2906/3174 3063/2896/3164 2987/2929/3197
f 2576/2902/3198 3020/2827/3102 2594/2930/3198
f 3126/2815/3090 2583/2852/3122 2998/2838/3110
f 2595/2749/3027 3032/2931/3178 2578/2750/3028
f 2605/2770/3046 3064/2932/3199 3063/2884/3153
f 2601/2933/3200 3016/2934/3201 3024/2935/3051
f 3029/2868/3084 2602/2916/3202 3028/2936/3203
f 2959/2808/3084 3028/2936/3203 2608/2924/3203
f 3051/2937/3204 2618/2938/3205 2619/2939/3206
f 3012/2801/3077 3015/2767/3045 2591/2802/3078
f 2668/2940/3207 3025/2901/3177 2602/2916/3202
f 3028/2936/3193 2588/2917/3184 3006/2925/3193
f 3087/2865/3134 3084/2941/3208 3135/2782/3059
f 2667/2743/3021 3027/2928/3195 2603/2908/3176
f 3021/2942/3209 2582/2787/3064 3032/2910/3178
f 2574/2943/3210 2997/2764/3042 3016/2934/3201
f 3096/2944/3211 2645/2945/3212 3081/2946/3213
f 3096/2944/3211 2646/2947/3214 2661/2948/3215
f 2601/2949/3200 2986/2776/3053 2663/2920/3216
f 3044/2950/3217 2614/2951/3218 3042/2952/3219
f 2993/2953/3220 2596/2795/3071 2579/2794/3070
f 2963/2954/3221 3110/2955/3222 3074/2956/3223
f 3082/2957/3214 2661/2948/3215 2646/2947/3214
f 2624/2958/3224 3036/2959/3225 3065/2960/3226
f 2984/2862/3131 2996/2961/3227 2987/2885/3154
f 3043/2962/3228 2617/2963/3229 2973/2964/3228
f 2970/2965/3230 2616/2966/3231 2972/2967/3232
f 2968/2968/3233 3114/2969/3234 3112/2970/3235
f 3105/2971/3236 2957/2872/3138 2956/2972/3214
f 3086/2973/3237 2662/2974/3238 3095/2975/3239
f 2613/2976/3240 3041/2977/3241 2965/2775/3241
f 2647/2841/3047 3081/2978/3242 2645/2979/3243
f 3114/2969/3244 2976/2980/3245 3112/2970/3244
f 2963/2954/3221 3089/2981/3246 2961/2810/3085
f 3047/2982/3247 2617/2983/3248 3048/2984/3249
f 3057/2985/3250 2623/2986/3251 2620/2987/3252
f 2613/2988/3240 3061/2989/3253 3050/2990/3254
f 3074/2956/3223 2625/2991/3255 2654/2992/3256
f 2972/2967/3232 2614/2951/3218 2969/2993/3257
f 3135/2782/3059 2641/2994/3258 3080/2780/3057
f 3016/2934/3201 2611/2763/3041 2610/2995/3259
f 3092/2996/3260 2632/2997/3261 2657/2998/3262
f 2970/2965/3230 2971/2999/3263 2968/3000/3233
f 3138/2889/3158 3112/3001/3264 2976/3002/3265
f 2609/3003/3266 3060/3004/3267 3040/3005/3268
f 2610/2995/3269 3062/3006/3270 3061/2989/3271
f 3119/2888/3157 2982/3007/3272 2980/3008/3273
f 3074/2956/3223 2626/2922/3274 3089/2981/3246
f 2656/2745/3023 2638/2748/3026 2630/3009/3275
f 2970/2965/3230 3048/2984/3249 2615/2898/3166
f 2642/3010/3276 3092/3011/3260 2660/3012/3277
f 2622/3013/3278 3059/3014/3279 2621/3015/3280
f 3052/3016/3281 2620/3017/3282 2981/3018/3283
f 3053/3019/3284 2618/3020/3285 3056/3021/3286
f 3111/3022/3287 2970/2965/3230 2968/3000/3233
f 2972/2967/3232 2967/3023/3288 2971/2999/3263
f 3042/2952/3289 2619/3024/3290 2612/3025/3291
f 3024/2935/3051 2610/2995/3259 2613/2988/3292
f 3119/3026/3293 3043/2962/3294 3116/3027/3295
f 3109/3028/3296 2977/3029/3297 3114/3030/3298
f 3055/3031/3299 2612/3032/3291 2619/2939/3290
f 3055/3031/3299 2622/3033/3300 2623/2986/3251
f 3042/2952/3219 2616/2966/3231 3051/2897/3165
f 3070/3034/3055 2666/3035/3301 2628/3036/3302
f 3057/3037/3303 2975/3038/3304 2612/3039/3305
f 3053/3040/3306 2619/2939/3206 2618/2938/3205
f 2994/2830/3105 2652/2792/3068 3085/2790/3066
f 2987/2929/3307 2635/2737/3308 2573/2738/3309
f 3061/2989/3310 2623/2986/3251 2622/3033/3300
f 3050/3041/3311 2622/3013/3278 2621/3015/3280
f 2653/3042/3312 3133/2791/3067 3088/2757/3035
f 3040/3005/3313 2981/3018/3283 2620/3017/3282
f 3050/3041/3314 2979/3043/3315 3041/3044/3316
f 3040/3045/3317 2623/2986/3251 3062/3006/3318
f 2985/3046/3319 3038/3047/3203 2624/2958/3203
f 3038/3047/3320 2606/2926/3193 3036/2959/3225
f 3122/2873/3139 3124/3048/3321 3067/3049/3322
f 2637/2818/3093 3069/2755/3033 2995/2817/3092
f 3039/3050/3323 2608/2924/3203 3038/3047/3203
f 2630/3051/3275 2994/2830/3105 3085/2790/3066
f 3068/3052/3214 2655/3053/3324 2628/3054/3214
f 2995/2817/3092 2648/2880/3148 2651/2879/3147
f 3118/3055/3325 2983/3056/3326 3117/3057/3327
f 3103/3058/3145 2657/2998/3262 2632/2997/3261
f 2634/3059/3328 3095/2975/3239 2658/3060/3329
f 2609/2735/3266 3062/3006/3270 2611/2763/3330
f 2975/3038/3304 3118/3055/3331 2964/3061/3332
f 2964/3061/3333 3117/3057/3327 2977/3029/3297
f 2971/3062/3263 3109/3063/3334 3114/2969/3234
f 2974/3064/3335 3043/2962/3228 2973/2964/3228
f 3089/2981/3246 2664/2921/3336 3097/2811/3086
f 3047/889/3247 2974/3065/3337 2973/3066/3338
f 3109/3028/3339 2975/3038/3304 2964/3061/3332
f 3138/3067/3340 2968/2968/3233 3112/2970/3235
f 3133/2791/3067 2634/3068/3328 3102/2789/3024
f 3116/3027/3341 3111/3069/3342 3138/3070/3342
f 2967/3023/3288 3044/2950/3217 3109/3071/3334
f 2633/3072/3343 3094/3073/3344 2658/3074/3345
f 2655/3053/3324 3081/2946/3213 2627/3075/3346
f 3064/2932/3199 2954/3076/3347 3122/2863/3132
f 3106/3077/3348 3123/3078/3349 3124/3048/3321
f 2989/2911/3179 2651/2879/3147 2589/2912/3180
f 3080/2780/3057 3077/3079/3350 3132/2805/3081
f 2593/3080/3351 2987/2929/3307 2573/2738/3309
f 3132/2805/3081 2631/3081/3352 3073/2803/3079
f 3095/3082/3353 2633/3072/3343 2658/3074/3345
f 2628/3036/3302 3098/3083/3354 3068/2848/3119
f 2670/2739/3017 2640/2876/3142 2643/3084/3355
f 2653/3085/3312 3090/3086/3356 2662/2974/3238
f 3071/3087/3357 2662/3088/3358 2649/3089/3359
f 3072/3090/3360 3079/2883/3152 3134/2875/3141
f 3059/3014/3361 3043/2962/3294 3058/3091/3362
f 2633/3072/3343 3136/2866/3135 3101/2754/3032
f 2981/3018/3283 3108/3092/3363 2978/3093/3364
f 2977/3094/3365 3115/2890/3366 2976/3002/3245
f 3058/3091/3362 2980/3095/3367 2979/3043/3315
f 2632/3096/3368 3134/2875/3141 3103/2777/3054
f 3075/2804/3080 2636/2837/3109 3002/2839/3111
f 2621/3015/3369 3058/3091/3362 2979/3043/3315
f 2661/2948/3215 3104/3097/3140 2645/2945/3212
f 2669/3098/3370 3070/2778/3055 2640/2876/3142
f 3083/2781/3058 2651/2879/3147 2648/2880/3148
f 2955/2769/3047 3104/3099/3371 2954/3076/3347
f 3091/3100/3138 2956/2972/3214 2957/2872/3138
f 3078/3101/3372 2660/3012/3277 3090/3086/3356
f 3136/2866/3135 2649/3089/3359 3087/2865/3134
f 3011/2853/3123 2639/2806/3082 2644/2854/3124
f 2656/2871/3137 2637/2818/3093 2659/2760/3038
f 3084/2941/3208 2660/3102/3373 2641/2994/3258
f 3076/2758/3036 2643/3084/3355 2640/2876/3142
f 3078/3103/3372 3088/2757/3035 3137/2759/3037
f 3110/2955/3222 2635/3104/3015 2625/2991/3255
f 3090/3105/3374 2649/3089/3359 2662/3088/3358
f 3092/3106/3375 2641/2994/3258 2660/3102/3373
f 2965/2775/3052 3097/2811/3086 2986/2776/3053
f 2642/3107/3276 3137/2759/3037 3079/2883/3152
f 3092/3106/3375 2631/3081/3376 3077/3079/3377
f 2657/3108/3378 3073/2803/3151 2631/3081/3376
f 3007/2843/3114 2627/2882/3379 3081/2978/3242
f 3104/3097/3140 2957/2872/3138 2954/2874/3140
f 3010/2859/3128 2652/2792/3068 2650/2800/3076
f 2639/2806/3082 3002/2839/3111 2644/2854/3124
f 2986/2776/3053 2664/2921/3336 2663/2920/3216
f 2634/3059/3328 3094/2747/3025 3102/2746/3024
f 3054/3109/3380 3048/3110/3381 2617/2963/3229
f 3035/2851/3047 2645/2979/3243 3104/3099/3371
f 3056/3021/3382 2615/3111/3383 3048/3110/3381
f 2960/3112/3384 3045/3113/3012 3110/2955/3222
f 2666/2744/3022 3026/2907/3175 3098/3114/3385
f 3056/3021/3286 2618/3020/3285 3049/3115/3386
f 3098/3114/3385 2668/2940/3207 2665/2867/3136
f 2975/3038/3304 3042/3116/3387 2612/3039/3305
f 3030/2927/3194 2669/3098/3370 2670/2739/3017
f 3005/3117/3388 2594/2915/3182 2575/3118/3389
f 2643/3084/3355 2999/2860/3129 2584/2740/3018
f 2880/2905/3390 2852/2894/3391 2851/2893/3392
f 2807/2845/3393 2818/2753/3394 2943/2846/3395
f 2820/2840/3396 2745/2841/3397 2822/2843/3398
f 2678/2836/3399 2834/2828/3400 2807/2845/3401
f 2709/2763/3402 2861/2736/3403 2812/2764/3404
f 2685/2772/3405 2833/2822/3406 2849/2796/3407
f 2891/2758/3408 2741/3084/3409 2825/2859/3410
f 2899/2941/3411 2758/3102/3412 2905/3105/3413
f 2696/2832/3414 2824/2833/3415 2832/3119/3416
f 2749/2879/3417 2823/2878/3418 2826/2853/3419
f 2739/2994/3420 2907/3106/3421 2758/3102/3412
f 2747/3089/3422 2905/3105/3413 2760/3088/3423
f 2891/2758/3408 2894/2883/3424 2738/2876/3425
f 2836/2783/3426 2679/2784/3427 2846/2887/3428
f 2819/2797/3429 2815/2798/3430 2941/2815/3431
f 2673/2732/3432 2835/2731/3433 2692/2733/3432
f 2694/2826/3434 2848/2825/3435 2835/2827/3436
f 2914/2742/3437 2765/2743/3438 2845/2927/3439
f 2799/2862/3440 2937/2863/3441 2879/2932/3442
f 2674/2902/3443 2840/2901/3444 2803/2903/3445
f 2898/2781/3446 2895/2780/3447 2950/2782/3448
f 2701/2908/3449 2841/2907/3450 2840/2901/3451
f 2885/2778/3452 2918/2777/3453 2726/2779/3454
f 2755/3108/3455 2888/2803/3456 2908/2881/3457
f 2729/3081/3458 2907/3106/3421 2892/3079/3459
f 2688/2820/3460 2832/2819/3416 2824/2821/3415
f 2810/2817/3461 2675/2761/3462 2804/2911/3463
f 2737/2806/3464 2817/2839/3465 2890/2804/3466
f 2750/2792/3467 2825/2859/3410 2748/2800/3468
f 2780/2775/3469 2839/2774/3470 2801/2776/3471
f 2704/2891/3472 2833/2822/3406 2821/2892/3472
f 2900/2790/3473 2917/2789/3474 2948/2791/3475
f 2930/2890/3476 2953/2889/3477 2934/2888/3478
f 2941/2815/3431 2677/2816/3479 2808/2918/3480
f 2912/2811/3481 2776/2810/3482 2781/2812/3483
f 2743/2979/3484 2850/2851/3397 2919/3099/3485
f 2869/3109/3486 2863/3110/3487 2871/3021/3488
f 2837/2786/3489 2680/2787/3490 2828/2813/3491
f 2677/2794/3492 2834/2793/3493 2694/2795/3494
f 2871/3021/3495 2864/3115/3496 2716/3020/3497
f 2764/2744/3498 2841/2907/3450 2765/2743/3438
f 2737/2806/3464 2947/2805/3499 2895/2780/3447
f 2698/2814/3500 2828/2813/3491 2690/2766/3501
f 2900/2790/3473 2903/2757/3502 2750/2792/3467
f 2861/2736/3403 2733/2737/3503 2671/2738/3504
f 2915/2807/3505 2774/2808/3506 2844/2868/3506
f 2878/2884/3507 2799/2862/3440 2879/2932/3442
f 2679/2784/3427 2945/2886/3508 2846/2887/3428
f 2942/2765/3509 2680/2787/3490 2847/2910/3510
f 2703/2823/3511 2833/2822/3406 2705/2824/3512
f 2681/2852/3513 2826/2853/3419 2823/2878/3418
f 2676/2831/3514 2809/2830/3515 2827/2801/3516
f 2908/2881/3457 2725/2882/3517 2753/3120/3517
f 2734/2837/3518 2813/2838/3519 2673/2844/3520
f 2805/2835/3521 2702/2741/3522 2842/2928/3523
f 2829/2847/3524 2824/2821/3415 2944/2856/3525
f 2673/2844/3520 2822/2843/3398 2734/2837/3518
f 2834/2828/3400 2684/2752/3526 2807/2845/3401
f 2883/2848/3527 2763/2849/3528 2913/3083/3529
f 2944/2856/3525 2683/2799/3530 2819/2797/3429
f 2951/2866/3531 2747/3089/3422 2886/3087/3532
f 2689/2802/3533 2825/2859/3410 2814/2860/3534
f 2949/2875/3535 2738/2876/3425 2894/2883/3424
f 2744/2850/3536 2915/2857/3537 2763/2849/3528
f 2763/2867/3538 2844/2868/3506 2766/2940/3539
f 2696/2829/3540 2816/2855/3541 2684/2752/3526
f 2826/2853/3419 2737/2806/3464 2898/2781/3446
f 2772/2872/3542 2937/2873/3543 2921/3077/3544
f 2746/2880/3545 2950/2782/3448 2902/2865/3546
f 2913/3114/3547 2766/2940/3539 2841/2907/3450
f 2780/2775/3469 2912/2811/3481 2781/2812/3483
f 2871/3021/3488 2713/3111/3548 2864/3115/3549
f 2775/3112/3550 2860/3113/3551 2777/3121/3552
f 2801/2776/3471 2762/2921/3553 2912/2811/3481
f 2732/3059/3554 2909/2747/3555 2756/3060/3556
f 2725/2882/3557 2822/2843/3398 2896/2978/3558
f 2919/3097/3559 2772/2872/3542 2906/3100/3542
f 2816/2855/3541 2830/2767/3560 2946/2751/3561
f 2952/2759/3562 2740/3107/3563 2894/2883/3424
f 2903/2757/3502 2893/3103/3564 2952/2759/3562
f 2726/2779/3565 2908/2877/3566 2753/3122/3565
f 2925/2955/3567 2733/3104/3503 2860/3113/3551
f 2672/2943/3568 2812/2764/3404 2691/3080/3569
f 2916/2754/3570 2754/2871/3571 2727/2756/3572
f 2754/2871/3571 2735/2818/3573 2727/2756/3572
f 2817/2839/3465 2681/2852/3513 2813/2838/3519
f 2884/2755/3574 2902/2865/3546 2951/2866/3531
f 2902/2865/3546 2899/2941/3411 2747/3089/3422
f 2897/2858/3537 2773/2869/3537 2915/2857/3537
f 2840/2901/3451 2766/2940/3539 2700/2916/3575
f 2743/2945/3576 2911/2944/3577 2896/2946/3578
f 2697/2773/3579 2821/2892/3472 2833/2822/3406
f 2803/2903/3445 2700/2916/3580 2686/2917/3581
f 2683/2834/3530 2834/2793/3493 2815/2900/3582
f 2686/2917/3581 2843/2936/3583 2821/2925/3583
f 2698/2913/3584 2806/2895/3585 2837/2904/3586
f 2689/2802/3533 2809/2830/3515 2748/2800/3468
f 2702/2741/3522 2845/2927/3439 2842/2928/3523
f 2821/2925/3583 2706/2924/3583 2704/2926/3583
f 2823/2878/3418 2819/2797/3429 2681/2852/3513
f 2713/2898/3587 2866/2897/3588 2864/2899/3589
f 2693/2749/3590 2736/2748/3591 2676/2750/3514
f 2890/2804/3466 2888/2803/3592 2947/2805/3499
f 2686/2909/3472 2838/2771/3593 2803/2914/3472
f 2685/2842/3594 2850/2851/3397 2745/2841/3397
f 2881/2906/3595 2878/2896/3596 2852/2894/3391
f 2814/2860/3534 2818/2753/3394 2946/2751/3561
f 2884/2755/3574 2916/2754/3570 2727/2756/3572
f 2678/2836/3597 2943/2846/3395 2848/2825/3598
f 2692/2915/3599 2803/2914/3472 2838/2771/3593
f 2693/2762/3600 2846/2887/3428 2675/2761/3462
f 2813/2838/3519 2808/2918/3480 2673/2844/3520
f 2674/2902/3601 2835/2827/3436 2848/2825/3435
f 2687/2912/3602 2944/2856/3525 2823/2878/3418
f 2805/2835/3521 2848/2825/3598 2943/2846/3395
f 2804/2911/3463 2846/2887/3428 2945/2886/3508
f 2724/2922/3603 2940/2919/3604 2938/2923/3605
f 2682/2740/3606 2943/2846/3395 2818/2753/3394
f 2693/2749/3590 2847/2931/3510 2836/3123/3607
f 2814/2860/3534 2830/2767/3560 2689/2802/3533
f 2699/2933/3608 2831/2934/3609 2672/2943/3568
f 2940/2919/3610 2761/2920/3611 2800/3124/3612
f 2716/2938/3613 2866/2937/3614 2717/2939/3615
f 2700/2916/3575 2844/2868/3506 2843/2936/3616
f 2827/2801/3516 2830/2767/3560 2942/2765/3509
f 2703/2770/3617 2879/2932/3442 2770/2769/3397
f 2842/2928/3523 2765/2743/3438 2701/2908/3449
f 2681/2852/3513 2941/2815/3431 2813/2838/3519
f 2827/2801/3516 2847/2910/3510 2676/2831/3514
f 2843/2936/3616 2774/2808/3506 2706/2924/3616
f 2762/2921/3553 2904/2981/3618 2912/2811/3481
f 2804/2911/3463 2829/2847/3524 2687/2912/3602
f 2685/2772/3405 2838/2771/3593 2697/2773/3579
f 2703/2823/3511 2852/2894/3391 2878/2896/3596
f 2703/2770/3617 2850/2851/3397 2849/2768/3617
f 2911/2944/3577 2744/2947/3619 2883/3052/3619
f 2743/2945/3576 2906/3100/3542 2759/2948/3620
f 2868/3040/3621 2717/2939/3615 2870/3031/3622
f 2705/2824/3512 2851/2893/3392 2852/2894/3391
f 2778/2954/3623 2925/2955/3567 2775/3112/3550
f 2945/2886/3508 2688/2820/3460 2829/2847/3524
f 2720/3013/3624 2874/3014/3625 2868/3019/3626
f 2786/3062/3627 2924/3063/3628 2782/3125/3629
f 2724/2922/3630 2889/2956/3631 2904/2981/3618
f 2871/3021/3495 2716/3020/3497 2868/3019/3626
f 2791/2980/3632 2929/2969/3633 2927/2970/3633
f 2759/2948/3620 2897/2957/3619 2744/2947/3619
f 2690/2766/3501 2942/2765/3509 2830/2767/3560
f 2820/3117/3634 2692/2915/3599 2838/2771/3593
f 2767/3098/3635 2845/2927/3439 2768/2739/3636
f 2794/3043/3637 2865/3041/3638 2856/3044/3639
f 2785/2965/3640 2863/2984/3641 2862/2982/3642
f 2937/2873/3543 2939/3048/3643 2921/3077/3544
f 2812/2764/3404 2671/2738/3504 2691/3080/3569
f 2752/2992/3644 2938/2923/3605 2939/3126/3645
f 2783/2968/3646 2929/2969/3647 2786/3062/3627
f 2707/2735/3648 2860/2734/3551 2861/2736/3403
f 2896/2978/3558 2745/2841/3397 2743/2979/3484
f 2907/2996/3649 2730/2997/3650 2887/3127/3651
f 2885/3034/3452 2764/3035/3652 2914/3128/3437
f 2917/2746/3474 2754/2745/3653 2909/2747/3555
f 2772/2872/3542 2920/2971/3654 2771/2972/3619
f 2789/3065/3655 2862/889/3642 2788/3066/3656
f 2722/2958/3657 2851/2959/3658 2853/3047/3659
f 2858/2962/3660 2789/3064/3661 2788/2964/3660
f 2882/3129/3662 2752/2992/3644 2939/3126/3645
f 2773/2809/3505 2854/3050/3663 2774/2808/3506
f 2950/2782/3448 2739/2994/3420 2899/2941/3411
f 2953/2889/3477 2791/3002/3664 2927/3001/3665
f 2920/3130/3666 2940/2919/3667 2922/3131/3668
f 2761/2920/3611 2722/3132/3669 2800/3124/3612
f 2735/2818/3573 2884/2755/3574 2727/2756/3572
f 2799/2862/3440 2802/2885/3670 2811/2961/3671
f 2900/2790/3473 2736/3133/3591 2728/3051/3672
f 2785/2965/3640 2714/2966/3673 2713/2898/3587
f 2721/2986/3674 2872/2985/3675 2718/2987/3676
f 2831/2934/3609 2709/2763/3402 2812/2764/3404
f 2797/3007/3677 2928/3134/3678 2935/3135/3679
f 2805/2835/3521 2701/2908/3680 2674/2902/3443
f 2760/2974/3681 2901/2973/3682 2910/2975/3683
f 2858/2962/3660 2715/2963/3684 2869/3109/3486
f 2793/3093/3685 2867/3016/3686 2933/3055/3687
f 2882/3136/3662 2733/2737/3688 2723/3137/3689
f 2711/2988/3690 2876/2989/3691 2708/2995/3692
f 2889/2956/3631 2723/2991/3693 2925/2955/3567
f 2768/2739/3636 2682/2740/3606 2741/3084/3409
f 2856/2977/3694 2711/2976/3690 2780/2775/3695
f 2753/3053/3696 2883/3052/3619 2726/3054/3619
f 2787/2967/3697 2712/2951/3698 2714/2966/3673
f 2785/2965/3640 2786/2999/3627 2787/2967/3697
f 2706/2924/3616 2854/3050/3663 2853/3047/3616
f 2787/2967/3697 2782/3023/3629 2784/2993/3699
f 2707/3003/3700 2875/3004/3701 2777/3138/3701
f 2934/2888/3478 2797/3007/3677 2930/2890/3476
f 2853/3047/3616 2800/3046/3702 2722/2958/3616
f 2736/2748/3591 2754/2745/3653 2728/3009/3672
f 2718/3017/3703 2867/3016/3686 2796/3018/3704
f 2740/3010/3563 2907/3011/3649 2887/3139/3651
f 2926/3022/3705 2785/2965/3640 2862/2982/3642
f 2792/3029/3706 2924/3028/3707 2929/3030/3708
f 2839/2935/3470 2708/2995/3709 2831/2934/3609
f 2870/3031/3622 2710/3032/3710 2872/2985/3675
f 2720/3033/3711 2870/3031/3622 2721/2986/3674
f 2750/2792/3467 2809/2830/3515 2900/2790/3473
f 2714/2966/3673 2857/2952/3712 2866/2897/3588
f 2802/2929/3713 2733/2737/3688 2811/3140/3714
f 2781/2812/3715 2935/3135/3716 2928/3134/3717
f 2721/2986/3674 2855/3045/3718 2877/3006/3719
f 2872/3037/3720 2790/3038/3721 2867/3016/3686
f 2708/2995/3722 2877/3006/3723 2709/2763/3724
f 2798/3141/3725 2935/3135/3726 2936/3142/3727
f 2691/3080/3728 2880/2905/3729 2672/2943/3730
f 2922/3143/3731 2800/3046/3702 2854/3050/3663
f 2775/3144/3732 2875/3004/3701 2923/3092/3733
f 2672/2943/3734 2722/3145/3734 2699/2933/3734
f 2794/3043/3637 2928/3146/3735 2795/3095/3736
f 2797/3007/3737 2932/3147/3738 2930/2890/3739
f 2882/2864/3740 2799/2862/3440 2811/2961/3671
f 2704/2926/3583 2853/3047/3659 2851/2959/3658
f 2856/2977/3694 2781/2812/3715 2928/3134/3717
f 2776/2810/3741 2936/3142/3742 2935/3135/3741
f 2855/3005/3743 2796/3018/3704 2875/3004/3743
f 2734/2837/3518 2890/2804/3466 2817/2839/3465
f 2741/3084/3409 2814/2860/3534 2825/2859/3410
f 2790/3038/3721 2857/3116/3744 2859/3148/3745
f 2876/2989/3746 2721/2986/3674 2877/3006/3719
f 2865/3041/3747 2720/3013/3624 2876/3149/3748
f 2717/3024/3749 2857/2952/3750 2710/3025/3710
f 2948/2791/3475 2751/3042/3751 2903/2757/3502
f 2949/2875/3535 2730/3096/3752 2918/2777/3453
f 2885/2778/3452 2767/3098/3635 2738/2876/3425
f 2810/2817/3461 2746/2880/3545 2884/2755/3574
f 2782/3023/3629 2859/2950/3753 2784/2993/3753
f 2719/3015/3754 2873/3091/3755 2874/3014/3756
f 2779/3061/3757 2932/3057/3738 2933/3055/3758
f 2715/2983/3759 2862/2982/3642 2863/2984/3641
f 2753/3053/3696 2896/2946/3578 2911/2944/3577
f 2936/3150/3742 2775/3144/3732 2923/3092/3733
f 2771/2870/3537 2922/3131/3668 2773/2869/3537
f 2798/3056/3725 2923/3092/3760 2793/3093/3761
f 2684/2752/3526 2946/2751/3561 2818/2753/3394
f 2790/3038/3721 2933/3055/3687 2867/3016/3686
f 2953/3067/3762 2783/2968/3646 2926/3151/3705
f 2904/2981/3618 2778/2954/3623 2776/2810/3482
f 2751/3085/3751 2905/3086/3763 2893/3101/3564
f 2858/2962/3764 2934/3026/3765 2931/3027/3766
f 2921/3077/3544 2938/3078/3767 2920/2971/3654
f 2891/2758/3408 2903/2757/3502 2952/2759/3562
f 2924/3028/3768 2790/3038/3721 2859/3148/3745
f 2909/3073/3769 2731/3072/3770 2756/3074/3771
f 2731/3072/3770 2910/3082/3772 2756/3074/3771
f 2769/3076/3773 2879/2932/3442 2937/2863/3441
f 2768/2739/3636 2738/2876/3425 2767/3098/3635
f 2726/3036/3774 2913/3083/3529 2764/3035/3652
f 2886/3087/3532 2760/3088/3423 2910/3082/3772
f 2749/2879/3417 2804/2911/3463 2687/2912/3602
f 2691/3080/3728 2802/2929/3713 2881/2906/3775
f 2877/3006/3723 2707/2735/3700 2709/2763/3724
f 2947/2805/3499 2729/3081/3776 2892/3079/3777
f 2894/2883/3424 2887/3090/3778 2949/2875/3535
f 2951/2866/3531 2731/3072/3770 2916/2754/3570
f 2895/2780/3447 2892/3079/3777 2739/2994/3420
f 2796/3018/3704 2923/3092/3779 2875/3004/3779
f 2792/3094/3780 2930/2890/3739 2932/3147/3738
f 2798/3056/3725 2933/3055/3758 2932/3057/3738
f 2858/2962/3764 2874/3014/3756 2873/3091/3755
f 2931/3027/3781 2926/3069/3782 2789/3064/3661
f 2732/3059/3554 2910/2975/3683 2901/2973/3682
f 2749/2879/3417 2898/2781/3446 2746/2880/3545
f 2873/3091/3755 2795/3095/3736 2934/3026/3765
f 2808/2953/3783 2694/2795/3494 2835/2731/3433
f 2948/2791/3475 2732/3068/3554 2901/3152/3682
f 2712/2951/3698 2859/2950/3753 2857/2952/3712
f 2755/2998/3784 2918/3058/3785 2730/2997/3650
f 2919/3099/3485 2770/2769/3397 2769/3076/3773
f 2801/2776/3471 2699/2949/3608 2761/2920/3786
f 2906/3100/3542 2771/2972/3619 2897/2957/3619
f 2680/2787/3490 2836/2942/3607 2847/2910/3510
f 2758/3012/3787 2893/3101/3564 2905/3086/3763
f 2675/2761/3462 2757/2760/3788 2693/2762/3600
f 2679/2784/3427 2837/2904/3586 2806/2895/3585
f 2832/2861/3789 2690/2766/3501 2816/2855/3541
f 3121/3142/3790 2961/2810/3791 3120/3135/3791
f 3123/2923/3192 2654/2992/3792 3124/3126/3793
f 2573/2738/3016 2997/2764/3042 2593/3080/3794
f 3041/2977/3241 2966/2812/3795 2965/2775/3241
f 3067/2864/3133 2996/2961/3227 2984/2862/3131
f 2958/2809/3083 3039/3050/3323 3107/3143/3796
f 3067/3129/3797 2654/2992/3792 2625/2991/3798
f 3117/3147/3327 2982/3007/3799 3115/2890/3366
f 3113/3146/3800 2979/3043/3315 2980/3095/3367
f 2663/2920/3189 2624/3132/3801 2601/2949/3801
f 3105/3130/3802 3125/2919/3803 3123/2923/3803
f 2624/3145/3804 2574/2943/3804 2601/2933/3804
f 3060/3004/3267 2960/3144/3805 3108/3092/3806
f 2603/2908/3807 2990/2835/3107 2576/2902/3170
f 2982/3007/3272 3113/3134/3808 2980/3008/3273
f 3107/3143/3796 2985/3046/3319 3125/3153/3809
f 3065/2905/3810 2593/3080/3351 2574/2943/3810
f 2635/2737/3308 3067/3136/3797 2625/3137/3798
f 3052/3016/3281 2978/3093/3364 3118/3055/3331
f 2983/3141/3326 3120/3135/3811 2982/3007/3799
f 3108/3092/3812 2983/3056/3326 2978/3093/3813
f 2956/2870/3127 3107/3131/3814 3105/3130/3802
f 3120/3135/3815 2966/2812/3795 3113/3134/3816
f 3121/3150/3790 2960/3144/3805 2963/3154/3817
f 3424/3155/3818 3425/3156/3819 3414/3157/3820
f 3409/3158/636 3421/3159/3821 3426/3160/3822
f 3412/3161/3823 3427/3162/3824 3435/3163/3825
f 3412/3161/3823 3435/3163/3825 3438/3164/3826
f 3409/3158/636 3428/3165/3827 3425/3166/3819
f 3414/3167/3820 3430/3168/3828 3439/3169/3829
f 3415/3170/3830 3441/3171/3831 3446/3172/3832
f 3413/3173/3833 3437/3174/3834 3440/3175/171
f 3446/3176/3832 3441/3177/3831 3447/3178/3835
f 3438/3164/3826 3443/3179/3836 3417/3180/3837
f 3436/3181/3838 3433/3182/141 3442/3183/3839
f 3439/3169/3829 3430/3168/3828 3440/3175/171
f 3432/3184/3840 3439/3185/3829 3445/3186/3841
f 3431/3187/3842 3419/3188/3843 3441/3189/3831
f 3434/3190/3844 3431/3187/3842 3441/3189/3831
f 3430/3168/3828 3413/3173/3833 3440/3175/171
f 3439/3169/3829 3440/3175/171 3418/3191/3845
f 3434/3192/3844 3441/3171/3831 3415/3170/3830
f 3433/3182/141 3415/3170/3830 3442/3183/3839
f 3436/3181/3838 3442/3183/3839 3416/3193/3846
f 3435/3163/3825 3416/3194/3846 3443/3179/3836
f 3438/3164/3826 3435/3163/3825 3443/3179/3836
f 3437/3174/3834 3417/3195/3837 3444/3196/3847
f 3440/3175/171 3437/3174/3834 3444/3196/3847
f 3441/3189/3831 3419/3188/3843 3447/3197/3835
f 3440/3175/171 3444/3196/3847 3418/3191/3845
f 3432/3184/3840 3445/3186/3841 3419/3188/3843
f 3439/3169/3829 3418/3191/3845 3445/3198/3841
f 3446/3176/3832 3447/3178/3835 3420/3199/2401
f 3448/3200/3848 3442/3201/3839 3446/3176/3832
f 3442/3183/3839 3415/3170/3830 3446/3172/3832
f 3448/3200/3848 3446/3176/3832 3420/3199/2401
f 3449/3202/3849 3443/3203/3836 3448/3200/3848
f 3443/3179/3836 3416/3194/3846 3448/3204/3848
f 3449/3202/3849 3448/3200/3848 3420/3199/2401
f 3450/3205/3850 3444/3206/3847 3449/3202/3849
f 3444/3206/3847 3417/3207/3837 3449/3202/3849
f 3450/3205/3850 3449/3202/3849 3420/3199/2401
f 3447/3178/3835 3445/3208/3841 3450/3205/3850
f 3445/3208/3841 3418/3209/3845 3450/3205/3850
f 3447/3178/3835 3450/3205/3850 3420/3199/2401
f 3418/3209/3845 3444/3206/3847 3450/3205/3850
f 3419/3210/3843 3445/3208/3841 3447/3178/3835
f 3417/3180/3837 3443/3179/3836 3449/3211/3849
f 3414/3157/3820 3439/3185/3829 3432/3184/3840
f 3416/3193/3846 3442/3183/3839 3448/3212/3848
f 3411/3213/3851 3433/3182/141 3436/3181/3838
f 3413/3173/3833 3429/3214/3852 3437/3174/3834
f 3410/3215/3853 3431/3187/3842 3434/3190/3844
f 3411/3213/3851 3423/3216/3854 3433/3182/141
f 3409/3158/636 3426/3160/3822 3428/3165/3827
f 3410/3215/3853 3424/3155/3818 3431/3187/3842
f 3410/3215/3853 3422/3217/3855 3424/3155/3818
f 3409/3158/636 3422/3218/3855 3421/3159/3821
f 3277/3219/636 3289/3220/3856 3290/3221/3857
f 3278/3222/3858 3292/3223/3859 3290/3221/3857
f 3277/3219/636 3294/3224/3860 3289/3220/3856
f 3277/3219/636 3296/3225/3861 3294/3224/3860
f 3277/3219/636 3293/3226/3862 3296/3225/3861
f 3278/3227/3858 3299/3228/3825 3292/3229/3859
f 3279/3230/3863 3301/3231/141 3291/3232/3864
f 3280/3233/3865 3303/3234/3842 3295/3235/3866
f 3281/3236/3867 3305/3237/3829 3297/3238/3868
f 3282/3239/3869 3307/3240/3834 3298/3241/3870
f 3278/3227/3858 3302/3242/3838 3299/3228/3825
f 3279/3230/3863 3304/3243/3844 3301/3231/141
f 3280/3233/3865 3306/3244/3840 3303/3234/3842
f 3281/3236/3867 3308/3245/171 3305/3237/3829
f 3282/3246/3869 3300/3247/3826 3307/3248/3834
f 3283/3249/3871 3314/3250/3872 3309/3251/3873
f 3284/3252/3874 3316/3253/3875 3310/3254/3876
f 3285/3255/3877 3317/3256/3878 3311/3257/3879
f 3286/3258/3880 3318/3259/3881 3312/3260/3882
f 3287/3261/3883 3315/3262/3884 3313/3263/3885
f 3315/3264/3884 3288/3265/2401 3318/3259/3881
f 3315/3264/3884 3318/3259/3881 3313/3266/3885
f 3313/3266/3885 3318/3259/3881 3286/3258/3880
f 3318/3259/3881 3288/3265/2401 3317/3256/3878
f 3318/3259/3881 3317/3256/3878 3312/3260/3882
f 3312/3260/3882 3317/3256/3878 3285/3255/3877
f 3317/3256/3878 3288/3265/2401 3316/3253/3875
f 3317/3256/3878 3316/3253/3875 3311/3257/3879
f 3311/3267/3879 3316/3268/3875 3284/3269/3874
f 3316/3253/3875 3288/3265/2401 3314/3270/3872
f 3316/3253/3875 3314/3270/3872 3310/3254/3876
f 3310/3271/3876 3314/3250/3872 3283/3249/3871
f 3314/3270/3872 3288/3265/2401 3315/3264/3884
f 3314/3270/3872 3315/3264/3884 3309/3272/3873
f 3309/3273/3873 3315/3262/3884 3287/3261/3883
f 3300/3247/3826 3287/3261/3883 3313/3263/3885
f 3300/3247/3826 3313/3263/3885 3307/3248/3834
f 3307/3240/3834 3313/3274/3885 3286/3275/3880
f 3308/3245/171 3286/3275/3880 3312/3276/3882
f 3308/3245/171 3312/3276/3882 3305/3237/3829
f 3305/3237/3829 3312/3276/3882 3285/3277/3877
f 3306/3244/3840 3285/3278/3877 3311/3267/3879
f 3306/3244/3840 3311/3267/3879 3303/3234/3842
f 3303/3234/3842 3311/3267/3879 3284/3269/3874
f 3304/3243/3844 3284/3279/3874 3310/3271/3876
f 3304/3243/3844 3310/3271/3876 3301/3231/141
f 3301/3231/141 3310/3271/3876 3283/3249/3871
f 3302/3280/3838 3283/3249/3871 3309/3251/3873
f 3302/3242/3838 3309/3273/3873 3299/3228/3825
f 3299/3228/3825 3309/3273/3873 3287/3261/3883
f 3307/3240/3834 3286/3275/3880 3308/3245/171
f 3307/3240/3834 3308/3245/171 3298/3241/3870
f 3298/3241/3870 3308/3245/171 3281/3236/3867
f 3305/3281/3829 3285/3278/3877 3306/3244/3840
f 3305/3281/3829 3306/3244/3840 3297/3282/3868
f 3297/3282/3868 3306/3244/3840 3280/3233/3865
f 3303/3234/3842 3284/3269/3874 3304/3283/3844
f 3303/3234/3842 3304/3283/3844 3295/3235/3866
f 3295/3284/3866 3304/3243/3844 3279/3230/3863
f 3301/3231/141 3283/3249/3871 3302/3280/3838
f 3301/3231/141 3302/3280/3838 3291/3232/3864
f 3291/3232/3864 3302/3280/3838 3278/3285/3858
f 3299/3228/3825 3287/3261/3883 3300/3247/3826
f 3299/3228/3825 3300/3247/3826 3292/3229/3859
f 3292/3229/3859 3300/3247/3826 3282/3246/3869
f 3293/3226/3862 3282/3286/3869 3298/3287/3870
f 3293/3226/3862 3298/3287/3870 3296/3225/3861
f 3296/3288/3861 3298/3241/3870 3281/3236/3867
f 3296/3288/3861 3281/3236/3867 3297/3238/3868
f 3296/3225/3861 3297/3289/3868 3294/3224/3860
f 3294/3290/3860 3297/3282/3868 3280/3233/3865
f 3294/3290/3860 3280/3233/3865 3295/3235/3866
f 3294/3224/3860 3295/3291/3866 3289/3220/3856
f 3289/3220/3856 3295/3291/3866 3279/3292/3863
f 3292/3223/3859 3282/3286/3869 3293/3226/3862
f 3292/3223/3859 3293/3226/3862 3290/3221/3857
f 3290/3221/3857 3293/3226/3862 3277/3219/636
f 3289/3293/3856 3279/3230/3863 3291/3232/3864
f 3289/3220/3856 3291/3294/3864 3290/3221/3857
f 3290/3221/3857 3291/3294/3864 3278/3222/3858
f 3435/3163/3825 3427/3162/3824 3436/3295/3838
f 3437/3296/3834 3429/3297/3852 3438/3164/3826
f 3431/3187/3842 3432/3184/3840 3419/3188/3843
f 3437/3296/3834 3438/3164/3826 3417/3180/3837
f 3433/3182/141 3434/3192/3844 3415/3170/3830
f 3424/3298/3818 3422/3218/3855 3425/3166/3819
f 3421/3159/3821 3411/3299/3851 3427/3300/3824
f 3424/3155/3818 3414/3157/3820 3432/3184/3840
f 3426/3160/3822 3427/3300/3824 3412/3301/3823
f 3426/3160/3822 3421/3159/3821 3427/3300/3824
f 3428/3302/3827 3429/3214/3852 3413/3173/3833
f 3428/3302/3827 3413/3173/3833 3430/3168/3828
f 3425/3166/3819 3428/3165/3827 3430/3303/3828
f 3425/3304/3819 3430/3168/3828 3414/3167/3820
f 3428/3165/3827 3426/3160/3822 3429/3305/3852
f 3426/3160/3822 3412/3301/3823 3429/3305/3852
f 3423/3216/3854 3410/3306/3853 3434/3192/3844
f 3431/3187/3842 3424/3155/3818 3432/3184/3840
f 3433/3182/141 3423/3216/3854 3434/3192/3844
f 3435/3163/3825 3436/3295/3838 3416/3194/3846
f 3422/3218/3855 3409/3158/636 3425/3166/3819
f 3421/3159/3821 3422/3218/3855 3423/3307/3854
f 3421/3308/3821 3423/3216/3854 3411/3213/3851
f 3422/3218/3855 3410/3309/3853 3423/3307/3854
f 3429/3297/3852 3412/3161/3823 3438/3164/3826
f 3427/3310/3824 3411/3213/3851 3436/3181/3838
s 0
f 2177/1/1 688/33/1 686/2/1
f 686/2/2 687/6/2 682/4/2
f 503/2/3 497/5/3 499/4/3
f 503/2/1 505/33/1 2177/1/1
f 2191/7/4 695/46/4 696/8/4
f 2184/10/5 516/38/5 519/11/5
f 506/13/6 508/50/6 502/14/6
f 682/16/7 685/3311/7 683/17/7
f 703/19/3886 699/3312/3886 700/20/3886
f 2182/22/9 501/15/9 500/23/9
f 2183/25/10 500/17/10 498/18/10
f 502/27/11 508/3313/11 504/28/11
f 512/30/12 514/3314/12 511/31/12
f 520/34/15 513/8/15 2190/9/15
f 500/17/16 502/3311/16 499/16/16
f 2191/36/17 512/30/17 510/32/17
f 513/8/4 512/46/4 2191/7/4
f 519/20/3887 517/3312/3887 522/19/3887
f 2178/43/21 506/13/21 501/15/21
f 509/40/22 511/42/22 517/39/22
f 685/14/26 691/50/26 689/13/26
f 513/8/27 520/34/27 522/45/27
f 687/28/28 691/3313/28 685/27/28
f 696/8/29 697/47/29 703/45/29
f 2178/43/21 2182/22/21 684/15/21
f 699/39/33 694/42/33 692/40/33
f 2184/10/5 2185/12/5 700/11/5
f 505/51/34 504/3315/34 508/52/34
f 514/54/38 522/3316/38 517/55/38
f 691/52/40 687/3315/40 688/51/40
f 699/55/42 703/3316/42 697/54/42
f 2182/22/9 2183/24/9 683/23/9
f 1719/57/44 1700/3317/44 1735/58/44
f 1336/60/3888 1771/126/3888 1746/61/3888
f 1756/63/46 1729/149/46 1697/64/46
f 1712/66/47 1693/183/47 1725/67/47
f 1722/69/3889 1761/79/3889 1760/70/3889
f 1744/59/49 1735/58/49 1701/72/49
f 1759/74/3890 1758/68/3890 1713/75/3890
f 1769/77/3891 1736/208/3891 1723/78/3891
f 1755/80/3892 1734/137/3892 1697/81/3892
f 1329/83/53 1314/154/53 1724/84/53
f 1726/86/3893 1769/77/3893 1761/79/3893
f 1743/85/3894 1724/84/3894 1696/87/3894
f 2231/89/56 1704/151/56 1691/90/56
f 1698/92/57 1733/65/57 1757/93/57
f 1693/95/3895 1712/102/3895 1745/96/3895
f 1721/98/59 1741/127/59 1713/99/59
f 1748/101/3896 1745/96/3896 1712/102/3896
f 1710/103/62 1694/155/62 1709/104/62
f 1718/108/3897 1747/128/3897 1746/61/3897
f 1718/71/65 1760/70/65 1728/110/65
f 1757/112/3898 1734/139/3898 1321/113/3898
f 1717/115/3899 1757/112/3900 1335/114/3899
f 1694/117/68 1710/146/68 1759/74/68
f 2224/91/3901 1691/90/3901 1703/118/3901
f 1756/63/70 1733/65/70 1698/92/70
f 1723/121/3902 1736/153/3902 1770/122/3902
f 1723/121/3903 1740/123/3903 1742/124/3903
f 1771/126/3904 1726/175/3904 1722/109/3904
f 1741/127/74 1743/85/74 1714/88/74
f 1696/87/3905 1724/84/3905 1747/128/3905
f 1361/129/76 1744/59/76 1739/73/76
f 2232/131/77 1705/574/77 1692/132/77
f 1715/120/3906 1731/156/3906 1765/134/3906
f 1721/98/3907 1319/150/3907 1338/135/3907
f 1334/136/80 1321/3318/80 1734/137/80
f 1757/112/81 1733/157/81 1697/138/81
f 1731/140/3908 1715/152/3908 1762/141/3908
f 1747/128/83 1328/145/83 1327/62/83
f 2225/133/84 1692/132/554 1706/143/554
f 1743/85/86 1741/127/86 1338/135/86
f 1724/84/87 1314/154/87 1328/145/87
f 1710/146/3909 1712/66/3909 1758/68/3909
f 1758/68/89 1725/67/89 1695/147/89
f 1760/70/90 1711/158/90 1694/117/90
f 1756/63/91 1765/134/91 1732/148/91
f 1583/74/92 1540/146/92 1523/117/92
f 1553/78/3910 1566/208/3910 1593/77/3910
f 1551/98/3911 1571/127/3911 1338/135/3911
f 1543/75/3912 1582/68/3912 1583/74/3912
f 1565/58/97 1529/3317/97 1549/57/97
f 1548/108/3913 1552/109/3913 1576/61/3913
f 1571/127/99 1543/99/99 1544/88/99
f 2225/133/101 2230/144/101 1536/143/101
f 2231/89/3914 2224/91/3914 1520/90/3914
f 2224/91/3915 2229/119/3915 1533/118/3915
f 1542/102/3916 1575/96/3916 1578/101/3916
f 1561/140/3917 1587/142/3917 1586/141/3917
f 1577/128/106 1576/61/106 1327/62/106
f 1552/109/3918 1556/175/3918 1595/126/3918
f 1521/132/108 1535/574/3919 2232/131/108
f 1543/99/109 1571/127/109 1551/98/109
f 1572/124/3920 1570/123/3920 1553/121/3920
f 1553/121/3921 1570/123/3921 1594/122/3921
f 1555/67/112 1522/183/112 1542/66/112
f 1530/72/3922 1565/58/3922 1574/59/3922
f 1554/84/114 1314/154/114 1329/83/114
f 1338/135/115 1571/127/115 1573/85/115
f 1582/68/3923 1542/66/3923 1540/146/3923
f 1525/87/3924 1554/84/3924 1573/85/3924
f 1569/73/118 1574/59/118 1361/129/118
f 1522/95/3925 1550/97/3925 1575/96/3925
f 1585/79/3926 1593/77/3926 1556/86/3926
f 1552/69/3927 1548/71/3927 1584/70/3927
f 1554/84/122 1577/128/122 1328/145/122
f 1540/103/123 1578/101/123 1539/104/123
f 1525/87/3928 1548/108/3928 1577/128/3928
f 1576/61/3929 1595/126/3929 1336/60/3929
f 1580/63/126 1559/149/126 1562/148/126
f 1527/92/127 1563/65/127 1580/63/127
f 1564/137/128 1321/3318/128 1334/136/128
f 1526/81/3930 1564/137/3930 1579/80/3930
f 1335/114/3931 1581/112/3931 1547/115/3931
f 1321/113/3932 1564/139/3932 1581/112/3932
f 1545/120/3933 1580/63/3933 1589/134/3933
f 1580/63/134 1563/65/134 1526/64/134
f 1581/93/3934 1563/65/3934 1527/92/3934
f 1581/112/136 1564/139/136 1526/138/136
f 1695/100/137 1731/140/137 1763/142/137
f 1524/147/138 1555/67/138 1582/68/138
f 1548/71/139 1525/111/139 1558/110/139
f 1584/70/140 1558/110/140 1523/117/140
f 1904/159/141 2070/282/141 2067/160/141
f 1898/162/142 2070/282/142 2069/163/142
f 1736/153/143 1702/185/143 1738/165/143
f 1701/166/3935 1737/168/3935 1769/77/3935
f 1325/130/3936 1739/73/3936 1771/126/3936
f 1735/167/3937 1768/188/3937 1737/168/3937
f 1720/97/147 1764/193/147 1732/169/147
f 1731/156/148 1695/147/148 1725/67/148
f 1699/170/149 1716/174/149 1767/171/149
f 1700/173/151 1719/197/151 1767/171/151
f 1739/73/152 1701/72/152 1726/175/152
f 1762/141/3938 1715/152/3938 1698/176/3938
f 1738/165/154 1766/186/3939 1343/178/154
f 1881/180/3940 1884/301/3940 1879/181/3940
f 1765/134/156 1725/67/156 1693/183/156
f 1762/141/3941 1351/191/3941 1356/184/3941
f 1702/185/3942 1730/209/3942 1766/186/3942
f 1700/187/160 1716/220/160 1768/188/160
f 1766/186/3943 1727/210/3943 1323/189/3943
f 1762/141/3944 1717/177/3944 1320/190/3944
f 1768/188/3945 1730/195/3945 1702/192/3945
f 1764/193/164 1755/80/164 1729/82/164
f 1585/79/3946 1584/70/3946 1541/158/3946
f 1768/188/166 1716/220/166 1699/194/166
f 1767/171/167 1340/198/167 1323/196/167
f 1719/197/168 1324/3319/168 1340/198/168
f 1873/199/3947 1870/273/3948 1907/200/3947
f 1916/202/3949 1822/298/3949 1824/203/3949
f 2056/205/171 2073/313/171 1910/206/171
f 1566/208/3950 1531/192/3950 1567/168/3950
f 1524/100/173 1551/98/173 1587/142/173
f 1593/77/3951 1567/168/3951 1530/166/3951
f 1595/126/3952 1569/73/3952 1325/130/3952
f 1560/209/176 1590/186/176 1557/210/176
f 1566/153/177 1594/122/177 1568/165/177
f 1555/67/178 1524/147/178 1561/156/178
f 1591/171/3953 1549/197/3953 1529/173/3953
f 1528/170/181 1557/172/181 1591/171/181
f 1562/169/182 1588/193/182 1550/97/182
f 1568/165/183 1326/179/183 1343/178/183
f 1586/141/3954 1547/177/3954 1527/176/3954
f 1834/212/185 1892/308/185 1911/213/185
f 1556/175/186 1530/72/186 1569/73/186
f 1522/183/188 1555/67/188 1589/134/188
f 1356/184/3955 1351/191/3955 1586/141/3955
f 1319/150/3956 1356/184/3956 1587/142/3956
f 1531/185/3957 1568/165/3957 1590/186/3957
f 2065/214/3958 1828/309/3958 1832/215/3958
f 1592/188/193 1546/220/193 1529/187/193
f 1590/186/3959 1343/178/3959 1323/189/3959
f 1885/217/3960 1876/297/3960 1901/218/3960
f 1320/190/3961 1547/177/3961 1586/141/3961
f 1567/168/3962 1592/188/3962 1565/167/3962
f 1531/192/3963 1560/195/3963 1592/188/3963
f 1559/82/200 1579/80/200 1588/193/200
f 1323/196/201 1340/198/201 1591/171/201
f 1592/188/202 1560/195/202 1528/194/202
f 1874/221/3964 1875/3320/3964 1877/222/3964
f 1340/198/204 1324/3319/204 1549/197/204
f 1877/224/3965 1875/314/3965 1883/225/3965
f 2053/227/3966 1826/3321/3966 1828/228/3966
f 1824/230/3967 1831/271/3967 1915/231/3967
f 1909/233/3968 1869/312/3968 1868/234/3968
f 1910/236/3969 1893/414/209 1867/237/209
f 1868/234/211 1869/312/211 1827/238/211
f 1879/181/213 1884/301/213 1902/240/212
f 1878/182/3970 1879/181/3970 1901/241/3970
f 1898/243/3971 1872/283/3971 1871/244/3971
f 1872/164/3972 2069/163/3972 2072/246/3972
f 1911/248/141 1892/284/141 2068/249/141
f 2053/250/3973 2067/160/3973 1833/251/3973
f 1897/253/3974 1871/418/3974 2056/205/3974
f 1883/255/3975 1875/3322/3975 1874/256/3975
f 1910/206/171 2073/313/171 2055/258/171
f 2054/216/171 2071/254/171 1905/260/171
f 1918/262/3976 1912/302/3976 1881/180/3976
f 2109/264/221 2106/397/221 2289/265/221
f 1876/223/222 1877/222/222 1900/267/222
f 1911/248/141 2072/246/141 2069/163/141
f 1886/270/3977 1891/261/3977 1831/271/3977
f 1905/272/225 1894/431/225 1870/273/225
f 2053/250/3978 1888/295/3978 1890/161/3978
f 1828/275/3979 1826/310/3979 1833/276/3979
f 1873/199/3980 1895/311/3980 1904/278/3980
f 1900/280/3981 1877/224/3981 1880/226/3981
f 2070/282/141 1904/159/141 1895/269/141
f 1913/204/3982 1883/255/3982 1882/257/3982
f 1872/283/3983 1909/233/3983 1908/235/3983
f 1892/284/231 1889/3323/231 2066/285/231
f 1885/217/232 1914/341/232 1916/286/232
f 2072/246/233 2068/249/233 1869/288/233
f 2066/428/3984 1889/3324/3984 1823/289/3984
f 1825/290/3985 1887/3325/3985 1920/291/3985
f 2066/428/3986 1823/289/3986 1920/291/3986
f 1893/259/235 2055/258/235 1920/292/235
f 1903/281/171 1880/226/171 1915/231/171
f 1888/295/236 1822/365/236 1830/296/236
f 1882/287/237 1874/3326/237 1876/297/237
f 1822/298/3987 1888/307/3987 1886/299/3987
f 2055/258/3988 1868/306/3988 1829/300/3988
f 1884/301/240 1881/180/240 1912/302/240
f 1854/199/241 1941/201/241 1942/200/241
f 1861/226/242 1950/231/242 1948/232/242
f 1848/237/243 1847/212/3989 1836/304/3989
f 1933/162/244 1853/164/244 1964/163/244
f 1962/160/141 1965/282/141 1939/159/141
f 1945/206/171 1968/313/171 1959/205/171
f 1862/180/3990 1859/182/3990 1860/181/3990
f 1951/202/3991 1948/204/3991 1837/203/3991
f 1958/258/3992 1955/292/3992 1842/300/3992
f 1858/222/248 1856/3320/248 1855/221/248
f 1865/301/249 1952/303/249 1947/302/249
f 1835/298/3993 1837/203/3993 1921/299/3993
f 1950/231/171 1861/226/171 1938/281/171
f 1857/297/251 1855/3326/251 1863/287/251
f 1928/259/3994 1922/293/3994 1955/292/3994
f 1963/249/141 1927/284/141 1946/248/141
f 1841/228/3995 1839/3321/3995 1956/227/3995
f 1847/212/254 1941/201/254 1946/213/254
f 1843/296/255 1835/365/255 1923/295/255
f 1960/214/3996 1957/216/3996 1845/215/3996
f 1836/289/3997 1924/3324/3997 1961/428/3997
f 1961/428/3997 1955/291/3997 1836/289/3997
f 1955/291/3997 1922/3325/3997 1838/290/3997
f 1851/273/3998 1929/431/3998 1940/272/258
f 1961/285/259 1924/3323/259 1927/284/259
f 1850/288/260 1963/249/260 1967/246/260
f 1956/250/3999 1962/160/3999 1925/161/3999
f 1951/286/262 1949/341/262 1866/217/262
f 1841/275/4000 1845/277/4000 1846/276/4000
f 1948/204/3991 1951/202/3991 1863/257/3991
f 1854/199/4001 1934/279/4001 1939/278/4002
f 1943/235/4003 1944/233/4003 1853/283/4003
f 1857/223/268 1936/268/268 1935/267/268
f 1861/226/4004 1858/224/4004 1935/280/4004
f 1965/282/141 1964/163/141 1930/269/141
f 1852/244/4005 1853/283/4005 1933/243/4005
f 1944/233/4006 1943/235/4006 1849/234/4006
f 1853/164/4007 1944/247/4007 1967/246/4007
f 1950/231/4008 1844/271/4009 1837/230/4008
f 1860/181/4010 1936/241/4010 1937/240/4010
f 1846/251/4011 1962/160/4011 1956/250/4011
f 1959/205/4012 1852/418/4012 1932/253/4012
f 1964/163/141 1967/246/141 1946/248/141
f 1936/241/4013 1860/181/4013 1859/182/4013
f 1936/218/280 1857/297/280 1866/217/280
f 1921/270/4014 1837/230/4014 1844/271/4014
f 1849/234/282 1842/239/282 1840/238/282
f 1855/256/4015 1856/3322/4015 1864/255/4015
f 1945/206/171 1928/259/171 1958/258/171
f 1940/260/171 1966/254/171 1957/216/171
f 1858/224/4016 1861/226/4016 1864/225/4016
f 1848/237/285 1928/414/4017 1945/236/4017
f 2103/315/4018 2077/441/4018 2075/316/4018
f 2260/318/4019 2261/321/4019 2283/319/4019
f 2261/321/288 2266/410/288 2284/322/288
f 2303/323/3966 2078/3327/3966 2088/324/3966
f 2282/326/289 2259/352/4020 2262/327/289
f 2280/329/4021 2312/333/4021 2311/330/4021
f 2102/317/292 2274/444/292 2293/332/292
f 1831/271/171 1896/392/171 1918/294/171
f 2312/333/141 2286/337/141 2277/334/141
f 1833/276/293 1898/243/293 1897/245/293
f 2262/327/294 2265/353/294 2295/335/294
f 2286/337/141 2312/333/141 2309/338/141
f 1919/340/141 1899/415/141 1830/296/141
f 2308/477/295 2271/3328/295 2075/342/295
f 2077/343/3986 2269/3329/3986 2302/344/3986
f 2308/477/418 2075/342/418 2302/344/418
f 1912/302/296 1918/262/296 1896/345/297
f 2074/347/3987 2270/443/3987 2268/348/3987
f 2108/331/4022 2311/330/4022 2314/350/4022
f 2259/352/4023 2113/450/4023 2265/353/4023
f 1906/201/4024 1911/213/4024 1895/311/4024
f 2105/354/4025 2079/3330/4025 2091/355/4025
f 1888/307/4026 2053/227/4026 2065/229/4026
f 1919/357/4027 1902/240/4027 1884/301/4027
f 2264/358/4028 2110/3331/4028 2258/359/4028
f 2279/361/305 2107/500/305 2306/362/305
f 2263/364/4029 2266/410/4029 2261/321/4029
f 1914/341/307 1830/296/307 1822/365/307
f 2292/366/308 2275/460/4030 2103/315/308
f 2285/328/171 2262/327/171 2297/336/171
f 2265/368/219 2113/3332/219 2110/369/219
f 1889/371/309 1892/308/309 1834/212/309
f 2067/160/4031 2070/282/4031 1898/162/4031
f 2274/372/4032 2271/3333/4032 2308/373/4032
f 1908/375/312 1868/306/312 2055/258/312
f 2071/254/171 2056/205/171 1894/207/171
f 1870/273/313 1873/199/313 1917/376/313
f 2267/360/314 2258/359/314 2283/378/314
f 2054/216/315 1832/215/315 1897/253/315
f 2065/214/316 2054/216/316 1891/261/316
f 2270/380/317 2074/548/317 2092/381/317
f 2267/360/318 2296/504/318 2298/382/318
f 2304/383/171 2313/363/171 2287/384/171
f 2298/386/3949 2074/347/3949 2076/349/3949
f 1914/341/141 1885/217/141 1902/219/141
f 2076/388/319 2093/420/319 2297/336/319
f 2314/350/320 2310/374/320 2105/389/320
f 2291/390/4033 2105/354/4033 2104/356/4033
f 1891/261/171 1905/260/171 1896/392/171
f 2258/393/4034 2259/433/4034 2282/394/4034
f 2287/396/323 2276/493/323 2106/397/323
f 2306/362/171 2315/449/171 2292/399/171
f 2275/401/4035 2305/429/4035 2302/402/4035
f 2078/404/4036 2101/515/4036 2099/405/4036
f 2109/264/4037 2277/447/4038 2286/407/4037
f 2293/409/141 2314/350/141 2311/330/141
f 2266/410/328 2263/364/328 2294/411/328
f 1887/413/329 1825/305/329 1867/237/329
f 1899/415/141 1904/159/141 1890/161/141
f 1903/263/4039 1881/180/330 1878/182/330
f 2307/416/4040 2088/445/4040 2099/417/4040
f 2073/313/4041 2056/205/4041 1871/418/4041
f 2273/385/171 2287/384/171 2278/419/171
f 1907/200/4042 1867/237/4042 1834/212/4042
f 2295/387/3982 2265/368/3982 2264/370/3982
f 2108/421/4043 2291/390/4043 2290/391/4043
f 2303/423/335 2309/338/335 2101/424/335
f 2068/249/336 2066/285/336 1827/426/336
f 1829/427/441 1827/448/441 2066/428/441
f 2292/399/171 2315/449/171 2305/429/171
f 1917/303/338 1873/446/338 1899/430/338
f 2303/423/340 2270/380/340 2272/339/340
f 1894/431/341 1910/236/341 1907/200/341
f 2110/432/4044 2113/3334/4044 2259/433/4044
f 2280/434/4045 2108/421/4045 2107/422/4045
f 2305/429/344 2104/442/344 2091/436/344
f 2293/409/141 2274/372/141 2310/374/141
f 2326/437/345 2319/3335/345 2358/438/345
f 2268/440/4046 2273/385/4046 2093/420/4046
f 1953/262/4047 1938/263/4047 1862/180/4047
f 1988/264/348 2021/266/348 2022/265/348
f 1995/327/349 2030/336/349 2028/335/349
f 1982/315/4048 1981/317/4048 1970/316/4048
f 2013/329/4049 1987/331/4049 2044/330/4049
f 1937/219/141 1866/217/141 1949/341/141
f 2042/338/141 2045/333/141 2019/337/141
f 2025/399/171 2048/449/171 2039/362/171
f 1996/364/4050 1993/318/4050 1994/321/4050
f 1952/376/353 1854/199/353 1851/273/353
f 1931/392/171 1940/260/171 1926/261/171
f 1932/245/354 1933/243/354 1846/276/354
f 2031/386/206 2028/387/206 1971/349/206
f 2038/429/355 2035/402/355 1976/436/355
f 1992/433/4051 1990/3334/4051 1989/432/4051
f 1960/229/4052 1956/227/4052 1923/307/4052
f 1999/410/358 2032/412/358 2027/411/358
f 1969/347/3993 1971/349/3993 2001/348/3993
f 1949/341/359 1951/286/359 1835/365/359
f 2030/336/171 1995/327/171 2018/328/171
f 1954/357/4053 1952/303/4053 1865/301/4053
f 1930/311/4054 1946/213/4054 1941/201/4054
f 1848/237/362 1838/305/362 1922/413/362
f 1991/359/4055 1989/3331/4055 1997/358/4055
f 1925/161/141 1939/159/141 1934/415/141
f 1960/214/364 1921/270/364 1926/261/364
f 2008/401/325 2002/403/325 2035/402/325
f 1957/216/366 1966/254/366 1932/253/366
f 2043/374/141 2007/372/141 2026/409/141
f 1975/324/4056 1973/3327/4056 2036/323/4056
f 1981/317/367 2021/266/4057 2026/332/367
f 1977/381/368 1969/548/368 2003/380/368
f 2040/416/4058 2037/383/4058 1979/417/4058
f 1970/342/4059 2004/3328/4059 2041/477/4059
f 2041/477/4060 2035/344/4060 1970/342/4060
f 2035/344/4059 2002/3329/4059 1972/343/4059
f 1952/303/371 1954/357/371 1934/430/371
f 1985/397/373 2009/493/373 2020/396/373
f 1958/258/375 1849/306/375 1943/375/375
f 1924/371/376 1836/304/376 1847/212/376
f 2041/373/4061 2004/3333/4061 2007/372/4061
f 1984/389/378 2043/374/378 2047/350/378
f 2036/423/379 2042/338/379 2005/339/379
f 1968/313/4062 1943/375/4062 1852/418/4062
f 1933/162/4063 1965/282/4063 1962/160/4063
f 2031/382/382 2029/504/382 2000/360/382
f 1979/405/4064 1980/515/4064 1973/404/4064
f 2028/387/3991 2031/386/3991 1997/370/3991
f 1942/200/385 1945/236/385 1929/431/385
f 1988/264/386 2014/408/4065 2019/407/4065
f 2023/391/4066 2024/390/4066 1987/421/4066
f 1938/263/388 1935/242/388 1859/182/388
f 1942/200/4067 1941/201/4067 1847/212/4067
f 1991/393/4068 2016/395/4068 2015/394/4068
f 1995/327/4069 1992/352/4069 2015/326/4069
f 2045/333/141 2044/330/141 2010/334/141
f 1840/426/392 1961/285/392 1963/249/392
f 1953/294/171 1931/392/171 1844/271/171
f 1842/427/4070 1955/291/4070 1961/428/4070
f 1986/422/4071 1987/421/4071 2013/434/4071
f 2024/390/4072 2023/391/4072 1983/356/4072
f 1987/331/4073 2024/351/4073 2047/350/4073
f 2030/336/397 1978/420/397 1971/388/397
f 1994/321/398 2016/319/398 2017/322/398
f 1980/424/400 2042/338/400 2036/423/400
f 2039/362/4074 1986/500/4074 2012/361/4074
f 2044/330/141 2047/350/141 2026/409/141
f 2016/319/4075 1994/321/4075 1993/318/4075
f 2016/378/403 1991/359/403 2000/360/403
f 2001/440/4076 1971/388/4076 1978/420/4076
f 1976/355/4077 1974/3330/4077 1984/354/4077
f 1989/369/283 1990/3332/283 1998/368/283
f 2025/399/171 2008/401/171 2038/429/171
f 1947/302/407 1851/346/406 1931/345/407
f 2020/384/171 2046/363/171 2037/383/171
f 1843/296/141 1934/415/141 1954/340/141
f 1929/207/171 1959/205/171 1966/254/171
f 1992/352/4078 1995/327/4078 1998/353/4078
f 1982/315/4079 2008/460/4079 2025/366/409
f 2294/411/410 2300/516/410 2278/451/410
f 2319/453/441 2318/563/441 2362/454/441
f 2322/456/4080 2341/536/4080 2367/457/4080
f 2269/459/412 2077/441/412 2103/315/412
f 2368/461/141 2351/512/141 2336/462/141
f 2289/265/413 2103/315/413 2102/317/413
f 2270/443/4026 2303/323/4026 2307/325/4026
f 2323/464/4081 2342/527/4081 2341/465/4081
f 2343/467/4082 2344/525/4082 2334/468/4082
f 2330/470/4083 2365/513/4083 2368/461/4083
f 2317/472/416 2316/508/416 2324/473/416
f 2301/475/4084 2284/322/417 2266/410/417
f 2091/476/4085 2079/558/4085 2308/477/4085
f 2325/474/4086 2324/473/4086 2346/478/4086
f 2331/480/4087 2339/556/4088 2344/481/4087
f 2328/483/421 2331/480/421 2355/484/421
f 2310/374/422 2308/373/422 2079/486/422
f 2321/487/171 2340/540/171 2356/488/171
f 2361/490/4089 2369/505/4089 2350/491/4089
f 2276/493/4090 2292/366/4090 2289/265/4090
f 2313/363/171 2306/362/171 2276/400/171
f 2327/494/4091 2364/463/4091 2362/495/4091
f 2307/416/4092 2304/383/4092 2273/385/4092
f 2327/497/427 2318/3336/427 2319/498/427
f 2315/449/428 2306/362/428 2107/500/428
f 2367/457/4093 2361/490/429 2338/492/429
f 2304/383/315 2099/417/315 2279/361/315
f 2301/503/141 2281/552/141 2092/381/141
f 2093/420/171 2278/419/171 2300/367/171
f 2349/471/430 2368/461/430 2364/463/430
f 2369/505/171 2360/439/171 2337/506/171
f 2333/507/4094 2336/555/4094 2324/473/4094
f 2285/509/4095 2263/364/432 2260/318/432
f 2106/397/433 2109/264/433 2299/510/433
f 2288/266/4096 2293/332/4096 2277/447/434
f 2351/512/435 2368/461/435 2365/513/435
f 2101/515/436 2280/434/436 2279/435/436
f 2300/516/4097 2294/411/4097 2263/364/4097
f 2328/517/4098 2338/561/438 2350/518/438
f 2309/338/4031 2312/333/4031 2280/329/4031
f 2357/520/141 2343/467/141 2320/469/141
f 2342/522/440 2366/542/440 2365/513/440
f 2362/454/4099 2333/3337/4099 2316/523/4099
f 2317/524/4100 2332/3338/4100 2358/455/4100
f 2362/454/4101 2316/523/4101 2358/455/4101
f 2344/525/141 2366/542/141 2363/526/141
f 2342/527/4102 2330/531/4102 2329/528/4102
f 2349/529/443 2327/497/443 2326/499/443
f 2330/531/4103 2349/529/4103 2348/530/4103
f 2331/532/4104 2328/517/4104 2347/519/4104
f 2352/485/4105 2356/562/4105 2340/534/4105
f 2324/473/4106 2336/555/4106 2351/535/4106
f 2341/536/448 2329/551/448 2361/490/448
f 2271/537/449 2274/444/449 2102/317/449
f 2360/439/4107 2358/438/4107 2332/538/4107
f 2359/458/171 2367/457/171 2345/502/171
f 2296/504/141 2267/360/141 2284/379/141
f 2335/539/171 2345/502/171 2340/540/171
f 2345/541/451 2338/3339/451 2328/483/451
f 2366/542/452 2344/525/452 2339/514/452
f 2331/532/4108 2346/533/4108 2351/543/4108
f 2355/484/4109 2331/480/4110 2343/482/4110
f 2323/546/456 2363/526/456 2366/542/456
f 2348/547/457 2326/437/457 2360/439/457
f 2296/504/458 2092/381/4111 2074/548/458
f 2290/501/459 2104/442/459 2305/429/459
f 2347/479/460 2350/560/460 2337/549/460
f 2364/463/461 2336/462/461 2333/550/461
f 2369/505/462 2361/490/462 2329/551/462
f 2281/552/141 2286/337/141 2272/339/141
f 2299/412/4112 2109/557/4112 2281/553/4112
f 2332/554/4113 2317/472/4113 2325/474/4113
f 2011/419/171 2020/384/171 2006/385/171
f 2130/438/466 2052/3335/466 2080/437/466
f 2061/473/4114 2049/508/4114 2050/472/4114
f 2027/411/468 1985/452/468 2011/451/468
f 2022/265/469 2021/266/469 1981/317/469
f 2033/516/4115 2018/509/4115 1996/364/4115
f 2034/475/472 2032/412/472 1999/410/472
f 2084/528/4116 2085/531/4116 2114/527/4116
f 2040/416/4117 2001/440/4117 2006/385/4117
f 2096/506/171 2132/439/171 2141/505/171
f 2114/522/475 2085/470/475 2137/513/475
f 2085/470/4118 2121/471/4118 2140/461/4118
f 2012/435/478 2013/434/478 1980/515/478
f 2005/339/141 2019/337/141 2014/552/141
f 2136/463/479 2134/495/479 2089/550/479
f 2122/491/4119 2141/505/4119 2133/490/4119
f 2061/473/4120 2118/478/4120 2123/535/4120
f 2086/480/4121 2115/482/4121 2116/481/4121
f 2052/498/484 2051/3336/484 2081/497/484
f 2048/449/485 2023/501/485 1986/500/485
f 2022/265/4122 2025/366/4122 2009/493/4122
f 1974/486/4123 2041/373/4123 2043/374/487
f 2133/490/488 2084/551/488 2111/536/488
f 2009/400/171 2039/362/171 2046/363/171
f 2004/537/489 1970/316/489 1981/317/489
f 2032/510/490 1988/264/490 1985/397/490
f 2121/529/491 2120/530/491 2080/499/491
f 2018/509/492 2015/320/492 1993/318/492
f 2032/412/493 2034/475/493 2014/553/493
f 1982/315/495 1972/441/495 2002/459/495
f 2040/325/4052 2036/323/4052 2003/443/4052
f 2010/447/496 2026/332/496 2021/266/4124
f 2117/502/171 2139/457/171 2131/458/171
f 1976/476/4060 2035/344/4060 2041/477/4060
f 2029/504/498 2031/382/498 1969/548/498
f 2135/526/141 2138/542/141 2116/525/141
f 2121/471/499 2081/494/499 2136/463/499
f 2037/383/366 2046/363/366 2012/361/366
f 2033/367/171 2011/419/171 1978/420/171
f 2013/329/4063 2045/333/4063 2042/338/4063
f 2038/429/500 1983/442/500 2023/501/500
f 2017/379/141 2000/360/141 2029/504/141
f 1977/381/141 2014/552/141 2034/503/141
f 2137/513/501 2140/461/501 2123/512/501
f 2120/530/4125 2121/529/4125 2085/531/4125
f 1324/559/503 1719/57/503 1744/59/503
f 1728/110/504 1759/74/504 1714/76/504
f 1711/125/505 1742/124/505 1709/104/505
f 2083/483/506 2097/3339/506 2117/541/506
f 2119/479/507 2062/474/507 2096/549/507
f 2086/532/4126 2118/533/4126 2119/519/4126
f 2138/542/509 2137/513/509 2098/514/509
f 2087/538/4127 2130/438/4127 2132/439/4127
f 2100/540/171 2117/502/171 2094/539/171
f 2049/523/4128 2089/3337/4128 2134/454/4128
f 2134/454/4129 2130/455/4129 2049/523/4129
f 2130/455/4130 2087/3338/4130 2050/524/4130
f 2140/461/141 2136/463/141 2095/462/141
f 2090/468/4131 2116/525/4131 2115/467/4131
f 2127/484/4132 2129/545/4132 2115/482/4132
f 2111/465/4133 2114/527/4133 2060/464/4133
f 2060/546/513 2114/522/513 2138/542/513
f 2141/505/514 2120/547/514 2084/551/514
f 2057/469/141 2115/467/141 2129/520/141
f 2127/484/515 2086/480/515 2083/483/515
f 2083/517/4134 2119/519/4134 2122/518/4134
f 2139/457/4135 2111/536/4135 2059/456/4135
f 2086/532/4136 2098/544/4137 2123/543/4137
f 2081/494/4138 2051/496/4138 2134/495/4138
f 2124/485/4139 2083/483/4139 2100/534/4139
f 2052/453/4070 2130/455/4070 2134/454/4070
f 2089/507/4140 2049/508/4140 2061/473/4140
f 2062/474/4141 2050/472/4141 2087/554/4141
f 2128/488/171 2100/540/171 2058/487/171
f 2097/492/524 2133/490/4142 2139/457/4142
f 2132/439/525 2080/437/525 2120/547/525
f 2118/478/4143 2061/473/4143 2062/474/4143
f 1720/97/527 1745/96/527 2236/564/527
f 1703/118/4144 1707/569/4144 2228/566/4144
f 1740/123/4145 2234/571/4145 2235/567/4145
f 1745/96/531 1748/101/531 2237/568/531
f 2227/565/532 2238/3340/532 1764/193/532
f 1708/106/4146 2233/105/4146 2228/566/4146
f 1704/151/4147 2231/89/4147 2230/144/4148
f 1740/123/4149 1770/122/4149 2239/570/4149
f 1539/104/537 1572/124/537 1541/125/537
f 1737/168/4150 1702/192/4150 1736/208/4150
f 1763/142/4151 1356/184/4151 1319/150/4151
f 1880/226/540 1883/225/540 1913/232/540
f 1730/209/541 1699/211/541 1727/210/541
f 1574/59/542 1549/57/542 1324/559/542
f 1867/237/4152 1825/305/4152 1823/304/4152
f 1544/76/544 1583/74/544 1558/110/544
f 1761/79/4153 1723/78/4153 1711/158/4153
f 693/32/17 695/30/17 2191/36/17
f 694/31/546 697/3314/546 695/30/546
f 681/18/10 683/17/10 2183/25/10
f 2190/9/15 696/8/15 701/34/15
f 2228/566/4154 1537/569/4154 1533/118/547
f 1575/96/549 2236/564/549 2237/568/549
f 2235/567/4155 2234/571/4155 1570/123/4155
f 1570/123/4156 2234/571/4156 2239/570/4156
f 1534/151/4157 1536/143/4157 2230/144/4157
f 2228/566/4158 2233/105/4158 1538/106/4158
f 1550/97/554 2227/565/554 2236/564/554
f 1588/193/555 2238/3340/555 2227/565/555
f 2226/572/556 2235/567/556 1572/124/556
f 1578/101/557 2237/568/557 2226/572/557
f 1594/122/558 2239/570/558 1326/179/558
f 2238/3340/559 1588/193/559 1318/573/559
f 1588/193/559 1579/80/559 1318/573/559
f 509/40/561 2188/578/561 2189/576/561
f 2186/35/562 2187/3341/562 521/44/562
f 521/21/563 2187/3342/563 2185/577/563
f 516/38/564 2184/10/564 2188/578/564
f 2180/579/565 2181/3343/565 498/48/565
f 506/13/566 2178/43/566 2179/580/566
f 507/53/567 2179/3344/567 2177/581/567
f 727/3/568 2180/579/568 497/5/568
f 1742/124/569 2235/567/569 2226/572/569
f 1748/101/570 1709/104/570 2226/572/570
f 1770/122/571 1738/165/571 1326/179/571
f 1755/80/572 1764/193/572 1318/573/572
f 1764/193/572 2238/3340/572 1318/573/572
f 692/40/561 693/41/561 2189/576/561
f 702/44/562 2187/3341/562 2186/35/562
f 2185/577/563 2187/3342/563 702/21/563
f 698/38/564 692/40/564 2188/578/564
f 681/48/565 2181/3343/565 2180/579/565
f 689/13/566 690/49/566 2179/580/566
f 2177/581/567 2179/3344/567 690/53/567
f 680/5/568 2180/579/568 727/3/568
f 3179/582/574 3166/3345/574 3164/583/574
f 3185/585/575 3180/666/575 3176/586/575
f 3140/588/576 3142/3346/576 3155/589/576
f 3152/591/577 3156/629/577 3161/592/577
f 3154/594/578 3143/608/578 3148/595/578
f 3141/597/579 3146/3347/579 3150/598/579
f 3147/600/580 3158/3348/580 3162/601/580
f 3145/609/589 3146/611/589 3141/604/589
f 3140/624/590 3141/597/590 3144/599/590
f 3143/608/4159 3144/607/4159 3150/612/4159
f 3150/598/4160 3146/3347/4160 3147/626/4160
f 3157/619/593 3158/621/593 3147/610/593
f 3149/613/594 3162/622/594 3160/596/594
f 3161/592/595 3162/3349/595 3158/628/595
f 3152/616/4161 3159/620/4161 3157/619/4161
f 3161/623/597 3156/617/597 3154/594/597
f 3156/629/4162 3152/591/4162 3153/630/4162
f 3139/603/599 3140/605/599 3153/615/599
f 3155/618/600 3142/606/600 3143/608/600
f 3139/603/601 3151/614/601 3157/619/601
f 3172/632/602 3167/669/602 3178/633/602
f 3165/635/603 3168/646/603 3174/636/603
f 3171/638/604 3173/3350/604 3186/639/604
f 3169/647/613 3163/641/613 3165/643/613
f 3164/660/614 3166/644/614 3168/646/614
f 3167/645/4163 3172/650/4163 3174/636/4163
f 3171/661/4164 3170/637/4164 3174/636/4164
f 3181/662/617 3169/647/617 3171/649/617
f 3184/634/618 3186/659/618 3173/664/618
f 3185/585/619 3183/587/619 3182/657/619
f 3181/656/4165 3183/587/4165 3176/586/4165
f 3178/633/621 3180/655/621 3185/658/621
f 3177/653/4166 3176/586/4166 3180/666/4166
f 3163/641/623 3175/3351/623 3177/668/623
f 3167/669/624 3166/3352/624 3179/654/624
f 3181/662/625 3175/3351/625 3163/641/625
f 3326/670/626 3356/674/626 3387/671/626
f 3325/673/627 3353/678/627 3387/671/627
f 3324/675/628 3358/682/628 3388/676/628
f 3353/678/629 3337/704/629 3376/679/629
f 3352/672/4167 3387/671/4167 3376/679/4167
f 3323/681/631 3350/684/631 3388/676/631
f 3323/681/632 3355/687/632 3389/683/632
f 3350/684/633 3335/692/633 3378/685/633
f 3354/677/4168 3388/676/4168 3378/685/4168
f 3326/670/635 3352/672/635 3389/683/635
f 3320/688/636 3345/694/636 3390/689/636
f 3352/672/4169 3338/680/4169 3375/691/4169
f 3350/684/686 3389/683/686 3375/691/686
f 3322/693/636 3347/740/636 3390/689/636
f 3325/673/639 3357/699/639 3391/695/639
f 3390/689/636 3347/740/636 3321/696/636
f 3390/689/636 3349/697/636 3319/698/636
f 3324/675/640 3354/677/640 3391/695/640
f 3342/700/641 3382/705/641 3392/701/641
f 3354/677/4170 3336/686/4170 3377/703/4170
f 3353/678/643 3391/695/643 3377/703/643
f 3382/705/4171 3326/3353/4171 3355/706/4171
f 3341/707/645 3381/712/645 3393/708/645
f 3355/706/688 3323/3354/688 3351/710/688
f 3392/701/647 3351/710/647 3339/711/647
f 3381/712/4172 3325/3355/4172 3356/713/4172
f 3340/714/649 3380/719/649 3394/715/649
f 3356/713/4173 3326/3356/4173 3382/717/4173
f 3393/708/651 3382/717/651 3342/718/651
f 3380/719/4174 3324/3357/4174 3357/720/4174
f 3339/721/653 3351/726/653 3395/722/653
f 3357/720/691 3325/3358/691 3381/724/691
f 3394/715/655 3381/724/655 3341/725/655
f 3351/726/4175 3323/3359/4175 3358/727/4175
f 3319/698/4176 3362/3360/4176 3396/728/4176
f 3358/727/658 3324/3361/658 3380/729/658
f 3395/722/659 3380/729/659 3340/730/659
f 3362/731/4177 3330/938/4177 3363/732/4177
f 3320/688/4178 3344/3362/4178 3397/734/4178
f 3363/732/701 3327/920/701 3344/735/701
f 3396/728/4179 3344/3362/4179 3320/688/4179
f 3344/736/4180 3327/937/4180 3364/737/4180
f 3322/693/4181 3346/3363/694 3398/739/694
f 3364/737/698 3328/935/698 3346/741/698
f 3397/734/697 3346/3363/697 3322/693/697
f 3346/742/4182 3328/931/4182 3365/743/4182
f 3321/696/4183 3348/3364/4183 3399/745/4183
f 3365/743/4184 3329/923/4184 3348/746/4184
f 3398/739/4185 3348/3364/4186 3321/696/4186
f 3348/747/4187 3329/928/4187 3366/748/4187
f 3335/750/4188 3367/3365/4188 3400/751/4188
f 3366/748/703 3330/925/703 3362/753/703
f 3399/745/702 3362/3360/702 3319/698/702
f 3331/754/676 3368/3366/676 3400/755/676
f 3336/757/707 3372/871/707 3401/758/707
f 3400/755/678 3368/3366/678 3332/760/678
f 3400/751/709 3372/3367/709 3336/762/709
f 3332/760/708 3369/940/708 3401/763/708
f 3337/764/4189 3373/861/4189 3402/765/4189
f 3401/763/4190 3369/940/4190 3334/767/4190
f 3401/758/4191 3373/3368/4191 3337/769/4191
f 3194/770/631 3220/773/631 3255/771/631
f 3220/773/633 3206/3369/633 3244/774/633
f 3244/774/634 3205/3370/634 3221/775/634
f 3255/771/628 3221/775/628 3193/776/628
f 3192/777/627 3222/780/627 3256/778/627
f 3222/780/629 3204/3371/629 3246/781/629
f 3246/781/630 3203/3372/630 3218/782/630
f 3256/778/626 3218/782/626 3191/783/626
f 3191/783/635 3218/782/635 3257/784/635
f 3218/782/4192 3203/3372/4192 3243/786/4192
f 3243/786/4193 3206/3369/4193 3220/773/4193
f 3257/784/632 3220/773/632 3194/770/632
f 3188/787/636 3211/791/636 3258/788/636
f 3187/790/636 3217/853/636 3258/788/636
f 3258/788/636 3217/853/636 3189/792/636
f 3258/788/636 3215/793/636 3190/794/636
f 3193/776/640 3221/775/640 3259/795/640
f 3221/775/642 3205/3370/642 3245/797/642
f 3245/797/643 3204/3371/643 3222/780/643
f 3259/795/639 3222/780/639 3192/777/639
f 3210/798/647 3254/802/647 3260/799/647
f 3207/801/641 3219/803/641 3260/799/641
f 3219/803/4171 3191/829/4171 3223/804/4171
f 3250/800/4194 3260/799/4194 3223/804/4194
f 3209/806/659 3253/810/659 3261/807/659
f 3210/809/653 3250/811/653 3261/807/653
f 3250/811/4195 3194/3373/4195 3224/812/4195
f 3249/808/658 3261/807/658 3224/812/658
f 3208/814/655 3252/818/655 3262/815/655
f 3209/817/649 3249/819/649 3262/815/649
f 3249/819/4174 3193/3374/4174 3225/820/4174
f 3248/816/654 3262/815/654 3225/820/654
f 3207/822/651 3251/826/651 3263/823/651
f 3208/825/645 3248/827/645 3263/823/645
f 3248/827/648 3192/3375/648 3226/828/648
f 3219/824/4196 3263/823/4196 3226/828/4196
f 3187/790/4185 3211/791/4185 3264/830/4185
f 3188/787/4197 3212/838/4197 3264/830/4197
f 3212/832/4182 3195/897/4182 3231/833/4182
f 3230/835/4198 3264/834/4198 3231/833/4198
f 3188/787/667 3213/789/667 3265/837/667
f 3190/794/4178 3214/845/4178 3265/837/4178
f 3214/839/4180 3196/901/4180 3232/840/4180
f 3212/842/666 3265/841/666 3232/840/666
f 3190/794/4199 3215/793/4199 3266/844/4199
f 3189/792/4200 3216/852/657 3266/844/657
f 3216/846/4201 3197/905/4201 3233/847/4201
f 3214/849/4202 3266/848/4202 3233/847/4202
f 3189/792/675 3217/853/675 3267/851/675
f 3187/790/4183 3230/831/4183 3267/851/4183
f 3230/854/4187 3198/910/4187 3234/855/4187
f 3216/857/674 3267/856/674 3234/855/674
f 3203/859/4203 3246/863/4203 3268/860/4203
f 3204/862/4189 3240/3376/4189 3268/860/4189
f 3268/864/705 3240/877/705 3200/865/705
f 3268/864/706 3236/866/706 3199/867/706
f 3204/869/4204 3245/873/4204 3269/870/4204
f 3205/872/4205 3241/3377/4205 3269/870/4205
f 3269/874/680 3241/886/680 3202/875/680
f 3269/874/4190 3237/876/4190 3200/865/4190
f 3205/878/679 3244/882/679 3270/879/679
f 3206/881/710 3242/3378/710 3270/879/710
f 3270/883/676 3242/894/676 3201/884/676
f 3270/883/4206 3238/885/4206 3202/875/4206
f 3206/887/711 3243/891/711 3271/888/711
f 3203/890/712 3235/3379/712 3271/888/712
f 3271/892/729 3235/868/729 3199/867/729
f 3271/892/714 3239/893/714 3201/884/714
f 3202/875/715 3238/885/715 3272/895/715
f 3201/884/716 3239/893/716 3272/895/716
f 3272/895/717 3239/893/717 3199/867/717
f 3272/895/718 3236/866/718 3200/865/718
f 3231/833/719 3273/898/719 3247/896/719
f 3195/897/720 3227/899/720 3273/898/720
f 3227/899/720 3208/825/720 3251/826/720
f 3273/898/719 3251/826/719 3207/822/719
f 3232/840/721 3274/902/721 3227/900/721
f 3196/901/722 3228/903/722 3274/902/722
f 3228/903/722 3209/817/722 3252/818/722
f 3274/902/721 3252/818/721 3208/814/721
f 3233/847/723 3275/906/723 3228/904/723
f 3197/905/724 3229/907/724 3275/906/724
f 3229/907/724 3210/809/724 3253/810/724
f 3275/906/723 3253/810/723 3209/806/723
f 3197/858/725 3234/855/725 3276/908/725
f 3198/910/726 3247/911/726 3276/908/726
f 3247/911/726 3207/801/726 3254/802/726
f 3276/908/725 3254/802/725 3210/798/725
f 3402/765/727 3374/3380/727 3338/912/727
f 3403/913/711 3367/3379/711 3335/914/711
f 3404/916/717 3371/939/717 3333/917/717
f 3405/919/723 3359/921/723 3327/920/723
f 3383/723/723 3340/730/723 3359/921/723
f 3407/922/719 3361/929/719 3329/923/719
f 3408/924/725 3379/927/725 3330/925/725
f 3342/700/726 3386/702/726 3408/924/726
f 3386/702/725 3339/711/725 3379/927/725
f 3329/928/726 3361/926/726 3408/924/726
f 3385/709/719 3342/718/719 3361/929/719
f 3341/707/720 3385/709/720 3407/922/720
f 3360/930/720 3407/922/720 3365/743/720
f 3384/716/721 3341/725/721 3360/932/721
f 3340/714/722 3384/716/722 3406/933/722
f 3406/933/721 3360/932/721 3328/935/721
f 3339/721/724 3383/723/724 3405/919/724
f 3359/934/722 3406/933/722 3364/737/722
f 3379/936/724 3405/919/724 3363/732/724
f 3404/916/716 3368/3366/716 3331/754/716
f 3332/760/715 3368/3366/715 3404/916/715
f 3334/767/718 3369/940/718 3404/916/718
f 3403/941/4207 3371/939/4207 3331/754/4207
f 3333/917/713 3371/939/713 3403/941/713
f 3338/943/712 3374/3381/712 3403/913/712
f 3402/944/706 3370/918/706 3333/917/706
f 3334/767/4208 3370/918/4208 3402/944/4208
s 1
f 197/945/730 23/1082/848 22/946/731
f 24/948/733 72/3382/734 71/949/734
f 7/951/736 6/1039/774 1/952/737
f 12/954/739 73/1113/767 74/955/740
f 15/957/742 2/961/741 14/958/743
f 16/960/745 12/1070/739 2/961/741
f 75/962/746 14/1064/743 2/963/741
f 18/965/747 17/972/754 3/966/748
f 58/968/750 57/982/760 55/969/751
f 20/971/753 19/983/761 3/966/748
f 52/973/755 49/1059/821 50/974/752
f 21/976/756 194/1096/859 192/947/732
f 165/977/141 24/977/141 187/977/141
f 22/946/731 23/1082/848 56/981/759
f 179/977/141 67/977/141 198/977/141
f 19/983/761 20/971/753 60/984/762
f 33/986/764 37/1032/805 82/987/765
f 73/989/767 12/1070/739 195/990/768
f 9/992/770 10/1029/802 92/993/771
f 6/998/774 42/1016/792 43/999/775
f 181/1001/777 176/1101/863 29/1002/778
f 168/1004/780 77/1043/814 32/1005/781
f 71/1007/783 155/1111/4209 65/1008/784
f 178/977/141 37/977/805 33/977/764
f 39/1010/786 38/1014/790 34/1011/787
f 182/1013/789 185/1106/868 38/1014/790
f 44/1015/791 43/999/775 42/1016/792
f 191/1018/141 197/1019/141 66/1019/141
f 32/1020/794 36/1112/801 35/1012/788
f 35/1012/788 41/1035/793 40/1021/795
f 25/1022/796 70/1093/857 63/1023/797
f 28/1003/779 29/1002/778 59/1025/799
f 70/977/141 25/977/141 185/977/141
f 155/977/141 171/977/141 195/977/141
f 36/1027/801 44/1015/791 41/1017/793
f 10/1029/802 11/1000/776 91/1030/803
f 169/1031/804 82/987/765 37/1032/805
f 45/1034/807 40/1021/795 41/1035/793
f 184/1037/808 186/1109/870 40/1021/795
f 80/1038/809 79/1094/858 43/999/775
f 6/1039/774 7/951/736 45/1034/807
f 36/1027/811 81/1044/815 80/1038/809
f 69/1040/812 46/3383/812 83/1041/813
f 36/1027/811 32/1005/781 77/1043/814
f 47/1045/816 84/1049/820 172/1046/817
f 30/1048/819 85/1114/851 84/1049/820
f 51/1026/800 50/970/752 49/1050/821
f 28/1052/779 51/3384/800 48/1053/822
f 198/1055/824 26/1076/846 175/1056/825
f 88/1058/827 87/1066/838 48/1053/828
f 52/973/830 53/1065/836 90/1060/831
f 13/959/744 14/958/743 53/1062/833
f 52/973/830 89/1061/832 88/1058/827
f 14/1064/835 75/962/4210 90/1060/831
f 31/1054/837 48/1053/828 87/1066/838
f 175/977/141 176/977/141 30/977/141
f 173/1068/840 31/1054/837 86/1067/839
f 12/1070/739 16/960/745 191/1071/842
f 189/1072/843 8/953/738 9/1073/770
f 193/1075/845 27/1085/850 26/1076/846
f 78/988/766 76/3385/4211 5/1077/847
f 11/1000/776 10/1029/802 1/1078/737
f 10/1079/802 9/1073/770 8/953/738
f 188/1080/141 20/1080/141 17/1081/141
f 174/977/141 177/977/141 33/977/764
f 7/951/736 188/1102/864 184/1037/808
f 16/960/745 15/957/742 56/981/759
f 183/977/141 190/977/141 180/977/141
f 56/981/759 54/1063/834 55/969/751
f 52/973/755 55/975/751 54/1083/834
f 50/970/752 51/1026/800 59/1025/799
f 163/977/141 169/977/141 183/977/141
f 67/1024/798 179/3386/849 180/1084/849
f 29/1002/778 26/1076/846 27/1085/850
f 21/976/756 22/946/731 57/982/760
f 27/1085/850 21/976/756 58/968/750
f 37/977/805 178/977/141 190/977/141
f 46/977/141 179/977/141 199/977/141
f 76/977/141 168/977/141 174/977/141
f 173/1068/840 167/1069/841 85/1086/851
f 19/1088/852 66/1115/4212 62/1089/853
f 68/1091/855 66/1115/4212 19/1088/852
f 13/959/744 54/1063/834 56/981/759
f 173/977/141 30/977/141 176/977/141
f 64/967/749 63/1023/797 70/1093/857
f 11/1000/776 43/999/775 79/1094/858
f 66/1019/141 197/1019/141 192/1095/141
f 194/1096/859 21/976/756 27/1085/850
f 170/1097/860 187/1074/844 9/1073/770
f 180/977/141 179/977/141 46/977/141
f 4/950/735 61/985/763 60/984/762
f 38/1014/790 178/1105/867 177/1099/861
f 190/977/141 185/977/141 25/977/141
f 31/1054/823 173/1068/141 181/1068/777
f 34/1011/787 177/1099/861 174/1100/862
f 26/1076/846 29/1002/778 176/1101/863
f 196/977/141 199/977/141 175/977/141
f 186/977/141 18/977/141 70/977/141
f 188/1102/864 7/951/736 8/953/738
f 192/977/141 194/977/141 64/977/141
f 4/1009/785 65/1008/784 68/1103/865
f 46/977/141 196/977/141 172/977/141
f 65/977/141 195/977/141 191/977/141
f 178/1105/867 38/1014/790 185/1106/868
f 20/1080/141 188/1080/141 189/1108/141
f 186/1109/870 182/1013/789 39/1010/786
f 63/977/141 193/977/141 198/977/141
f 17/977/141 18/977/141 186/977/141
f 63/977/141 64/977/141 194/977/141
f 60/1108/141 189/1108/141 187/1110/141
f 23/1082/848 197/945/730 191/1071/842
f 296/947/871 300/1096/976 114/976/872
f 303/945/874 296/947/871 115/946/873
f 71/949/876 72/3382/876 117/948/877
f 108/957/879 106/959/968 107/958/880
f 95/961/881 105/1070/939 109/960/882
f 96/966/883 110/972/883 111/965/884
f 95/963/881 107/1064/880 75/962/886
f 148/969/888 150/982/916 151/968/889
f 141/1053/891 144/3384/949 121/1052/892
f 96/966/883 112/983/914 113/971/894
f 277/1056/895 119/1076/907 304/1055/896
f 280/1105/898 293/1107/4213 287/1106/899
f 289/977/141 284/977/141 166/977/141
f 145/973/901 148/975/888 143/974/890
f 124/1054/903 86/1067/839 87/1066/838
f 157/977/141 161/977/141 304/977/141
f 145/973/901 146/1065/967 147/1083/905
f 299/1075/906 304/1055/896 119/1076/907
f 165/977/141 170/977/141 290/977/141
f 103/1079/909 94/952/937 101/953/910
f 276/977/141 98/977/141 126/977/913
f 112/983/914 154/985/973 153/984/915
f 82/987/765 130/1032/926 126/986/913
f 114/976/872 151/968/889 150/982/916
f 136/999/917 135/1016/945 99/998/918
f 283/1001/920 121/1003/892 122/1002/921
f 71/1007/923 97/1009/932 159/1008/924
f 280/977/141 279/977/141 126/977/913
f 139/977/141 302/977/141 305/977/141
f 168/1004/780 276/1006/4214 125/1005/928
f 115/946/873 150/982/916 149/981/929
f 90/1060/831 75/962/4210 107/1064/930
f 97/1009/932 154/1104/4215 162/1103/933
f 153/1108/141 117/1110/141 290/1110/141
f 127/1011/934 131/1014/900 132/1010/935
f 94/1078/937 103/1029/909 104/1000/919
f 295/1071/938 109/960/882 105/1070/939
f 284/1013/941 132/1010/935 131/1014/900
f 295/1018/141 162/1018/141 160/1019/141
f 125/1020/942 127/1011/934 128/1012/936
f 137/1015/944 134/1017/947 135/1016/945
f 128/1012/936 132/1010/935 133/1021/946
f 152/1025/948 122/1002/921 121/1003/892
f 118/1022/950 161/1024/985 157/1023/951
f 166/977/141 284/977/141 287/977/141
f 134/1017/947 137/1015/944 129/1027/943
f 286/1037/953 138/1034/955 133/1021/946
f 80/1038/809 137/1015/4216 136/999/917
f 155/977/141 159/977/141 301/977/141
f 138/1034/955 100/951/962 99/1039/918
f 129/1027/956 81/1044/815 77/1043/814
f 172/1046/817 84/1049/820 140/1045/957
f 129/1027/956 137/1015/4216 80/1038/809
f 83/1041/813 139/3383/959 164/1040/959
f 134/1035/947 133/1021/946 138/1034/955
f 91/1030/803 104/1000/919 103/1029/909
f 169/1031/804 285/1033/4217 130/1032/926
f 163/977/141 164/977/141 285/977/141
f 285/977/141 164/977/141 282/977/141
f 281/977/141 305/977/141 304/977/141
f 301/990/940 105/1070/939 73/989/960
f 105/954/939 95/956/881 74/955/887
f 94/952/937 99/1039/918 100/951/962
f 85/1086/851 167/1069/841 275/1068/963
f 92/993/771 103/1029/909 102/992/911
f 124/1054/893 121/1052/892 283/1068/920
f 277/977/141 140/977/141 123/977/141
f 275/977/141 283/977/141 278/977/141
f 144/1026/949 141/1051/891 142/1050/902
f 123/1048/964 140/1045/957 84/1049/820
f 146/1062/967 107/958/880 106/959/968
f 291/1102/969 292/1072/975 101/953/910
f 166/1093/952 157/1023/951 158/967/885
f 88/1058/827 89/1061/832 145/973/970
f 141/1053/904 87/1066/838 88/1058/827
f 90/1060/831 146/1065/931 145/973/970
f 131/1014/900 127/1011/934 279/1099/972
f 139/977/141 83/977/141 172/977/141
f 282/977/141 164/977/141 139/977/141
f 149/981/929 147/1063/905 106/959/968
f 151/968/889 114/976/872 120/1085/908
f 143/970/890 151/968/889 152/1025/948
f 275/1068/963 167/1069/841 86/1067/839
f 97/950/878 117/948/877 153/984/915
f 149/981/929 108/957/879 109/960/882
f 98/1077/974 76/3385/4211 78/988/766
f 295/1071/938 303/945/874 116/1082/875
f 100/951/962 138/1034/955 286/1037/953
f 291/1080/141 286/1081/141 110/1081/141
f 292/1072/975 290/1074/981 102/1073/911
f 148/969/888 147/1063/905 149/981/929
f 120/1085/908 114/976/872 300/1096/976
f 76/977/141 98/977/141 276/977/141
f 154/1092/977 112/1088/982 160/1115/978
f 170/1097/980 93/1098/965 102/1073/911
f 104/1000/919 91/1030/803 79/1094/858
f 160/1019/141 156/1095/141 296/1095/141
f 112/1088/982 96/1090/4218 156/1089/983
f 282/1084/984 281/3386/984 161/1024/985
f 130/977/926 285/977/141 293/977/141
f 122/1002/921 152/1025/948 120/1085/908
f 110/977/141 286/977/141 289/977/141
f 113/1080/141 153/1108/141 292/1108/141
f 276/1100/986 279/1099/972 127/1011/934
f 119/1076/907 277/1056/895 278/1101/922
f 293/977/141 282/977/141 118/977/141
f 157/977/141 299/977/141 300/977/141
f 296/977/141 156/977/141 158/977/141
f 132/1010/935 284/1013/941 289/1109/954
f 302/977/141 140/977/141 277/977/141
f 159/977/141 162/977/141 295/977/141
f 263/1116/987 422/1292/1183 444/1117/988
f 415/1119/990 253/1335/1217 259/1120/991
f 474/1122/993 473/1255/1141 222/1123/994
f 239/1125/996 249/1261/1258 462/1126/997
f 213/1128/999 212/1195/1125 463/1129/1000
f 255/1131/1002 226/1330/1213 225/1132/1003
f 269/1134/1005 236/1151/1023 240/1135/1006
f 239/1125/1008 235/1337/1219 234/1137/1009
f 216/1139/1011 231/1265/1155 245/1140/1012
f 419/1142/1014 211/1206/1501 210/1143/1015
f 232/1145/1017 246/1358/1251 242/1146/1018
f 236/1151/1023 237/1377/1451 241/1152/1024
f 244/1141/1013 480/1214/1088 288/1153/1025
f 252/1158/1030 218/1361/1378 219/1159/1031
f 261/1161/1033 227/1290/1181 217/1162/1034
f 265/1164/1036 467/1298/1191 465/1165/1037
f 465/1165/1037 221/1124/995 222/1123/994
f 417/1168/1040 416/1344/1229 255/1169/1041
f 208/1171/1043 243/1181/2888 460/1172/1044
f 413/1177/1049 267/1200/1073 426/1178/1050
f 272/1180/1052 490/1345/1230 243/1181/1053
f 441/1183/1055 258/1293/1184 252/1184/1056
f 441/1186/1058 439/2321/2800 203/1187/1059
f 206/1189/1061 200/1251/1495 417/1190/1062
f 214/1192/1064 235/1337/1500 444/1193/1065
f 212/1195/1067 418/1244/4219 470/1196/1068
f 267/1200/1073 216/3387/4220 233/1201/1074
f 205/1203/1076 200/1251/1138 203/1187/1059
f 464/1130/1001 463/1129/1000 202/1205/1078
f 425/1207/1080 420/1313/1203 261/1208/1081
f 294/1149/1021 480/1214/1088 245/1140/1012
f 438/1210/1083 459/1254/1130 246/1211/1084
f 423/1213/1086 478/1198/1071 471/1197/1070
f 440/1216/1090 209/1257/1166 202/1205/1091
f 422/1194/1066 441/1186/1058 207/1188/1060
f 483/1154/1026 308/1297/1190 485/1223/1096
f 263/1225/1098 224/1302/1194 220/1226/1099
f 265/1228/1101 254/1343/1228 440/1229/1102
f 206/1189/1105 215/1248/1220 214/1192/1106
f 482/1234/1111 412/1273/1160 487/1235/1112
f 260/1237/1117 259/1310/1200 229/1238/1118
f 423/1213/1120 213/1128/4221 464/1130/1121
f 487/1235/1112 460/1274/1161 490/1241/1123
f 212/1195/1125 472/1232/1108 477/1243/1126
f 486/1245/1128 379/1380/2884 491/1246/1129
f 451/1191/1131 314/1189/1330 323/1248/1132
f 260/1250/1134 419/3388/4222 442/1121/992
f 472/1232/1108 212/1195/1125 213/1128/999
f 384/1163/1135 387/1134/1318 349/1151/1136
f 438/1210/1083 426/1178/1050 267/1200/1073
f 200/1251/1138 206/1189/1105 207/1188/1107
f 469/1252/1139 419/3388/4222 260/1250/1134
f 268/1202/1075 411/2319/4223 459/1254/1130
f 211/1206/1079 202/1205/1078 209/1257/1143
f 215/1248/1148 206/1189/1061 420/1191/1063
f 249/1261/1150 239/1125/1008 238/1138/1010
f 208/1171/1152 249/1261/1150 248/1262/1151
f 442/1144/1016 210/1143/1015 204/1204/1077
f 412/1264/1154 245/1140/1012 231/1265/1155
f 201/1147/1019 242/1146/1018 243/1181/1053
f 221/1124/995 257/1378/4224 476/1275/1162
f 209/1257/1166 440/1216/1090 416/1277/1167
f 468/1278/1169 260/1237/1117 230/1239/1119
f 254/1283/1174 265/1164/1036 223/1166/1038
f 642/1254/1178 435/2319/4225 386/1202/1179
f 225/1132/1003 218/1361/1378 220/1226/1099
f 266/1163/1035 217/1162/1034 236/1151/1023
f 481/1291/1182 298/1312/1202 495/1256/1142
f 422/1292/1183 263/1116/987 258/1293/1184
f 264/1294/1185 222/1123/994 473/1255/1141
f 353/1135/1187 363/1304/1433 364/1296/1188
f 467/1298/1191 257/1378/4224 221/1124/995
f 481/1218/1093 476/1342/1256 488/1157/1029
f 224/1302/1194 217/1162/1034 227/1290/1181
f 485/1280/1171 348/1279/1170 486/1245/1128
f 240/1135/1006 241/1152/1024 251/1296/1196
f 409/1136/1007 240/1135/1006 250/1304/1197
f 262/1306/1199 421/3389/1476 460/1274/1161
f 259/1310/1200 253/1160/1032 219/1159/1031
f 228/1284/1175 223/1166/1038 230/1239/1119
f 420/1313/1203 417/1168/1040 256/1170/1042
f 242/1146/1018 484/1325/1210 271/1316/1204
f 414/1319/1205 251/1296/1196 241/1152/1024
f 337/1284/1207 338/1238/1235 340/1239/1208
f 466/1167/1039 230/1239/1119 223/1166/1038
f 475/1259/1146 478/1258/1145 423/1327/1212
f 428/1323/1095 378/1375/1095 432/1267/1095
f 226/1330/1213 228/1284/1175 229/1238/1118
f 467/1331/1214 470/1363/1527 418/1332/1215
f 488/1157/1029 477/1360/1257 489/1334/1216
f 253/1335/1217 415/1119/990 439/1185/1057
f 270/1336/1218 237/1377/1451 224/1302/1194
f 235/1337/1219 214/1192/1106 215/1248/1220
f 458/1338/1221 410/1354/1244 270/1118/989
f 413/1305/1198 250/1304/1197 216/1139/1222
f 262/1266/1156 231/1265/1155 251/1296/1196
f 664/1218/1225 333/1156/1369 671/1157/1226
f 254/1343/1228 255/1169/1041 416/1344/1229
f 409/1347/1232 413/1177/1049 461/1179/1051
f 375/1237/1234 340/1239/1208 338/1238/1235
f 489/1349/1237 472/1232/1108 496/1233/1110
f 670/1235/1239 377/1242/1390 673/1241/1240
f 462/1353/1243 414/1400/1477 410/1354/1244
f 328/1226/1245 326/1361/1262 334/1132/1246
f 443/1355/1248 457/1348/2812 238/1356/1249
f 365/1184/1252 372/1293/1373 633/1183/1253
f 244/1141/1013 247/1224/1097 233/1359/1255
f 491/1175/1047 306/1174/1046 484/1325/1210
f 210/1143/1144 209/1257/1143 205/1203/1076
f 249/1261/1258 208/1171/1043 421/1173/1045
f 437/1177/1259 644/1179/1459 625/1178/1260
f 326/1361/1262 327/1159/1331 335/1330/1263
f 322/1192/1266 323/1248/1307 314/1189/1267
f 637/1117/1269 453/1292/1374 381/1116/1270
f 446/1119/1272 634/1121/1437 373/1120/1273
f 321/1128/1275 320/1195/1444 655/1232/1276
f 368/1131/1278 335/1330/1263 337/1284/1207
f 645/1126/1280 362/1261/1431 352/1125/1281
f 319/1206/1283 318/1143/1348 317/1257/1284
f 387/1362/1286 635/1355/2745 639/1348/1287
f 630/1210/1180 386/1202/1179 385/1200/1261
f 637/1193/1290 346/1337/1472 322/1192/1291
f 355/1146/1293 359/1358/1395 343/1145/1294
f 646/1129/1302 320/1195/1444 321/1128/1275
f 634/1144/1304 446/1263/2750 312/1204/1305
f 323/1248/1307 322/1192/1266 346/1337/1308
f 650/1331/1310 371/1333/1311 449/1332/1311
f 311/1187/1313 631/2321/2749 633/1186/1314
f 324/1139/1316 357/1141/1116 358/1140/1115
f 368/1131/1278 369/1133/2733 334/1132/1246
f 353/1135/1187 349/1151/1136 387/1134/1318
f 665/1234/1320 339/1236/1458 670/1235/1239
f 450/1142/1327 634/1144/1304 318/1143/1306
f 448/1190/1329 307/1251/1488 314/1189/1330
f 373/1310/1236 338/1238/1235 327/1159/1331
f 311/1187/1313 307/1251/1432 313/1203/1333
f 345/1137/1309 346/1337/1308 352/1125/1340
f 456/1207/1342 384/1209/2746 376/1208/1343
f 381/1225/1345 372/1227/2752 328/1226/1245
f 313/1203/1333 317/1257/1284 318/1143/1348
f 649/1167/1349 651/1278/1408 382/1294/1350
f 272/1180/1352 662/1182/1322 356/1181/1323
f 294/1149/1336 665/1150/1335 358/1140/1115
f 351/1138/1341 352/1125/1340 362/1261/1354
f 656/1255/1296 330/1123/1351 382/1294/1350
f 427/1309/1095 341/1365/1095 430/1318/1095
f 294/1364/1095 391/1321/1095 427/1309/1095
f 341/1365/1095 427/1309/1095 288/1322/1095
f 668/1280/1360 435/1303/1265 669/1245/1264
f 448/1168/1362 369/1170/1467 368/1169/1363
f 351/1356/1365 639/1348/2713 635/1355/1366
f 668/1223/1370 308/1297/1301 666/1154/1300
f 678/1256/1297 298/1312/1326 664/1291/1325
f 372/1293/1373 381/1116/1270 453/1292/1374
f 324/1139/1375 363/1304/1433 437/1305/1376
f 403/1368/1095 393/1389/1095 392/1369/1095
f 218/1361/1378 225/1132/1003 226/1330/1213
f 271/1315/1095 431/1222/1095 378/1375/1095
f 428/1323/1095 407/1329/1095 306/1376/1095
f 354/1152/1189 364/1296/1188 445/1319/1380
f 325/1162/1137 336/1290/1247 376/1161/1382
f 288/1153/1347 663/1214/1114 357/1141/1116
f 310/1205/1285 646/1129/1302 647/1130/1303
f 359/1211/1384 642/1254/1178 630/1210/1180
f 327/1159/1331 326/1361/1262 365/1158/1386
f 332/1302/1346 350/1377/1388 388/1336/1387
f 349/1151/1136 353/1135/1187 354/1152/1189
f 330/1123/1351 329/1124/1413 648/1165/1391
f 316/1171/1392 452/1173/1430 643/1172/1393
f 383/1164/1396 331/1166/1209 648/1165/1391
f 632/1216/1399 455/1217/1468 310/1205/1400
f 344/1201/1402 324/3387/4226 385/1200/1261
f 315/1188/1315 633/1186/1314 453/1194/1292
f 631/1185/1254 446/1119/1272 366/1335/1274
f 364/1296/1188 342/1265/1317 380/1266/1406
f 651/1278/1408 649/1167/1349 340/1239/1208
f 342/1265/1317 358/1140/1115 436/1264/1409
f 367/1343/1410 632/1229/1461 447/1344/1364
f 317/1257/1401 313/1203/1489 447/1277/1411
f 329/1124/1413 657/1122/1298 659/1275/1414
f 658/1259/1419 382/1328/1420 454/1327/1420
f 357/1141/1116 324/1139/1316 344/1359/1422
f 434/1354/1424 445/1400/1479 645/1353/1425
f 356/1181/1323 355/1146/1293 309/1147/1295
f 308/1379/1095 396/1288/1095 429/1287/1095
f 432/1267/1095 341/1365/1095 429/1287/1095
f 669/1245/1264 642/1247/1178 674/1246/1398
f 408/1372/1095 399/1366/1095 403/1368/1095
f 452/1173/1430 316/1171/1392 362/1261/1431
f 315/1188/1268 314/1189/1267 307/1251/1432
f 433/1136/1319 437/1305/1376 363/1304/1433
f 650/1298/1397 648/1165/1391 329/1124/1413
f 634/1121/1437 450/3388/4227 375/1250/1438
f 649/1167/1349 648/1165/1391 331/1166/1209
f 430/1318/1095 378/1375/1095 431/1222/1095
f 269/1362/1439 409/1347/1232 457/1348/1233
f 378/1375/1095 430/1318/1095 341/1365/1095
f 316/1171/1428 309/1147/1295 361/1262/1355
f 375/1250/1438 450/3388/4227 652/1252/1441
f 660/1243/1443 655/1232/1276 320/1195/1444
f 667/1325/1358 306/1174/1412 674/1175/1446
f 355/1146/1293 662/1182/1322 271/1316/1356
f 388/1118/1271 434/1354/1424 641/1338/1426
f 272/1386/1095 406/1220/1095 431/1222/1095
f 657/1122/1298 329/1124/1413 330/1123/1351
f 463/1387/1069 470/1363/1068 424/1230/1092
f 390/1383/1095 405/1381/1095 408/1372/1095
f 264/1294/1185 468/1278/1169 466/1167/1039
f 217/1162/1034 224/1302/1194 237/1377/1451
f 454/1213/1452 652/1240/2886 647/1130/1453
f 654/1197/1337 661/1198/1339 454/1213/1455
f 672/1349/1457 274/1350/1490 679/1233/1289
f 433/1347/1288 639/1348/1287 644/1179/1459
f 367/1283/1279 337/1284/1207 331/1166/1209
f 228/1284/1175 226/1330/1213 255/1131/1002
f 632/1229/1461 367/1343/1410 383/1228/1462
f 643/1274/1241 452/3389/1478 380/1306/1466
f 338/1238/1235 337/1284/1207 335/1330/1263
f 425/1207/1149 443/1355/1248 234/1357/1250
f 451/1313/1344 376/1208/1343 369/1170/1467
f 455/1230/1468 653/1363/2802 646/1387/1469
f 332/1302/1346 328/1226/1245 336/1290/1247
f 325/1162/1137 349/1151/1136 350/1377/1388
f 671/1157/1226 374/1282/1436 672/1334/1435
f 345/1357/1367 635/1355/1366 456/1207/1133
f 231/1265/1155 216/1139/1011 250/1304/1197
f 641/1127/1282 352/1125/1281 346/1337/1472
f 421/1399/1476 262/1401/1199 414/1400/1477
f 452/1399/1478 645/1353/1425 445/1400/1479
f 651/1253/1442 652/1252/1441 454/1402/1480
f 309/1404/1485 625/1178/1260 644/1179/1486
f 307/1251/1488 448/1190/1329 447/1277/1411
f 679/1233/1289 273/1395/1471 675/1199/1491
f 625/1178/1260 309/1404/1485 343/1212/1492
f 423/1402/1493 469/1252/1139 468/1253/1140
f 416/1277/1167 417/1190/1062 200/1251/1495
f 201/1404/1497 248/1405/2813 461/1179/1498
f 426/1178/1050 438/1210/1083 232/1212/1499
f 235/1337/1500 239/1125/996 458/1127/998
f 677/1300/1372 297/1464/2122 678/1256/1297
f 211/1206/1501 419/1142/1014 469/1240/1122
f 704/1407/1502 716/1431/2099 738/1408/1503
f 749/1410/1505 704/1407/1502 735/1409/1504
f 371/1413/1508 659/1342/1227 660/1360/1427
f 383/1228/1462 650/1331/1310 653/1363/1312
f 918/1415/1510 845/1681/2278 782/1416/1511
f 492/1199/1518 273/1395/1483 496/1233/1110
f 997/1421/1519 1124/1450/2024 722/1422/1520
f 676/1260/1418 661/1258/1421 675/1398/1475
f 257/1413/1525 418/1414/4228 477/1360/1257
f 495/1256/1142 297/1464/1578 494/1300/1450
f 265/1228/1101 424/1230/1103 470/1363/1527
f 493/1260/1147 370/1397/1484 492/1398/1517
f 541/1422/1532 1054/1450/1565 1016/1421/1533
f 601/1416/1535 608/1681/1807 927/1415/1536
f 523/1407/1538 554/1409/1550 557/1408/1539
f 1423/1435/1544 1389/2101/4229 1388/1436/1545
f 554/1409/1550 523/1407/1538 568/1410/1551
f 969/1444/1558 982/1593/1558 1147/1445/1558
f 1065/1447/1562 935/1539/1644 574/1448/1563
f 1054/1450/1565 931/1872/1994 1062/1451/1566
f 565/1455/1570 524/1907/4230 806/1456/1571
f 882/1474/1585 880/1574/2164 716/1475/1586
f 794/1483/1594 824/3390/1760 573/1484/1580
f 776/1486/1595 844/1577/2115 843/1487/1596
f 917/1497/1605 919/1772/2033 848/1498/1606
f 1038/1504/1095 1040/1597/1095 572/1505/1613
f 802/1507/1614 827/1782/1601 2218/1508/1601
f 1377/1511/1616 1374/1993/4231 1142/1512/1617
f 593/1517/1622 570/1411/1552 555/1518/1623
f 566/1522/1627 621/1715/1842 616/1523/1628
f 2198/1527/1634 830/1850/1968 828/1528/1635
f 846/1774/2246 868/1611/2032 847/1531/1638
f 868/1611/2032 844/1577/2115 847/1531/1638
f 776/1486/1595 840/1781/4232 841/1530/1637
f 840/1781/4232 866/3391/4233 841/1530/1637
f 844/1577/2115 776/1486/1595 847/1531/1638
f 2249/1533/1558 1069/1445/1558 812/1446/1558
f 613/1440/1549 599/1700/1829 837/1417/1537
f 804/1544/1649 822/1668/1791 571/1545/1650
f 960/1549/1654 959/1848/1966 624/1550/1095
f 564/1552/1655 562/1846/1960 1007/1553/1656
f 550/1556/1660 608/1951/4234 789/1557/1661
f 859/1559/1662 852/1714/2199 766/1519/1663
f 1042/1560/1095 1179/1786/1095 579/1561/1095
f 951/1563/1666 1181/1760/1878 583/1564/1095
f 891/1446/1558 1147/1445/1558 2249/1533/1558
f 819/1457/1572 806/1456/1571 2251/1568/1670
f 788/1571/1673 604/1843/1956 602/1499/1674
f 801/1574/1679 930/1866/1989 2221/1575/1680
f 607/1577/1683 790/1611/1720 610/1531/1684
f 790/1611/1720 609/1774/1891 610/1531/1684
f 610/1531/1684 604/1530/4235 595/1486/1682
f 604/1530/4235 788/3391/4235 603/1781/1895
f 595/1486/1682 604/1530/4235 603/1781/1895
f 1239/1581/1688 731/1706/2212 926/1582/1689
f 548/1587/1694 533/1946/2334 628/1588/1695
f 515/1590/1697 950/1761/1879 536/1591/1698
f 943/1444/1558 812/1446/1558 1069/1445/1558
f 755/1448/1700 926/1539/2236 1135/1447/1701
f 899/1594/1703 882/1474/1585 704/1476/1587
f 567/1598/1706 555/1518/1623 524/1599/1707
f 548/1587/1694 617/1602/1710 790/1611/1720
f 2204/1612/1721 2205/1896/2085 820/1594/1722
f 591/1613/1724 564/1552/1655 552/1554/1657
f 803/1474/1723 523/1476/1950 535/1475/1726
f 616/1523/1628 586/1703/1832 590/1624/1738
f 536/1591/1698 1167/1736/1857 551/1626/1740
f 553/1627/1741 518/1665/1786 587/1603/1711
f 584/1628/1742 554/1409/1550 570/1411/1552
f 614/1632/1748 584/1628/1742 593/1517/1622
f 2246/1633/1750 821/1434/1543 805/1570/1672
f 619/1625/1739 560/1744/1863 541/1524/1629
f 797/1609/1755 821/1434/1543 2246/1633/1750
f 1064/1432/1541 938/1669/1792 572/1639/1757
f 2213/1641/1760 824/3390/1760 794/1483/1594
f 2246/1633/1750 900/1434/1543 876/1609/1718
f 1043/1644/1762 1042/1560/1095 1031/1645/1763
f 556/1647/1765 567/1598/1706 565/1600/1708
f 780/1649/1767 865/1852/1767 866/1650/1767
f 538/1653/1773 933/1842/1954 1059/1547/1769
f 944/1604/1779 578/1853/1972 1031/1645/1763
f 822/1668/1791 794/1483/1594 531/1485/1594
f 594/1674/1801 582/1817/1931 558/1675/1802
f 1039/1680/1095 1049/1635/1095 1176/1596/1705
f 1066/1496/1805 933/1494/1946 576/1525/1759
f 608/1681/1807 550/3392/4236 834/1682/1808
f 549/1686/1812 935/1539/1644 1058/1538/1643
f 595/1486/1682 596/1488/1847 606/1487/1813
f 581/1687/1814 528/1692/2055 811/1688/1815
f 587/1603/1711 1077/1664/1806 594/1690/1817
f 2207/1695/1558 832/1733/1558 1069/1445/1558
f 785/1606/1095 1027/1460/1575 957/1459/1574
f 599/1700/1829 598/1832/1941 597/1701/1830
f 567/1598/1706 556/1647/1765 586/1703/1832
f 1037/1699/1095 1174/1562/1095 543/1470/1095
f 1173/1581/1752 574/1583/2319 935/1582/1835
f 527/1712/1677 1014/1731/1743 951/1563/1666
f 615/1714/1841 585/1519/1624 592/1704/1833
f 1057/1608/1844 940/1738/1859 544/1720/1845
f 605/1721/1846 606/1487/1813 596/1488/1847
f 1040/1597/1095 1020/1662/1783 961/1726/1850
f 2209/1732/1558 798/1990/1558 832/1733/1558
f 715/1734/1854 710/1804/2848 720/1735/1855
f 551/1739/1860 613/1440/1549 927/1415/1536
f 620/1743/1853 563/1729/1853 560/1744/1863
f 828/1528/1635 791/1710/1839 2244/1745/1864
f 723/1746/1558 877/1990/1558 911/1733/1558
f 809/1748/1865 1007/1879/2037 562/1749/1866
f 1071/1751/1868 1172/1661/1782 789/1752/1869
f 837/1754/1871 929/1959/1871 786/1666/1789
f 945/1546/1651 946/1903/2460 799/1756/1874
f 540/1757/1875 1056/2413/1886 1017/1758/1876
f 838/1497/1880 1051/1953/1881 786/1762/1881
f 793/1765/1884 530/1955/4237 565/1455/1570
f 1016/1421/1533 1062/1451/1566 932/1766/1885
f 808/1768/1887 824/1892/1760 2213/1769/1760
f 2211/1770/1887 887/1768/1887 905/1709/1838
f 1089/1775/1892 1294/1909/1893 1293/1776/1893
f 597/1722/1848 596/1488/1847 595/1486/1682
f 1176/1596/1705 549/1706/1836 1018/1783/1896
f 1082/1788/1898 574/1583/2319 1050/1671/1796
f 1180/1667/1900 1051/1673/1900 600/1790/1900
f 1040/1597/1095 1038/1504/1095 958/1663/1784
f 624/1550/1095 1038/1504/1095 544/1506/1095
f 818/1750/1867 562/1749/1866 559/1795/1905
f 814/1797/1910 813/1490/1599 2215/1798/1911
f 1048/1618/1095 1035/1454/1569 960/1549/1654
f 1027/1460/1575 785/1606/1095 1036/1800/1095
f 563/1481/1592 1015/1480/1591 1013/1802/1914
f 611/1498/1916 928/1772/1889 838/1497/1880
f 1020/1662/1783 1019/1578/1685 1021/1672/1797
f 806/1456/1571 524/1907/4230 568/1595/1917
f 1035/1454/1569 1008/1453/1568 532/1806/1921
f 533/1792/1903 950/1761/1902 515/1590/1922
f 622/1559/1749 593/1517/1622 585/1519/1624
f 1041/1813/1095 1023/1814/1924 955/1801/1913
f 1023/1814/1924 1041/1813/1095 1039/1680/1095
f 955/1801/1913 1009/1683/1809 936/1585/1692
f 537/1816/1930 558/1675/1802 582/1817/1931
f 1041/1813/1095 1036/1800/1095 1177/1789/1899
f 559/1795/1905 530/3393/4238 793/1820/1933
f 784/1551/1095 624/1550/1095 545/1794/1095
f 555/1518/1623 567/1598/1706 592/1704/1833
f 1387/1824/1935 1386/1994/4239 1428/1825/1936
f 621/1715/1842 592/1704/1833 586/1703/1832
f 816/1827/1937 537/1816/1930 581/1818/1814
f 588/1660/1781 557/1408/1539 554/1409/1550
f 784/1551/1095 546/1821/1095 547/1811/1095
f 623/1747/1558 956/1593/1558 1069/1445/1558
f 826/1709/1838 808/1768/1887 2211/1770/1887
f 820/1594/1722 568/1595/1917 523/1476/1950
f 768/1603/1787 518/1665/1786 553/1627/1741
f 611/1498/1916 602/1499/1674 604/1843/1956
f 783/1499/1607 865/1572/4240 920/1763/1958
f 561/1845/1959 559/1902/2877 562/1846/1960
f 782/1755/1963 845/1951/2244 867/1557/1964
f 959/1848/1966 960/1549/1654 532/1806/1921
f 830/1850/1968 1033/1954/4241 578/1851/1969
f 599/1649/1970 603/1651/4242 788/1650/1970
f 578/1853/1972 1033/1858/1978 1034/1646/1764
f 835/1854/1973 558/1675/1802 537/1816/1930
f 569/1616/1728 622/1559/1749 615/1714/1841
f 956/1857/1977 1034/1646/1764 1033/1858/1978
f 618/1815/1928 588/1660/1781 584/1628/1742
f 959/1848/1966 958/1663/1784 1038/1504/1095
f 566/1423/1534 1016/1421/1533 1056/1767/1886
f 560/1803/1915 1013/1802/1914 1054/1450/1565
f 739/1675/1981 770/1676/2275 915/1862/1982
f 818/1750/1867 817/1796/1906 2216/1863/1906
f 577/1493/1601 827/1782/1601 802/1507/1614
f 930/1866/1989 833/1968/2320 537/1867/1930
f 1027/1460/1575 1026/1584/1691 1028/1502/1611
f 1013/1802/1914 1060/1920/2184 931/1872/1994
f 1429/1873/1995 1391/1915/2169 1392/1874/1996
f 885/1456/1997 705/1907/2160 746/1455/1998
f 1425/1876/2000 1426/3394/2000 1301/1877/2000
f 792/1510/1615 815/1535/1640 534/1734/1873
f 1108/1504/1732 984/1663/2042 985/1848/2009
f 856/1625/2010 853/1523/2218 722/1524/2011
f 778/1701/2013 779/1832/2267 780/1700/2014
f 975/1840/2016 925/1477/2054 728/1834/2017
f 872/1820/2021 711/3393/4243 740/1795/2022
f 617/1602/1710 548/1587/1694 640/1589/1696
f 1132/1451/2023 922/1872/2271 1124/1450/2024
f 524/1599/1707 555/1518/1623 570/1411/1552
f 765/1628/2030 774/1517/1664 751/1411/1506
f 915/1862/1982 770/1676/2275 848/1498/1606
f 1007/1879/2037 809/1748/1865 796/1880/2038
f 1269/1883/2044 1270/1887/2052 1267/1884/2045
f 1269/1883/2044 1317/1995/2051 1322/1886/2051
f 836/1862/2053 835/1854/1973 557/1408/1539
f 1165/1889/2056 1378/1997/2359 1379/1890/2057
f 745/1552/2061 734/1554/2131 988/1553/2062
f 619/1625/1739 590/1624/1738 591/1613/1724
f 824/1892/1760 808/1768/1887 526/1467/1581
f 800/1893/2066 796/1880/2038 2256/1894/2067
f 640/1589/1696 730/1587/2114 854/1602/1955
f 2204/1612/1721 882/1474/1585 899/1594/1703
f 1001/1662/2043 993/1652/1772 1002/1672/1976
f 994/1802/2086 996/1480/1795 744/1481/2064
f 759/1851/2088 1103/1954/2264 909/1850/2089
f 741/1744/2012 744/1729/2096 857/1743/2096
f 2244/1745/1864 869/1710/2101 907/1528/2090
f 862/1551/1732 728/1821/1732 726/1794/1732
f 716/1431/2099 912/1855/4244 914/1854/1983
f 981/1801/2100 1004/1814/2095 1111/1813/1732
f 1112/1560/1732 1240/1562/1732 760/1561/1732
f 914/1854/1983 912/1855/4244 718/1816/2108
f 761/1833/1947 1145/1607/1827 1259/1425/1523
f 860/1898/2109 982/1857/2206 1104/1646/2110
f 1299/1899/2112 1286/2099/4245 1285/1900/2113
f 868/1611/2032 854/1602/1955 730/1587/2114
f 759/1853/2116 1101/1645/2251 1104/1646/2110
f 841/1843/2118 783/1499/1607 848/1498/1606
f 1107/1699/1732 1246/1469/1732 724/1470/1732
f 2218/1508/1601 906/1782/1601 881/1507/1614
f 705/1599/2128 749/1410/1505 751/1411/1506
f 775/1674/2132 770/1676/2275 739/1675/1981
f 789/1557/1661 608/1951/4234 601/1755/1872
f 1129/1547/1652 924/1842/2282 719/1653/2134
f 1160/1788/2141 1245/1789/2081 1120/1671/2047
f 742/1845/2142 745/1552/2061 743/1846/2063
f 911/1733/1558 877/1990/1558 2209/1732/1558
f 842/1721/2144 778/1722/2253 777/1488/1597
f 889/1521/2069 1266/1515/1620 708/1501/1788
f 971/1546/2146 883/1544/2174 878/1756/2147
f 772/1613/2149 764/1564/1732 734/1554/2131
f 998/1758/2102 1126/2413/2290 721/1757/2152
f 1243/1596/2153 1119/1635/1732 1109/1680/1732
f 1295/1904/2156 1296/1992/4246 1290/1905/2157
f 885/1456/1997 899/1594/1703 749/1595/1704
f 1291/1908/2163 1293/1776/1893 1294/1909/1893
f 2221/1575/1680 921/1866/2315 880/1574/2164
f 753/1505/2165 1110/1597/1732 1108/1504/1732
f 1420/1911/2167 1419/2100/4247 1138/1912/141
f 1393/1914/2168 1394/1952/2168 1392/1874/1996
f 1093/1916/2170 1280/1991/4248 1282/1917/2171
f 752/1545/2173 901/1668/2255 883/1544/2174
f 580/1833/1942 542/1841/2442 1189/1425/1554
f 726/1822/2175 925/1477/2054 974/1478/2027
f 907/1528/2090 909/1850/2089 2198/1527/1634
f 1105/1454/2126 986/1549/2245 713/1806/2179
f 1127/1608/1717 964/1669/2181 725/1720/2180
f 2255/1919/2183 931/1872/1994 1060/1920/2184
f 539/1735/1919 529/1804/1918 534/1734/2049
f 810/1521/1626 1186/1520/1625 527/1501/1788
f 1110/1597/1732 1001/1662/2043 984/1663/2042
f 864/1762/2185 1121/1953/4249 917/1497/1605
f 987/1726/2094 1001/1662/2043 1110/1597/1732
f 733/1739/2078 913/1682/2277 918/1415/1510
f 1313/1922/2189 1427/1996/2189 1428/1923/2189
f 997/1421/1519 1126/1767/2290 923/1766/2190
f 1091/1925/171 1296/1992/4246 1295/1904/2156
f 1370/1927/2192 1371/1999/2366 1372/1928/2193
f 983/1459/1713 1097/1460/2166 863/1606/1732
f 1284/1930/2196 1283/1965/2291 1313/1931/2197
f 1109/1680/1732 1111/1813/1732 1004/1814/2095
f 610/1844/1957 594/1674/1801 589/1676/1803
f 852/1714/2199 859/1559/1662 750/1616/1987
f 2213/1769/1760 903/1892/1760 887/1768/1887
f 888/1748/2203 897/1750/2248 743/1749/2204
f 982/1857/2206 969/1859/4250 1103/1858/2117
f 535/1431/1540 557/1408/1539 835/1854/1973
f 713/1933/2207 879/1893/2301 875/1880/2208
f 1004/1814/2095 990/1683/2003 1005/1865/2058
f 781/1790/2216 1121/1673/2216 1248/1667/2217
f 590/1624/1738 561/1845/1959 564/1552/1655
f 1369/1929/2192 1374/1993/4231 1377/1511/1616
f 853/1523/2218 858/1715/2286 747/1522/2219
f 895/1827/2220 910/1828/4251 762/1818/2221
f 729/1811/1732 728/1821/1732 862/1551/1732
f 977/1563/2222 1123/1565/1732 764/1564/1732
f 943/1935/2223 1033/1954/4241 830/1850/1968
f 916/1417/1512 780/1700/2014 850/1440/2076
f 915/1862/1982 769/1660/1927 738/1408/1503
f 708/1712/1610 978/1713/2005 977/1563/2222
f 1417/1937/2228 1418/1987/2228 1416/1938/2229
f 1298/1940/2230 1297/1982/2230 1305/1941/2231
f 769/1660/1927 765/1628/2030 735/1409/1504
f 1147/1445/1558 982/1593/1558 860/1747/1558
f 1015/1480/1591 1061/1462/1577 1060/1920/2184
f 844/1577/2115 730/1587/2114 714/1946/2237
f 1272/1947/2238 1273/2104/2238 1268/1885/2046
f 623/1898/2239 1043/1644/1762 1034/1646/1764
f 767/1703/2240 737/1647/2306 748/1598/2241
f 732/1556/2243 855/1558/2243 867/1557/1964
f 754/1484/2138 903/3390/1760 873/1483/1594
f 986/1549/2245 862/1551/1732 861/1550/1732
f 988/1879/2205 989/1881/2209 875/1880/2208
f 774/1517/1664 766/1519/1663 736/1518/2129
f 866/1571/2247 865/1572/4240 783/1499/1607
f 2216/1863/1906 896/1796/1906 897/1750/2248
f 1393/1914/2168 1419/2100/4247 1420/1911/2167
f 741/1803/2087 722/1422/1520 1124/1450/2024
f 970/1604/1714 983/1459/1713 1101/1645/2251
f 778/1722/2253 840/1781/4232 776/1486/1595
f 1036/1800/1095 785/1606/1095 576/1605/1095
f 712/1485/1594 873/1483/1594 901/1668/2255
f 757/1525/1632 924/1494/1602 1144/1496/1604
f 1097/1460/2166 992/1458/1712 1098/1502/2258
f 715/1734/2104 894/1535/2097 871/1510/2036
f 1149/1751/2201 1248/1753/4252 867/1752/2084
f 707/1467/2137 887/1768/1887 903/1892/1760
f 969/1935/2263 891/1936/4253 909/1850/2089
f 1243/1596/2153 753/1505/2165 999/1783/2266
f 852/1714/2199 858/1715/2286 773/1704/2242
f 2251/1568/1670 885/1456/1997 898/1457/1999
f 872/1765/2269 898/1457/1999 746/1455/1998
f 2255/1919/2183 2196/1921/2184 1130/1920/2184
f 1130/1920/2184 1131/1462/1577 996/1480/1795
f 994/1802/2086 1124/1450/2024 922/1872/2271
f 847/1844/2119 848/1498/1606 770/1676/2275
f 758/1493/1601 706/1471/1614 881/1507/1614
f 578/1851/1969 944/1697/1929 791/1710/1839
f 913/1682/2277 732/3392/4254 845/1681/2278
f 1384/1956/2279 1385/2102/4255 1140/1957/2280
f 916/1754/2281 782/1755/1963 864/1666/1965
f 1285/1900/2113 1286/2099/4245 1278/1960/2283
f 985/1848/2009 972/1849/2846 713/1806/2179
f 1106/1800/1732 863/1606/1732 1097/1460/2166
f 986/1549/2245 1105/1454/2126 1118/1618/1732
f 515/1590/1922 976/1761/2161 714/1792/2162
f 2215/1798/1911 892/1490/2029 893/1797/2065
f 2218/1508/1601 827/1782/1601 829/1426/1524
f 725/1506/1732 1108/1504/1732 861/1550/1732
f 858/1715/2286 853/1523/2218 767/1703/2240
f 1287/1963/2287 1289/1906/2158 1290/1905/2157
f 718/1816/2108 762/1818/2221 763/1817/2133
f 747/1423/1521 721/1861/2152 1126/1767/2290
f 1283/1965/2291 1284/1930/2196 1277/1966/2292
f 878/1756/2147 879/1893/2301 713/1933/2207
f 773/1704/2242 748/1598/2241 736/1518/2129
f 908/1426/1524 906/1782/1601 2218/1508/1601
f 1147/1445/1558 911/1733/1558 2207/1695/1558
f 880/1574/2164 921/1866/2315 912/1968/2294
f 1274/1970/2297 1275/2020/2297 1086/1971/2298
f 981/1801/2100 1096/1584/1745 962/1585/1747
f 771/1624/2299 772/1613/2149 745/1552/2061
f 2256/1894/2067 875/1880/2208 879/1893/2301
f 1425/1975/2303 1422/1998/2368 1421/1976/2304
f 746/1600/2305 748/1598/2241 737/1647/2306
f 1282/1917/2171 1280/1991/4248 1279/1961/2284
f 1287/1963/2287 1288/1964/2288 1316/1978/2308
f 1125/1516/1621 967/1839/2018 729/1819/2004
f 768/1603/1787 1235/1691/2159 775/1690/2177
f 762/1687/2221 910/1689/4256 890/1688/2309
f 1380/1980/2310 1386/1994/4239 1387/1824/1935
f 759/1851/2088 907/1528/2090 869/1710/2101
f 856/1625/2010 857/1743/2096 772/1613/2149
f 1297/1982/2230 1298/1940/2230 1291/1908/2163
f 723/1983/2311 860/1898/2109 1113/1644/2111
f 1322/1984/2312 1317/3395/4257 1432/1985/2312
f 897/1750/2248 896/1796/1906 740/1795/2022
f 1128/1538/2234 926/1539/2236 731/1686/2313
f 1111/1813/1732 1120/1671/2047 1245/1789/2081
f 921/1866/2315 895/1868/2220 718/1867/2108
f 1106/1800/1732 719/1869/2082 757/1605/1732
f 1418/1987/2228 1417/1937/2228 1136/1988/2316
f 1023/1814/1924 1022/1847/1961 1024/1865/1988
f 532/1933/2317 1008/1881/2039 796/1880/2038
f 542/1746/1558 623/1747/1558 832/1733/1558
f 948/1478/1589 934/1477/1588 545/1822/1934
f 949/1840/1952 941/1839/1951 546/1834/1943
f 801/1574/1679 535/1475/1726 833/1968/2320
f 1093/1916/2170 1092/1918/2170 1210/1917/2321
f 1219/1908/2323 1226/1940/2324 1225/1982/2324
f 1091/1925/171 1090/1926/171 1223/1904/2325
f 1330/1929/2327 1331/1927/2355 1339/1511/2328
f 836/1862/2053 589/1676/1803 558/1675/1802
f 1207/1960/2331 1214/2099/2444 1213/1900/2332
f 533/1946/2334 548/1587/1694 607/1577/1683
f 1055/1516/1735 942/1514/1676 547/1819/1932
f 1142/1512/1617 1337/1993/2329 1339/1511/2328
f 1086/1971/2298 1204/2020/2336 1203/1970/2336
f 1089/1775/1892 1088/1777/1892 1221/1776/2337
f 1344/1980/2338 1345/1981/2338 1352/1824/2339
f 1199/1883/2341 1200/1887/4258 1312/1886/2342
f 1136/1988/2316 1363/1937/2343 1364/1987/2343
f 1396/1825/2344 1350/1994/2340 1352/1824/2339
f 1307/1922/2345 1306/1924/2345 1396/1923/2345
f 1165/1889/2056 1164/1891/2056 1342/1890/2346
f 1357/1874/2348 1359/1952/4259 1358/1914/2349
f 1376/1975/2351 1390/1977/2351 1367/1976/2352
f 1229/1877/2354 1390/3394/2354 1376/1876/2354
f 1331/1927/2355 1330/1929/2327 1333/1928/2356
f 1400/1985/2358 1311/3395/4260 1312/1984/2358
f 929/1763/1882 787/1572/1675 602/1499/1674
f 1378/1997/2359 1380/1980/2310 1381/1981/2310
f 1388/1436/1545 1389/2101/4229 1382/2000/2360
f 1423/2002/2362 1424/3396/2362 1299/2003/2362
f 1267/2005/2363 1370/2196/2389 1377/2006/2364
f 1382/2000/2360 1385/2102/4255 1384/1956/2279
f 1371/1999/2366 1431/2103/2367 1432/2008/2367
f 1416/1938/2229 1421/1976/2304 1422/1998/2368
f 1429/2009/2369 1430/3397/2369 1315/2010/2369
f 1612/2012/2370 1604/2036/2390 1682/2013/2371
f 1280/2015/2373 1385/3398/2373 1382/2016/2374
f 1095/2018/2376 1273/2104/2238 1272/1947/2238
f 1276/1967/2293 1277/1966/2292 1275/2020/2297
f 1142/2021/2378 1374/2189/2537 1273/2022/2379
f 1255/2024/2380 1244/2120/2491 1615/2025/2381
f 1617/2027/2383 1622/2209/2384 1690/2028/2384
f 1383/2030/2385 1384/3399/2386 1282/2031/2386
f 1270/2033/2388 1371/2187/2535 1370/2034/2389
f 1604/2036/2390 1612/2012/2370 1438/2037/2391
f 1087/2039/636 1164/2208/636 1379/2040/2393
f 1614/2042/2395 1256/2078/2427 1242/2043/2396
f 1277/2045/2398 1284/2068/2419 1386/2046/2399
f 1090/2048/2401 1295/2106/2402 1420/2049/2402
f 1372/2051/2403 1432/3400/2404 1317/2052/2404
f 1278/2032/2387 1286/2192/2540 1388/2054/2406
f 1617/2055/2407 1514/2073/2423 1505/2056/2408
f 1599/2058/2410 1502/2168/2526 1504/2059/2411
f 1623/2061/2413 1613/2071/2421 1607/2062/2414
f 1255/2064/2415 1619/2206/2415 1510/2065/2416
f 1428/2067/2418 1386/2046/2399 1284/2068/2419
f 1623/2061/2413 1237/3401/2420 1238/2070/2420
f 1605/2072/2422 1603/2197/2549 1505/2056/2408
f 1506/2074/2424 1608/2248/2700 1600/2075/2425
f 1690/2028/2384 1504/2426/2384 1499/2077/2383
f 1613/2071/2421 1238/2070/2420 1256/2078/2427
f 1392/2079/2428 1394/3402/2480 1289/2080/2429
f 1688/2082/2431 1501/2126/2431 1437/2083/2431
f 1679/2085/2432 1624/2428/2871 1242/2086/2433
f 1680/2088/2431 1302/2392/2431 1237/2089/2431
f 1285/2091/2435 1389/2141/2507 1423/2092/2436
f 1435/2094/2438 1513/2154/2516 1676/2095/2439
f 1430/2097/2441 1392/2079/2428 1287/2081/2430
f 1227/1899/2443 1228/1901/2443 1213/1900/2332
f 1218/1905/2445 1224/1992/2326 1223/1904/2325
f 1197/1884/2447 1200/1887/4258 1199/1883/2341
f 1208/1961/2333 1209/1991/2322 1210/1917/2321
f 1362/1938/2449 1364/1987/2343 1363/1937/2343
f 1310/1978/2450 1216/1964/4261 1215/1963/2451
f 1206/1966/2452 1212/1930/2457 1211/1965/2453
f 1307/1931/2456 1211/1965/2453 1212/1930/2457
f 1140/1957/2280 1349/2102/2471 1348/1956/2459
f 532/1933/2317 800/1893/2066 799/1756/1874
f 1198/1885/2448 1202/2104/2479 1201/1947/2461
f 1219/1908/2323 1220/1910/2323 1222/1909/2337
f 1358/1914/2349 1359/1952/4259 1366/1911/2462
f 1373/1435/2464 1375/1437/4262 1353/1436/2465
f 836/1862/2053 928/1772/1889 611/1498/1916
f 1043/1644/1762 623/1898/2239 542/1983/2467
f 1304/1941/2468 1225/1982/2324 1226/1940/2324
f 1215/1963/2451 1216/1964/4261 1218/1905/2445
f 1397/1873/2469 1398/1875/2469 1357/1874/2348
f 1138/1912/141 1365/2100/2463 1366/1911/2462
f 1346/2000/2470 1347/2001/2474 1348/1956/2459
f 1362/1938/2449 1360/1939/2449 1368/1998/2353
f 1308/2010/2472 1398/3397/2472 1397/2009/2472
f 1332/1999/2357 1333/1928/2356 1400/2008/2473
f 1341/1997/2347 1342/1890/2346 1345/1981/2338
f 1346/2000/2470 1354/2101/2466 1353/1436/2465
f 1346/2016/2475 1349/3398/2476 1209/2015/2476
f 1227/2003/2478 1375/3396/2478 1373/2002/2478
f 1204/2020/2336 1206/1966/2452 1205/1967/2454
f 1095/2018/2376 1094/2019/2377 1201/1947/2461
f 1394/2105/2480 1420/2049/2481 1295/2106/2481
f 1275/2108/2482 1277/2203/2398 1380/2109/2400
f 1297/2111/2484 1422/3403/4263 1425/2112/2485
f 1682/2013/2371 1685/2150/2513 1496/2114/2486
f 1426/2116/2488 1421/3404/4264 1298/2117/2489
f 1511/2119/2490 1615/2025/2381 1244/2120/2491
f 1684/2014/2372 1682/2013/2371 1434/2115/2487
f 1611/2123/2493 1618/2123/4265 1510/2124/2494
f 1680/2088/2431 1623/2090/2431 1501/2126/2431
f 1296/2127/2495 1419/2176/2495 1393/2128/2496
f 1140/2130/636 1385/3405/2498 1280/2131/2498
f 1291/2133/2499 1416/2205/2531 1418/2134/2500
f 1690/2028/2384 1622/2209/2384 1621/2136/2502
f 1674/2138/2504 1439/2155/2517 1496/2139/2505
f 1279/2017/2375 1382/2016/2374 1389/2141/2507
f 1282/2142/2508 1384/3406/2508 1141/2143/2401
f 1602/2145/2413 1509/2159/2414 1598/2146/2509
f 1616/2148/2511 1643/3407/2512 1677/2149/2512
f 1290/2151/2497 1393/3408/2496 1391/2152/2514
f 1513/2154/2516 1434/2154/4266 1496/2139/2505
f 1415/2156/2518 1422/3403/4263 1297/2111/2484
f 1433/2158/2506 1437/2202/2506 1509/2159/2414
f 1276/2160/2520 1381/2207/2527 1387/2161/2521
f 1283/2162/2522 1387/2161/2521 1427/2163/2523
f 1272/2007/2365 1377/2006/2364 1143/2165/2524
f 1499/2167/2525 1504/2059/2411 1502/2168/2526
f 1274/2041/2394 1379/2040/2393 1381/2169/2527
f 1495/2171/2528 1434/2154/4266 1513/2154/2516
f 1510/2065/2416 1679/2085/2432 1303/2087/2434
f 1292/2172/2519 1294/2210/2833 1417/2173/2529
f 1091/2175/636 1138/2231/636 1419/2176/2530
f 1298/2117/2489 1421/3404/4264 1416/2177/2531
f 1510/2065/2416 1618/3409/4267 1687/2179/2532
f 1683/2084/2431 1437/2083/2431 1433/2180/2431
f 1293/2135/2501 1418/2134/2500 1137/2182/2401
f 1288/2153/2515 1391/2152/2514 1429/2184/2533
f 1322/2186/2534 1431/3410/2534 1371/2187/2535
f 1268/2188/2536 1273/2022/2379 1374/2189/2537
f 1424/2191/2539 1388/2054/2406 1286/2192/2540
f 1086/2194/2401 1275/2108/2482 1378/2110/2483
f 1197/2005/2542 1201/2007/2649 1339/2006/2543
f 1491/2013/2545 1455/2036/2601 1463/2012/2546
f 1202/2022/2548 1337/2189/2673 1142/2021/2378
f 1603/2197/2549 1621/2372/2832 1622/2057/2409
f 1466/2025/2381 1244/2120/2491 1255/2024/2380
f 1519/2028/2551 1473/2209/2551 1468/2027/2552
f 1210/2031/2553 1348/3399/2553 1347/2030/2554
f 1412/2126/2431 1474/2090/2431 1489/2088/2431
f 1685/2150/2513 1677/2149/2512 1640/2198/2512
f 1207/2032/2555 1347/2030/2554 1353/2054/2556
f 1358/2128/2558 1365/2176/2559 1224/2127/2559
f 1141/2143/2401 1348/3406/2561 1210/2142/2561
f 1618/2199/2562 1611/2199/2653 1514/2073/2423
f 1137/2182/2401 1364/2134/2596 1221/2135/2563
f 1441/2056/2564 1448/2073/2689 1468/2055/2565
f 1208/2017/2477 1213/2091/2641 1354/2141/2567
f 1206/2045/2568 1344/2047/2588 1350/2046/2569
f 1397/2184/2571 1355/2152/2645 1216/2153/2572
f 1677/2200/2431 1681/2181/2431 1433/2180/2431
f 1225/2111/2573 1368/3403/4268 1360/2156/2574
f 1215/2081/2576 1357/2079/2671 1398/2097/2577
f 1401/2158/2506 1453/2145/2413 1443/2159/2414
f 1203/2041/2578 1205/2170/2619 1345/2169/2579
f 1450/2058/2581 1414/2060/2412 1440/2059/2582
f 1408/2171/2584 1403/2094/2669 1447/2154/2585
f 1204/2108/2587 1341/2110/2617 1344/2109/2588
f 1209/2131/2589 1349/3405/2589 1140/2130/636
f 1090/2048/2401 1139/2050/2401 1366/2049/2590
f 909/1850/2089 891/1936/4253 2200/2204/1634
f 1223/2106/2591 1366/2049/2591 1359/2105/2592
f 1331/2034/2544 1332/2187/2667 1200/2033/2594
f 1219/2133/2595 1221/2135/2563 1364/2134/2596
f 1449/2146/2598 1443/2159/2414 1453/2145/2413
f 1406/2037/2600 1463/2012/2546 1455/2036/2601
f 1486/2149/2603 1480/3407/2603 1467/2148/2604
f 1226/2117/2606 1367/3404/4269 1390/2116/2607
f 1311/2052/2608 1400/3400/2608 1333/2051/2609
f 1445/2119/2611 1271/2121/2492 1244/2120/2491
f 1214/2192/2557 1353/2054/2556 1375/2191/2612
f 1255/2064/2614 1281/2066/2417 1444/2065/2615
f 1086/2194/2401 1165/2195/2401 1341/2110/2617
f 1491/2013/2545 1402/2115/2627 1409/2114/2618
f 1205/2160/2619 1211/2162/2624 1352/2161/2620
f 1212/2068/2570 1350/2046/2569 1396/2067/2621
f 1376/2112/2622 1368/3403/4268 1225/2111/2573
f 1087/2039/636 1203/2041/2578 1342/2040/2580
f 1395/2163/2623 1352/2161/2620 1211/2162/2624
f 1409/2139/2625 1407/2155/2679 1483/2138/2626
f 1493/2014/2547 1408/2122/2547 1402/2115/2627
f 1456/2072/2628 1448/2073/2689 1441/2056/2564
f 1519/2028/2551 1518/2137/2696 1472/2136/2630
f 1238/2070/2420 1237/3401/2420 1474/2061/2413
f 1462/2123/2632 1470/2125/2633 1444/2124/2633
f 1303/2087/2434 1488/2085/2639 1444/2065/2615
f 1242/2043/2396 1256/2078/2427 1465/2042/2634
f 1220/2172/2575 1360/2174/2574 1363/2173/2636
f 1516/2179/2638 1469/3409/4270 1444/2065/2615
f 1373/2092/2640 1354/2141/2567 1213/2091/2641
f 1458/2062/2414 1464/2071/2631 1474/2061/2413
f 1401/2180/2431 1405/2083/2431 1492/2084/2431
f 1686/2211/2643 1499/2235/2643 1500/2179/2644
f 1355/2152/2645 1358/3408/2558 1218/2151/2560
f 1405/2083/2431 1412/2126/2431 1517/2082/2431
f 1451/2075/2646 1459/2248/2716 1442/2074/2647
f 1447/2154/2585 1407/2155/2679 1409/2139/2625
f 1143/2165/2524 1339/2006/2543 1201/2007/2649
f 1242/2086/2433 1475/2428/4271 1488/2085/2639
f 1643/2212/2650 1645/2222/2657 1601/2076/2426
f 1511/2119/2490 1620/2236/2701 1609/2213/2651
f 1410/2077/2552 1440/2426/2551 1519/2028/2551
f 1613/2071/2421 1614/2042/2395 1610/2214/2652
f 1437/2202/2506 1501/2063/2414 1607/2062/2414
f 1369/2215/2538 1372/2051/2403 1269/2053/2405
f 1625/2096/2440 1599/2058/2410 1503/2060/2412
f 1611/2199/2653 1619/2026/2382 1615/2025/2381
f 1620/2218/2431 1511/2391/2431 1680/2088/2431
f 1641/2219/2654 1645/2222/2657 1436/2220/2655
f 1645/2222/2657 1643/2212/2650 1616/2223/2658
f 1676/2095/2439 1513/2154/2516 1439/2155/2517
f 1413/2168/2583 1440/2059/2582 1410/2167/2659
f 1598/2146/2509 1509/2159/2414 1607/2062/2414
f 1612/2224/2660 1644/2239/4272 1675/2225/2661
f 1689/2227/2663 1621/2237/2663 1644/2228/2663
f 1645/2222/2657 1641/2219/2654 1605/2072/2422
f 1614/2042/2395 1624/2044/2397 1500/2214/2664
f 1674/2138/2504 1602/2145/2413 1606/2147/2510
f 1609/2213/2651 1506/2074/2424 1514/2073/2423
f 1642/2230/2663 1503/3411/2663 1689/2227/2663
f 1091/2175/636 1224/2127/2665 1365/2176/2665
f 1642/2232/2666 1678/2240/2666 1684/2014/2666
f 1600/2233/2431 1608/2238/2431 1683/2084/2431
f 1641/2219/2654 1512/2221/2656 1438/2226/2662
f 1687/2179/2532 1618/3409/4267 1617/2234/2643
f 1237/2089/2431 1302/2392/2431 1489/2088/2431
f 1604/2036/2390 1616/2148/2511 1685/2150/2513
f 1464/2071/2631 1465/2042/2634 1256/2078/2427
f 1362/2177/2597 1367/3404/4269 1226/2117/2606
f 1610/2214/2652 1500/2214/2664 1499/2167/2525
f 1332/2187/2667 1399/3410/2668 1312/2186/2668
f 1485/2095/2439 1447/2154/2585 1403/2094/2669
f 1217/2080/2593 1359/3402/2592 1357/2079/2671
f 1198/2188/2672 1330/2190/2674 1337/2189/2673
f 1199/2053/2610 1333/2051/2609 1330/2215/2674
f 1482/2222/2675 1404/2220/2690 1467/2223/2676
f 1405/2202/2506 1443/2159/2414 1458/2062/2414
f 1462/2199/2678 1460/2213/2684 1466/2025/2381
f 1407/2155/2679 1447/2154/2585 1485/2095/2439
f 1457/2147/2599 1453/2145/2413 1483/2138/2626
f 1414/2060/2412 1450/2058/2581 1476/2096/2670
f 1515/2211/2680 1516/2179/2638 1411/2179/2681
f 1482/2222/2675 1452/2076/2648 1456/2072/2628
f 1514/2073/2423 1506/2074/2424 1601/2076/2426
f 1465/2042/2634 1461/2214/2683 1411/2214/2682
f 1494/2150/2605 1467/2148/2604 1455/2036/2601
f 1464/2071/2631 1458/2062/2414 1461/2214/2683
f 1445/2119/2611 1466/2025/2381 1460/2213/2684
f 1406/2226/2686 1446/2221/4273 1478/2219/2654
f 1469/2199/2688 1468/2055/2565 1448/2073/2689
f 1448/2073/2689 1442/2074/2647 1460/2213/2684
f 1606/2147/2510 1598/2146/2509 1502/2168/2526
f 1492/2084/2431 1459/2238/2431 1451/2233/2431
f 1478/2219/2654 1446/2221/4273 1404/2220/2690
f 2200/2204/1634 812/1936/2224 830/1850/1968
f 1468/2234/2680 1469/3409/4270 1516/2179/2638
f 1518/2227/2691 1487/2229/2691 1481/2228/2691
f 1489/2088/2431 1445/2391/2431 1471/2218/2431
f 1608/2238/2431 1620/2218/2431 1688/2082/2431
f 1463/2224/2692 1406/2226/2686 1484/2225/2687
f 1401/2180/2431 1490/2181/2431 1486/2200/2431
f 1479/2232/2694 1408/2122/2694 1493/2014/2694
f 1784/2241/2695 1785/2301/2695 1813/2242/2695
f 1519/2028/2551 1440/2426/2551 1414/2244/2696
f 1518/2227/2691 1414/3411/2691 1479/2230/2691
f 1477/2198/2603 1486/2149/2603 1494/2150/2605
f 1775/2245/2697 1794/2329/2766 1818/2246/2698
f 1461/2214/2683 1449/2146/2598 1410/2167/2659
f 1452/2076/2648 1482/2222/2675 1480/2212/2677
f 1608/2248/2700 1506/2074/2424 1609/2213/2651
f 1821/2249/2702 1791/2280/2729 1779/2250/2703
f 1473/2057/2566 1472/2372/2875 1454/2197/2629
f 1788/2252/2704 1821/2249/2702 1802/2251/2703
f 1458/2062/2414 1443/2159/2414 1449/2146/2598
f 1797/2257/2708 1801/2263/2711 1816/2258/2709
f 1452/2076/2648 1442/2074/2647 1448/2073/2689
f 1806/2260/2695 1811/2312/2695 1508/2261/2695
f 1801/2263/2711 1497/2328/2771 1532/2264/2712
f 361/1405/1487 644/1179/1486 639/1348/2713
f 1776/2265/2714 1799/2273/2723 1818/2246/2698
f 1517/2082/2431 1471/2218/2431 1459/2238/2431
f 1460/2213/2684 1442/2074/2647 1459/2248/2716
f 1817/2267/2717 1819/2259/2710 1803/2268/2718
f 1814/2270/2720 1786/2335/2721 1778/2271/2721
f 1799/2273/2723 1774/2326/2872 1789/2247/2699
f 1808/2274/2724 1782/2305/2725 1774/2275/2725
f 1795/2277/2726 1776/2265/2714 1790/2266/2715
f 1793/2279/2728 1778/2281/2730 1791/2280/2729
f 1778/2281/2730 1795/2277/2726 1820/2278/2727
f 1792/2282/2731 1779/2250/2703 1791/2280/2729
f 1773/2255/2706 1793/2272/2722 1821/2283/2732
f 1782/2284/2695 1783/2331/2695 1809/2285/2695
f 336/1290/1247 334/1132/1246 369/1133/2733
f 1806/2287/2734 1507/2330/2734 1497/2288/2734
f 1798/2290/2735 1803/2338/2736 1804/2291/2736
f 873/1483/1594 903/3390/1760 2213/1641/1760
f 1786/2293/2695 1787/2298/2695 1815/2294/2695
f 1800/2296/2737 1797/2257/2708 1819/2259/2710
f 1796/2297/2738 1803/2268/2718 1819/2259/2710
f 1787/2298/2695 1786/2293/2695 1814/2299/2695
f 1785/2301/2695 1784/2241/2695 1812/2295/2695
f 1488/2085/2639 1475/2428/4271 1411/2179/2681
f 1802/2302/2739 1805/2334/2739 1780/2303/2740
f 1807/2304/2741 1800/2314/2741 1774/2275/2725
f 1784/2306/2742 1776/3412/2742 1795/2307/2743
f 1808/2274/2724 1799/2276/2724 1776/2309/2742
f 1810/2311/2695 1804/2442/2695 1811/2312/2695
f 1780/2303/2740 1781/2336/2805 1773/2255/2706
f 1810/2313/2744 1797/2320/2744 1800/2314/2741
f 635/1355/2745 387/1362/1286 384/1209/2746
f 1794/2315/2747 1813/2323/2747 1785/2316/2748
f 360/2318/1405 344/1201/1402 386/1202/1179
f 1810/2313/2744 1806/2287/2734 1801/2289/2734
f 631/2321/2749 311/1187/1313 312/1204/1305
f 1498/2322/2751 1796/2297/2738 1816/2258/2709
f 372/1227/2752 365/1158/1386 326/1361/1262
f 1813/2323/2747 1794/2315/2747 1775/2324/2753
f 1413/2168/2583 1449/2146/2598 1457/2147/2599
f 1626/2326/2754 1647/2247/2767 1750/2267/2755
f 1753/2278/2757 1650/2282/2764 1629/2327/2758
f 1655/2257/2760 1752/2259/2783 1749/2258/2761
f 1646/2252/2763 1596/2253/2763 1660/2251/2764
f 1656/2269/2766 1750/2267/2755 1647/2247/2767
f 1659/2263/2762 1749/2258/2761 1532/2264/2712
f 1754/2249/2765 1660/2251/2764 1631/2250/2764
f 1652/2329/2719 1751/2246/2773 1648/2266/2759
f 1627/2245/2697 1647/2247/2767 1751/2246/2773
f 1628/2265/2774 1648/2266/2759 1751/2246/2773
f 1661/2268/2776 1752/2259/2783 1750/2267/2755
f 1657/2273/2775 1751/2246/2773 1647/2247/2767
f 1630/2281/2777 1649/2280/2772 1753/2278/2757
f 1653/2277/2778 1753/2278/2757 1648/2266/2759
f 1651/2279/2779 1754/2249/2765 1649/2280/2772
f 1597/2255/2770 1646/2256/2769 1754/2283/2780
f 1650/2282/2764 1753/2278/2757 1649/2280/2772
f 1664/2287/2734 1659/2289/2734 1497/2288/2734
f 256/1133/1004 225/1132/1003 227/1290/1181
f 1508/2261/2695 1669/2312/2695 1664/2260/2695
f 1667/2285/2695 1635/2331/2695 1634/2284/2695
f 1654/2297/2782 1749/2258/2761 1752/2259/2783
f 1752/2259/2783 1655/2257/2760 1658/2296/2756
f 1671/2242/2695 1637/2301/2695 1636/2241/2695
f 1672/2299/2695 1638/2293/2695 1639/2298/2695
f 1673/2294/2695 1639/2298/2695 1638/2293/2695
f 1635/2331/2695 1671/2242/2695 1666/2243/2695
f 1637/2301/2695 1673/2294/2695 1670/2295/2695
f 1633/2332/2784 1672/2299/2695 1663/2300/2695
f 1626/2275/2785 1658/2314/2786 1665/2304/2786
f 1660/2302/2788 1596/2254/2768 1632/2303/2789
f 1672/2270/2790 1651/2272/2781 1630/2271/2791
f 1666/2274/2792 1657/2276/2792 1626/2275/2785
f 1596/2254/2768 1597/2255/2770 1633/2336/2793
f 1669/2312/2695 1662/2442/2695 1668/2311/2695
f 1653/2307/2794 1628/3412/2795 1636/2306/2795
f 1628/2309/2795 1657/2276/2792 1666/2274/2792
f 1652/2315/2796 1629/2317/2797 1637/2316/2797
f 1658/2314/2786 1655/2320/2798 1668/2313/2798
f 266/1209/1082 269/1362/1439 443/1355/1440
f 1809/2292/2799 1783/2325/2753 1775/2324/2753
f 1498/2322/2751 1532/2264/2712 1749/2258/2761
f 204/1204/1077 203/1187/1059 439/2321/2800
f 268/1202/1075 233/1201/1074 247/2318/1164
f 320/1195/2801 646/1129/1469 653/1196/2802
f 1796/2337/2804 1811/2339/2804 1804/2291/2736
f 1781/2336/2805 1814/2270/2720 1793/2272/2722
f 1811/2339/2804 1796/2337/2804 1498/2340/2806
f 1815/2342/2807 1787/2346/2808 1779/2343/2808
f 1812/2308/2743 1795/2307/2743 1778/2271/2721
f 1659/2289/2734 1664/2287/2734 1668/2313/2798
f 1805/2345/2809 1802/3413/4274 1779/2343/2808
f 1656/2290/2810 1667/2292/2810 1662/2291/2811
f 1785/2316/2748 1815/2342/2807 1792/2344/2807
f 258/1227/1100 220/1226/1099 218/1361/1378
f 457/1348/2812 461/1179/1498 248/1405/2813
f 1627/2324/2814 1652/2315/2796 1671/2323/2796
f 1498/2340/2806 1654/2337/2815 1669/2339/2815
f 1637/2316/2797 1629/2317/2797 1650/2344/2816
f 1654/2337/2815 1661/2338/2811 1662/2291/2811
f 1631/2343/2817 1660/3413/4275 1663/2345/2818
f 1630/2271/2791 1653/2307/2794 1670/2308/2794
f 1633/2336/2793 1597/2255/2770 1651/2272/2781
f 1673/2342/2816 1650/2344/2816 1631/2343/2817
f 1627/2324/2814 1635/2325/2814 1667/2292/2819
f 2082/2347/636 2112/3414/636 2402/2348/2820
f 2371/2350/2821 2373/3415/2821 2372/2351/2821
f 2378/2353/2822 2399/3416/2822 2398/2354/2823
f 2381/2356/2824 2401/2373/2824 2399/2357/2822
f 2392/2361/2826 2391/2370/2831 2385/2425/2831
f 2385/2425/2831 2382/2359/2825 2392/2361/2826
f 2376/2355/2823 2398/2354/2823 2397/2362/1095
f 2375/2363/1095 2397/2362/1095 2396/2364/2827
f 2386/2366/2828 2404/2409/2828 2400/2367/2829
f 2387/2369/2830 2385/2425/2831 2391/2370/2831
f 1675/2225/2661 1644/2239/4272 1621/2372/2832
f 2383/2368/2829 2400/2367/2829 2401/2373/2824
f 1136/2374/636 1417/2173/2529 1294/2210/2833
f 1602/2145/2413 1674/2138/2504 1640/2140/2506
f 922/1872/2271 1132/1451/2023 2192/2376/2834
f 2402/3417/141 2112/3418/141 2243/3419/141
f 2370/3420/141 2392/3421/141 2393/3422/141
f 2370/3420/141 2393/3422/141 2394/3423/141
f 2402/3417/141 2243/3419/141 2403/3424/141
f 2243/3419/141 2371/2380/141 2400/3425/141
f 2403/3424/141 2243/3419/141 2404/3426/141
f 2404/3426/141 2243/3419/141 2400/3425/141
f 2371/2380/141 2370/3420/141 2397/3427/141
f 2370/3420/141 2394/3423/141 2395/3428/141
f 2370/3420/141 2395/3428/141 2396/3429/141
f 2370/3420/141 2396/3429/141 2397/3427/141
f 2401/3430/141 2400/3425/141 2371/2380/141
f 2399/2382/141 2401/3430/141 2371/2380/141
f 2371/2380/141 2397/3427/141 2398/2381/141
f 2374/2365/2827 2396/2364/2827 2395/2383/2836
f 2257/2385/2837 883/1544/2174 901/1668/2255
f 756/1543/2019 905/1709/1838 887/1768/1887
f 627/1773/1890 871/1510/2036 894/1535/2097
f 2373/2387/2401 2371/3431/2401 2243/2388/2401
f 2388/2390/2839 2394/2402/2843 2393/2360/2825
f 1511/2391/2431 1271/3432/2431 1302/2392/2431
f 767/1703/2240 771/1624/2299 742/1845/2142
f 2253/2393/2840 904/1685/1811 886/1860/1555
f 1641/2219/2654 1675/2225/2661 1603/2197/2549
f 2064/3433/171 2241/2397/171 2380/3434/171
f 2241/2397/171 2372/3435/171 2385/2395/171
f 2380/3434/171 2241/2397/171 2387/2396/171
f 2372/3435/171 2382/3436/171 2385/2395/171
f 740/1902/2143 711/1648/2307 737/1647/2306
f 2064/2398/2401 2380/2411/2842 2379/2399/2842
f 2377/2401/2836 2395/3437/2836 2394/2402/2843
f 1644/2403/2666 1612/2012/2666 1684/2014/2666
f 1643/2404/2431 1600/2233/2431 1681/2181/2431
f 920/2405/2844 865/1852/2844 780/1649/2014
f 1436/2407/2845 1616/2148/2511 1604/2036/2390
f 858/1715/2286 852/1714/2199 721/1856/2200
f 984/1663/2042 971/1579/2080 972/1849/2846
f 1676/2095/2439 1606/2147/2510 1599/2058/2410
f 2384/2408/2847 2403/2410/2847 2404/2409/2828
f 2390/2349/2820 2402/2348/2820 2403/2410/2847
f 2380/2411/2842 2387/2369/2830 2389/2371/2830
f 720/1897/2092 851/1632/2261 855/1815/2083
f 1133/1429/2103 923/2430/2190 1126/2413/2290
f 987/1726/2094 1003/1847/2060 973/1418/1770
f 677/2415/1465 658/1259/1419 676/1260/1418
f 350/1377/1388 354/1152/1189 434/1320/1381
f 1495/2171/2528 1435/2094/2438 1625/2096/2440
f 869/1710/2101 2244/1745/1864 2245/1771/1838
f 2388/3438/171 2382/3436/171 2372/3435/171
f 2373/2416/171 2242/3439/171 2383/3440/171
f 2242/3439/171 2082/3441/171 2390/3442/171
f 2242/3439/171 2390/3442/171 2384/3443/171
f 2388/3438/171 2372/3435/171 2377/3444/171
f 2372/3435/171 2373/2416/171 2375/3445/171
f 2377/3444/171 2372/3435/171 2374/3446/171
f 2374/3446/171 2372/3435/171 2375/3445/171
f 2242/3439/171 2384/3443/171 2386/3447/171
f 2242/3439/171 2386/3447/171 2383/3440/171
f 2373/2416/171 2383/3440/171 2381/2429/171
f 2376/2418/171 2375/3445/171 2373/2416/171
f 2373/2416/171 2381/2429/171 2378/2417/171
f 2391/2420/141 2392/3421/141 2370/3420/141
f 2370/3420/141 2240/2421/141 2391/2420/141
f 2240/2421/141 2063/3448/141 2379/3449/141
f 2240/2421/141 2379/3449/141 2389/2419/141
f 2241/2422/636 2240/3450/636 2370/2423/636
f 2157/2425/2854 2163/2370/2854 2164/2361/2852
f 2164/2361/2852 2165/2360/2853 2154/2359/2853
f 2174/2348/2855 2112/3414/636 2082/2347/636
f 2171/2357/2856 2173/2373/2857 2153/2356/2857
f 2144/2351/2858 2145/3415/2858 2143/2350/2858
f 2170/2354/2859 2171/3416/2856 2150/2353/2856
f 2169/2362/1732 2170/2354/2859 2148/2355/2859
f 2168/2364/2860 2169/2362/1732 2147/2363/1732
f 2172/2367/2861 2176/2409/2862 2158/2366/2862
f 2173/2373/2857 2172/2367/2861 2155/2368/2861
f 2175/2410/2863 2174/2348/2855 2162/2349/2855
f 2176/2409/2862 2175/2410/2863 2156/2408/2863
f 2243/3419/141 2112/3418/141 2174/3417/141
f 2243/3419/141 2174/3417/141 2175/3424/141
f 2165/3422/141 2164/3421/141 2142/3420/141
f 2166/3423/141 2165/3422/141 2142/3420/141
f 2143/2380/141 2243/3419/141 2172/3425/141
f 2243/3419/141 2175/3424/141 2176/3426/141
f 2243/3419/141 2176/3426/141 2172/3425/141
f 2166/3423/141 2142/3420/141 2167/3428/141
f 2142/3420/141 2143/2380/141 2169/3427/141
f 2167/3428/141 2142/3420/141 2168/3429/141
f 2168/3429/141 2142/3420/141 2169/3427/141
f 2143/2380/141 2172/3425/141 2173/3430/141
f 2143/2380/141 2173/3430/141 2171/2382/141
f 2170/2381/141 2169/3427/141 2143/2380/141
f 2151/2399/2864 2152/2411/2864 2064/2398/2401
f 2167/2383/2865 2168/2364/2860 2146/2365/2860
f 2166/2402/2866 2167/3437/2865 2149/2401/2865
f 2165/2360/2853 2166/2402/2866 2160/2390/2867
f 2144/3435/171 2241/2397/171 2157/2395/171
f 2241/2397/171 2064/3433/171 2152/3434/171
f 2241/2397/171 2152/3434/171 2159/2396/171
f 2157/2395/171 2154/3436/171 2144/3435/171
f 2243/2388/2401 2143/3431/2401 2145/2387/2401
f 2161/2371/2868 2159/2369/2868 2152/2411/2864
f 2163/2370/2854 2157/2425/2854 2159/2369/2868
f 1222/2210/2637 1363/2173/2636 1136/2374/636
f 1302/2392/2431 1271/3432/2431 1445/2391/2431
f 1493/2014/2694 1463/2012/2694 1481/2403/2694
f 1453/2145/2413 1401/2158/2506 1477/2140/2506
f 1690/2028/2384 1689/2137/2503 1503/2244/2503
f 1490/2181/2431 1451/2233/2431 1480/2404/2431
f 884/1570/2249 900/1434/1543 2246/1633/1750
f 1107/1699/1732 1112/1560/1732 1101/1645/2251
f 1777/2327/2870 1792/2282/2731 1820/2278/2727
f 1679/2085/2432 1687/2179/2532 1500/2179/2644
f 1774/2326/2872 1800/2296/2737 1817/2267/2717
f 1404/2407/2873 1446/2038/2602 1455/2036/2601
f 1798/2269/2719 1775/2245/2697 1789/2247/2699
f 1805/2300/2695 1814/2299/2695 1781/2332/2874
f 1794/2329/2766 1777/2327/2870 1790/2266/2715
f 1450/2058/2581 1457/2147/2599 1485/2095/2439
f 1808/2243/2695 1813/2242/2695 1783/2331/2695
f 1478/2219/2654 1456/2072/2628 1454/2197/2629
f 1484/2225/2687 1454/2197/2629 1472/2372/2875
f 807/1860/1555 825/1685/1811 2253/2393/2840
f 621/1715/1842 566/1522/1627 540/1856/1975
f 556/1647/1765 530/1648/1766 559/1902/2877
f 627/1773/1890 636/1536/1641 815/1535/1640
f 539/1897/2210 550/2412/4276 618/1815/1928
f 753/1639/2878 964/1669/2181 1134/1432/2182
f 958/1663/1784 959/1848/1966 946/1849/1967
f 717/1591/2172 976/1761/2268 515/1590/1697
f 851/1632/2261 859/1559/1662 774/1517/1664
f 586/1703/1832 556/1647/1765 561/1845/1959
f 808/1768/1887 826/1709/1838 575/1543/1648
f 717/1591/2172 1163/1537/2098 733/1626/2139
f 2192/2376/2834 1062/1451/1566 931/1872/1994
f 822/1668/1791 804/1544/1649 2257/2385/2837
f 599/1649/1829 787/1852/2881 929/2405/2881
f 628/1588/1695 714/1946/2237 730/1587/2114
f 853/1523/2218 856/1625/2010 771/1624/2299
f 1031/1645/1763 1042/1560/1095 1037/1699/1095
f 1056/2413/1886 932/2430/1885 1063/1429/1530
f 961/1726/1850 1012/1652/1908 947/1418/1907
f 1113/1644/2111 1104/1646/2110 1101/1645/2251
f 748/1598/2241 746/1600/2305 705/1599/2128
f 855/1815/2083 851/1632/2261 765/1628/2030
f 494/2415/1192 347/1272/1159 493/1260/1147
f 410/1320/1206 241/1152/1024 237/1377/1451
f 363/1304/1433 324/1139/1316 342/1265/1317
f 652/1240/2886 450/1142/1327 319/1206/1328
f 1408/2171/2584 1479/2217/2412 1476/2096/2670
f 2245/1771/1838 2244/1745/1864 791/1710/1839
f 2144/3435/171 2154/3436/171 2160/3438/171
f 2144/3435/171 2160/3438/171 2149/3444/171
f 2082/3441/171 2242/3439/171 2162/3442/171
f 2242/3439/171 2145/2416/171 2155/3440/171
f 2162/3442/171 2242/3439/171 2156/3443/171
f 2156/3443/171 2242/3439/171 2158/3447/171
f 2145/2416/171 2144/3435/171 2147/3445/171
f 2144/3435/171 2149/3444/171 2146/3446/171
f 2144/3435/171 2146/3446/171 2147/3445/171
f 2158/3447/171 2242/3439/171 2155/3440/171
f 2145/2416/171 2147/3445/171 2148/2418/171
f 2153/2429/171 2155/3440/171 2145/2416/171
f 2145/2416/171 2148/2418/171 2150/2417/171
f 2151/3449/141 2063/3448/141 2240/2421/141
f 2240/2421/141 2142/3420/141 2163/2420/141
f 2142/3420/141 2164/3421/141 2163/2420/141
f 2161/2419/141 2151/3449/141 2240/2421/141
f 2142/2423/636 2240/3450/636 2241/2422/636
f 932/2430/1885 2222/2443/2897 2223/2431/2890
f 2219/2432/2891 2216/1863/1906 817/1796/1906
f 793/1765/1884 819/1457/1572 2212/1569/1671
f 2209/2434/1524 2214/1962/1524 829/1426/1524
f 816/1868/1937 2208/2436/2894 2221/1575/1680
f 831/2435/2893 2206/2444/2893 2208/2436/2894
f 806/1456/1571 820/1594/1722 2205/1896/2085
f 803/1474/1723 801/1574/1679 2210/1576/1681
f 797/1609/1755 2203/1638/1756 2215/1798/1911
f 2202/1509/1614 2253/2393/2840 825/1685/1811
f 2248/1799/1912 2201/3451/4277 795/1623/1737
f 823/1443/1730 2217/3452/4278 2199/1634/1751
f 2197/2437/2895 2256/1894/2067 796/1880/2038
f 809/1748/1865 818/1750/1867 2247/1864/1984
f 1061/1462/1577 2250/1812/1577 2196/1921/2184
f 2195/2386/2838 2254/1642/1761 794/1483/1594
f 800/1893/2066 2252/1895/2068 2194/2438/2896
f 799/1756/1874 2194/2438/2896 2257/2385/2837
f 2193/2439/2841 2217/3452/4278 823/1443/1730
f 1062/1451/1566 2192/2376/2834 2222/2440/2897
f 811/1688/1819 629/1728/1852 2206/2441/2898
f 795/1623/1737 2201/3451/4277 626/1707/1837
f 1665/2286/2695 1668/2311/2695 1662/2442/2695
f 923/2430/2190 1133/1429/2103 2223/2431/2890
f 896/1796/1906 2216/1863/1906 2219/2432/2891
f 872/1765/2269 2219/2433/2892 2212/1569/1671
f 908/1426/1524 2214/1962/1524 2209/2434/1524
f 895/1868/2220 921/1866/2315 2221/1575/1680
f 910/2435/2893 895/1868/2220 2208/2436/2894
f 885/1456/1997 2251/1568/1670 2205/1896/2085
f 882/1474/1585 2204/1612/1721 2210/1576/1681
f 2215/1798/1911 2203/1638/1756 876/1609/1718
f 904/1685/1811 2253/2393/2840 2202/1509/1614
f 874/1623/2070 2201/3451/4277 2248/1799/1912
f 2199/1634/1751 2217/3452/4278 902/1443/1557
f 875/1880/2208 2256/1894/2067 2197/2437/2895
f 888/1748/2203 2197/2437/2895 2247/1864/1984
f 1131/1462/1577 1130/1920/2184 2196/1921/2184
f 873/1483/1594 2254/1642/1761 2195/2386/2838
f 2194/2438/2896 2252/1895/2068 879/1893/2301
f 2257/2385/2837 2194/2438/2896 878/1756/2147
f 902/1443/1557 2217/3452/4278 2193/2439/2841
f 2222/2440/2897 2192/2376/2834 1132/1451/2023
f 890/1688/2211 910/1689/4279 2206/2441/2898
f 626/1707/1837 2201/3451/4277 874/1623/2070
f 1807/2286/2695 1809/2285/2695 1804/2442/2695
f 2515/2445/2900 2521/2523/2901 2522/2446/2901
f 2507/2451/2904 2501/2725/2905 2506/2452/2905
f 2560/2454/2906 2559/2562/2906 2565/2455/2907
f 2548/2457/2909 2554/2461/2910 2549/2458/2910
f 2555/2460/2911 2549/2458/2910 2554/2461/2910
f 2535/2463/2912 2529/2543/2913 2528/2464/2913
f 2546/2466/2914 2547/2566/2914 2541/2467/2915
f 2538/2469/2916 2544/2489/2917 2545/2470/2917
f 2497/2475/2921 2503/2720/2922 2504/2476/2922
f 2527/2478/2923 2533/2497/2924 2534/2479/2924
f 2512/2481/2904 2518/2528/2925 2513/2482/2925
f 2537/2488/2928 2543/2560/2929 2544/2489/2929
f 2526/2490/2930 2525/2519/2930 2531/2491/2931
f 2514/2494/2935 2508/2516/2936 2507/2495/2936
f 2533/2497/2924 2539/2535/2937 2540/2498/2937
f 2550/2499/2938 2549/2559/2938 2555/2500/2939
f 2503/2505/2942 2497/2512/2948 2496/2506/2943
f 2499/2472/2944 2505/2511/2945 2506/2508/2945
f 2511/2510/2947 2512/2530/2947 2506/2508/2945
f 2499/2472/2918 2498/2474/2920 2504/2514/2950
f 2501/2515/2951 2507/2495/2936 2508/2516/2936
f 2510/2517/2952 2511/2510/2952 2505/2511/2950
f 2526/2490/2930 2520/2533/2953 2519/2518/2953
f 2551/2520/2954 2557/2565/2955 2558/2521/2955
f 2521/2523/2901 2527/2478/2923 2528/2480/2923
f 2502/2507/2942 2508/2516/2956 2509/2524/2956
f 2514/2494/2957 2515/2532/2957 2509/2524/2956
f 2510/2517/2952 2516/2540/2958 2517/2525/2958
f 2519/2527/2960 2513/2482/2925 2518/2528/2925
f 2512/2530/2947 2511/2510/2947 2517/2525/2961
f 2515/2532/2957 2514/2494/2957 2520/2533/2962
f 2539/2535/2937 2545/3453/2963 2546/2536/2963
f 2535/2463/2964 2541/2467/2965 2542/2537/2965
f 2523/2539/2966 2517/2525/2958 2516/2540/2958
f 2523/2539/2967 2524/2548/2967 2518/2531/2961
f 2524/2529/2960 2530/2546/2968 2525/2542/2968
f 2523/2539/2966 2522/2541/2966 2528/2464/2913
f 2527/2544/2969 2521/2534/2962 2520/2533/2962
f 2531/2545/2970 2525/2542/2968 2530/2546/2968
f 2524/2548/2967 2523/2539/2967 2529/2543/2971
f 2536/2538/2964 2530/2549/2971 2529/2543/2971
f 2526/2490/2969 2532/2492/2973 2533/2553/2973
f 2545/2554/2963 2551/2520/2954 2552/2522/2954
f 2538/2469/2916 2539/2471/2916 2533/2553/2973
f 2537/2488/2928 2538/2469/2928 2532/2492/2931
f 2543/2556/2909 2537/2561/2974 2542/2557/2974
f 2549/2559/2938 2550/2499/2938 2544/2489/2929
f 2536/2547/2970 2542/2557/2974 2537/2561/2974
f 2559/2562/2975 2553/2567/2976 2552/2563/2976
f 2534/2465/2912 2540/2468/2915 2541/2467/2915
f 2557/2565/2955 2563/2723/2977 2564/2449/2977
f 2547/2566/2914 2546/2466/2914 2552/2563/2976
f 2514/2494/2935 2513/2496/2935 2519/2518/2953
f 2547/2566/2978 2548/2569/2978 2542/2537/2965
f 2547/2566/2978 2553/2567/2979 2554/2568/2979
f 2551/2570/2980 2545/2470/2917 2544/2489/2917
f 2551/2570/2980 2550/2499/2980 2556/2501/2981
f 2429/2575/2925 2434/2633/2925 2428/2576/2904
f 2436/2578/2967 2435/2650/2967 2429/2579/2961
f 2460/2581/2978 2459/3454/2978 2453/2582/2965
f 2438/2584/2901 2437/2621/2901 2431/2585/2900
f 2466/2593/2979 2472/2691/2906 2471/2594/2906
f 2476/2596/2939 2482/2707/2934 2481/2597/2933
f 2442/2600/2971 2448/2667/2964 2447/2601/2964
f 2427/2606/2936 2421/2625/2951 2422/2607/2951
f 2412/2609/2918 2413/2617/2920 2419/2610/2950
f 2420/2612/2922 2419/2701/2922 2413/2573/2921
f 2415/2613/2943 2421/2625/2942 2420/2614/2942
f 2422/2607/2951 2421/2625/2951 2415/2613/2985
f 2444/2620/2923 2443/2623/2923 2437/2621/2901
f 2450/2622/2924 2449/2643/2924 2443/2623/2923
f 2426/2624/2956 2420/2614/2942 2421/2625/2942
f 2424/2626/2947 2423/2631/2947 2417/2627/2945
f 2425/2628/2952 2424/2626/2952 2418/2611/2950
f 2430/2580/2958 2424/2626/2952 2425/2628/2952
f 2423/2631/2947 2424/2626/2947 2430/2580/2961
f 2428/2608/2936 2434/2646/2935 2433/2632/2935
f 2433/2632/2957 2432/2639/2957 2426/2624/2956
f 2434/2633/2925 2429/2575/2925 2435/2634/2960
f 2422/2636/2905 2417/2708/2905 2423/2637/2904
f 2432/2639/2957 2433/2632/2957 2439/2640/2962
f 2456/2642/2937 2455/2645/2937 2449/2643/2924
f 2462/2644/2963 2461/3455/2963 2455/2645/2937
f 2431/2630/2958 2437/3456/2966 2436/2578/2966
f 2439/2640/2953 2433/2632/2935 2434/2646/2935
f 2436/2578/2966 2437/3456/2966 2443/2648/2913
f 2441/2649/2968 2446/2653/2968 2440/2635/2960
f 2435/2650/2967 2436/2578/2967 2442/2600/2971
f 2440/2647/2953 2446/3457/2930 2445/2651/2930
f 2439/2640/2962 2445/2651/2969 2444/2652/2969
f 2446/2653/2968 2441/2649/2968 2447/2654/2970
f 2444/2652/2969 2445/2651/2969 2451/2656/2973
f 2468/2658/2954 2467/2662/2954 2461/2659/2963
f 2474/2661/2955 2473/2675/2955 2467/2662/2954
f 2449/2663/2912 2448/2667/2912 2442/2600/2913
f 2445/2651/2930 2446/3457/2930 2452/2664/2931
f 2454/2583/2915 2448/2667/2912 2449/2663/2912
f 2453/2666/2974 2458/2670/2974 2452/2655/2970
f 2453/2582/2965 2447/2601/2964 2448/2667/2964
f 2458/2668/2928 2457/2669/2928 2451/2656/2931
f 2457/2669/2916 2456/3458/2916 2450/2657/2973
f 2458/2670/2974 2453/2666/2974 2459/2671/2909
f 2462/2673/2917 2456/3458/2916 2457/2669/2916
f 2480/2592/2977 2479/2695/2977 2473/2675/2955
f 2461/2676/2914 2460/2581/2914 2454/2583/2915
f 2463/2674/2929 2457/2669/2928 2458/2668/2928
f 2460/2581/2914 2461/2676/2914 2467/2678/2976
f 2465/2679/2910 2470/2684/2910 2464/2680/2909
f 2465/2595/2979 2459/3454/2978 2460/2581/2978
f 2470/2682/2938 2469/2692/2938 2463/2674/2929
f 2463/2674/2917 2469/2692/2980 2468/2683/2980
f 2470/2684/2910 2465/2679/2910 2471/2685/2911
f 2468/2683/2980 2469/2692/2980 2475/2598/2981
f 2467/2678/2976 2473/3459/2975 2472/2691/2975
f 2469/2692/2938 2470/2682/2938 2476/2596/2939
f 2472/2691/2975 2473/3459/2975 2479/2693/2991
f 2477/2694/2993 2482/2689/2993 2476/2686/2911
f 2471/2594/2906 2472/2691/2906 2478/2589/2907
f 2481/2597/2995 2480/2702/2999 2474/2690/2981
f 2426/2700/2997 2425/3460/2997 2419/2701/2922
f 2432/2586/2902 2431/2585/2900 2425/2703/2997
f 2417/2708/2905 2422/2636/2905 2416/2604/2940
f 2417/2627/2945 2411/2698/2946 2412/2609/2944
f 2509/2713/2997 2515/2445/2900 2516/2447/2902
f 2560/2454/2906 2554/2568/2979 2553/2567/2979
f 2563/2719/2999 2557/2571/2981 2556/2501/2981
f 2562/2486/2933 2556/2501/2939 2555/2500/2939
f 2558/2564/2975 2564/2729/2991 2565/2455/2992
f 2503/2720/2922 2509/3461/2997 2510/2721/2997
f 2501/2515/2951 2502/2507/2951 2496/2506/2985
f 2560/2462/2911 2566/2551/2993 2561/2724/2993
f 2500/2504/2940 2506/2452/2905 2501/2725/2905
f 3020/2731/3010 2993/2953/3220 2575/2732/3011
f 3045/2734/3012 2962/3462/4280 2609/2735/3013
f 2635/2737/3015 3045/2734/3012 3046/2736/3014
f 2670/2739/3017 2643/3084/3355 2584/2740/3018
f 3099/2742/3020 3030/2927/3194 2667/2743/3021
f 2656/2745/3023 2630/3009/3275 3102/2746/3024
f 2638/2748/3026 2659/3463/4281 2595/2749/3027
f 3131/2751/3029 3001/2855/3125 2586/2752/3030
f 3101/2754/3032 3136/2866/3135 3069/2755/3033
f 3088/2757/3035 2652/2792/3068 3076/2758/3036
f 2659/2760/3038 2637/2818/3093 2577/2761/3039
f 3046/2736/3014 2609/2735/3013 2611/2763/3041
f 3127/2765/3043 3013/2813/3088 2592/2766/3044
f 3034/2768/3046 3035/2851/3047 2955/2769/3047
f 3023/2771/3048 3005/3117/3388 2587/2772/3049
f 3024/2774/3051 2613/2976/3292 2965/2775/3052
f 3103/2777/3054 3134/2875/3141 3070/2778/3055
f 3080/2780/3057 2639/2806/3082 3083/2781/3058
f 3021/2783/3060 3031/2887/3156 2581/2784/3061
f 3022/2786/3063 3013/2813/3088 2582/2787/3064
f 3102/2789/3024 2630/3051/3275 3085/2790/3066
f 3088/2757/3035 3133/2791/3067 3085/2790/3066
f 3019/2793/3069 3000/2900/3168 2579/2794/3070
f 3034/2796/3072 3018/2822/3097 2599/2773/3050
f 3004/2797/3073 3126/2815/3090 3000/2798/3074
f 2650/2800/3076 2994/2830/3105 3012/2801/3077
f 3073/2803/3079 2627/2882/3379 3075/2804/3080
f 2639/2806/3082 3080/2780/3057 3132/2805/3081
f 3100/2807/3083 3029/2868/3084 2959/2808/3084
f 2961/2810/3085 3089/2981/3246 3097/2811/3086
f 3013/2813/3088 3022/2786/3063 2600/2814/3089
f 3126/2815/3090 2993/2918/3187 2579/2816/3091
f 2995/2817/3092 2989/2911/3179 2577/2761/3039
f 3017/2819/3094 2600/2913/3181 2590/2820/3095
f 3018/2822/3097 3034/2796/3072 2605/2823/3098
f 3033/2825/3100 2580/2836/3108 2596/2826/3101
f 3127/2765/3043 3032/2910/3178 2582/2787/3064
f 3019/2828/3103 2992/2845/4282 2586/2752/3030
f 2994/2830/3105 2638/3133/3026 2578/2831/3028
f 2598/2832/3106 3017/3119/3094 3009/2833/3096
f 2990/2835/3107 3027/2928/3195 2604/2741/3019
f 2580/2836/3108 2992/2845/4282 3019/2828/3103
f 2636/2837/3109 2575/2844/3115 2998/2838/3110
f 3005/2840/3112 3007/2843/3114 2647/2841/3047
f 3007/2843/3114 3005/2840/3112 2575/2844/3115
f 3003/2753/3031 2586/2752/3030 2992/2845/3116
f 3014/2847/3118 3129/2856/3126 3009/2821/3096
f 3068/2848/3119 3098/3083/3354 2665/2849/3120
f 2587/2842/3113 2647/2841/3047 3035/2851/3047
f 2583/2852/3122 3008/2878/3146 3011/2853/3123
f 3002/2839/3111 2998/2838/3110 2583/2852/3122
f 3001/2855/3125 3017/2861/3130 2598/2829/3104
f 3129/2856/3126 3004/2797/3073 2585/2799/3075
f 2646/2850/3121 2665/2849/3120 3100/2857/3127
f 3010/2859/3128 2650/2800/3076 2591/2802/3078
f 3017/2861/3130 3001/2855/3125 2592/2766/3044
f 2984/2862/3131 3064/2932/3199 3122/2863/3132
f 3087/2865/3134 2648/2880/3148 3069/2755/3033
f 2665/2867/3136 2668/2940/3207 3029/2868/3084
f 3082/2858/3127 3100/2857/3127 2958/2869/3127
f 2656/2871/3137 3094/3073/3344 3101/2754/3032
f 2957/2872/3138 3106/3077/3348 3122/2873/3139
f 3134/2875/3141 3079/2883/3152 2640/2876/3142
f 2628/2779/3143 2655/3122/3143 3093/2877/3144
f 3008/2878/3146 2589/2912/3180 2651/2879/3147
f 2648/2880/3148 3087/2865/3134 3135/2782/3059
f 3093/2881/3149 2655/3120/3150 2627/2882/3150
f 3015/2767/3045 2592/2766/3044 3001/2855/3125
f 3079/2883/3152 3137/2759/3037 3076/2758/3036
f 3063/2884/3153 3064/2932/3199 2984/2862/3131
f 3130/2886/3155 2991/2895/3163 2581/2784/3061
f 3116/3464/4283 3138/2889/3158 3119/2888/3157
f 3138/2889/3158 2976/3002/3265 3115/2890/3159
f 2606/2891/3160 3006/2892/3160 3018/2822/3097
f 3006/2892/3160 2588/2909/3160 2599/2773/3050
f 3036/2893/3161 2606/2891/3160 2607/2824/3099
f 3130/2886/3155 3014/2847/3118 2590/2820/3095
f 3037/2894/3162 2607/2824/3099 2605/2823/3098
f 3051/2897/3165 2616/2966/3231 2615/2898/3166
f 3019/2793/3069 2598/2832/3106 2585/2834/3075
f 3025/2901/3169 2603/2908/3807 2576/2902/3170
f 3022/2904/3172 2597/2785/3062 2581/2784/3061
f 3065/2905/3173 3036/2893/3161 3037/2894/3162
f 3026/2907/3175 2667/2743/3021 2603/2908/3176
f 2588/2909/3160 2988/2914/3160 3023/2771/3048
f 2999/2860/3129 3131/2751/3029 3003/2753/3031
f 3032/2910/3178 3127/2765/3043 3012/2801/3077
f 3014/2847/3118 3130/2886/3155 2989/2911/3179
f 2600/2913/3181 3022/2904/3172 2991/2895/3163
f 2988/2914/3160 2576/3465/3160 2594/2915/3182
f 2602/2916/3183 3025/2901/3169 2988/2903/3171
f 3128/2846/3117 2992/2845/3116 2580/2836/3185
f 2993/2918/3187 3126/2815/3090 2998/2838/3110
f 3125/2919/3188 2985/3124/4284 2663/2920/3189
f 3125/2919/3190 2664/2921/4285 2626/2922/3191
f 2608/2924/3193 3028/2936/3193 3006/2925/3193
f 3004/2797/3073 3129/2856/3126 3008/2878/3146
f 3030/2927/3194 2670/2739/3017 2604/2741/3019
f 3031/2887/3156 3021/2783/3060 2595/2762/3040
f 2990/2835/3107 3128/2846/3117 3033/2825/3186
f 2989/2911/3179 3130/2886/3155 3031/2887/3156
f 2584/2740/3018 3003/2753/3031 3128/2846/3117
f 3015/2767/3045 3131/2751/3029 2999/2860/3129
f 3129/2856/3126 3014/2847/3118 2589/2912/3180
f 3066/2906/3174 3037/2894/3162 3063/2896/3164
f 2576/2902/3198 3033/2825/3100 3020/2827/3102
f 3126/2815/3090 3004/2797/3073 2583/2852/3122
f 2595/2749/3027 3021/3123/3209 3032/2931/3178
f 2605/2770/3046 2955/2769/3047 3064/2932/3199
f 2601/2933/3200 2574/2943/3210 3016/2934/3201
f 3029/2868/3084 2668/2940/3207 2602/2916/3202
f 2959/2808/3084 3029/2868/3084 3028/2936/3203
f 3051/2937/3204 3049/3466/3204 2618/2938/3205
f 3012/2801/3077 3127/2765/3043 3015/2767/3045
f 2668/2940/3207 3026/2907/3175 3025/2901/3177
f 3028/2936/3193 2602/2916/3183 2588/2917/3184
f 3087/2865/3134 2649/3089/3359 3084/2941/3208
f 2667/2743/3021 3030/2927/3194 3027/2928/3195
f 3021/2942/3209 2597/2788/3065 2582/2787/3064
f 2574/2943/3210 2593/3080/3794 2997/2764/3042
f 3096/2944/3211 2661/2948/3215 2645/2945/3212
f 3096/2944/3211 3068/3052/3214 2646/2947/3214
f 2601/2949/3200 3024/2774/3051 2986/2776/3053
f 3044/2950/3217 2969/2993/3217 2614/2951/3218
f 2993/2953/3220 3020/2731/3010 2596/2795/3071
f 2963/2954/3221 2960/3112/3384 3110/2955/3222
f 3082/2957/3214 3091/3100/3138 2661/2948/3215
f 2624/2958/3224 3038/3047/3320 3036/2959/3225
f 3043/2962/3228 3054/3109/3380 2617/2963/3229
f 2970/2965/3230 2615/2898/3166 2616/2966/3231
f 2968/2968/3233 2971/3062/3263 3114/2969/3234
f 3105/2971/3236 3106/3077/3348 2957/2872/3138
f 3086/2973/3237 2653/3085/3312 2662/2974/3238
f 2613/2976/3240 3050/3467/3254 3041/2977/3241
f 2647/2841/3047 3007/2843/3114 3081/2978/3242
f 3114/2969/3244 2977/3468/3365 2976/2980/3245
f 2963/2954/3221 3074/2956/3223 3089/2981/3246
f 3047/2982/3247 2973/3469/3338 2617/2983/3248
f 3057/2985/3250 3055/3031/3299 2623/2986/3251
f 2613/2988/3240 2610/2995/4286 3061/2989/3253
f 3074/2956/3223 3110/2955/3222 2625/2991/3255
f 2972/2967/3232 2616/2966/3231 2614/2951/3218
f 3135/2782/3059 3084/2941/3208 2641/2994/3258
f 3016/2934/3201 2997/2764/3042 2611/2763/3041
f 3092/2996/3260 3072/3127/4287 2632/2997/3261
f 2970/2965/3230 2972/2967/3232 2971/2999/3263
f 2609/3003/3266 2962/3138/3267 3060/3004/3267
f 2610/2995/3269 2611/2763/3330 3062/3006/3270
f 3119/2888/3157 3115/2890/3159 2982/3007/3272
f 3074/2956/3223 2654/2992/3256 2626/2922/3274
f 2656/2745/3023 2659/3463/4281 2638/2748/3026
f 2970/2965/3230 3047/2982/3247 3048/2984/3249
f 2642/3010/3276 3072/3139/4287 3092/3011/3260
f 2622/3013/3278 3053/3019/3284 3059/3014/3279
f 3052/3016/3281 3057/3037/3303 2620/3017/3282
f 3054/3109/4288 3059/3014/3279 3056/3021/3286
f 3059/3014/3279 3053/3019/3284 3056/3021/3286
f 3111/3022/3287 3047/2982/3247 2970/2965/3230
f 2972/2967/3232 2969/2993/3257 2967/3023/3288
f 3042/2952/3289 3051/2897/4289 2619/3024/3290
f 3024/2935/3051 3016/2934/3201 2610/2995/3259
f 3119/3026/3293 3058/3091/3362 3043/2962/3294
f 3109/3028/3296 2964/3061/3333 2977/3029/3297
f 3055/3031/3299 3057/2985/3250 2612/3032/3291
f 3055/3031/3299 3053/3040/3306 2622/3033/3300
f 3042/2952/3219 2614/2951/3218 2616/2966/3231
f 3070/3034/3055 3099/3128/3020 2666/3035/3301
f 3057/3037/3303 3052/3016/3281 2975/3038/3304
f 3053/3040/3306 3055/3031/3299 2619/2939/3206
f 2994/2830/3105 2650/2800/3076 2652/2792/3068
f 2987/2929/3307 2996/3140/4290 2635/2737/3308
f 3061/2989/3310 3062/3006/3318 2623/2986/3251
f 3050/3041/3311 3061/3149/4291 2622/3013/3278
f 2653/3042/3312 3086/3152/3237 3133/2791/3067
f 3040/3005/3313 3060/3004/3313 2981/3018/3283
f 3050/3041/3314 2621/3015/3369 2979/3043/3315
f 3040/3045/3317 2620/2987/3252 2623/2986/3251
f 2985/3046/3319 3039/3050/3323 3038/3047/3203
f 3038/3047/3320 2608/2924/3193 2606/2926/3193
f 3122/2873/3139 3106/3077/3348 3124/3048/3321
f 2637/2818/3093 2629/2756/3034 3069/2755/3033
f 3039/3050/3323 2959/2808/3084 2608/2924/3203
f 2630/3051/3275 2638/3133/3026 2994/2830/3105
f 3068/3052/3214 3096/2944/3211 2655/3053/3324
f 2995/2817/3092 3069/2755/3033 2648/2880/3148
f 3118/3055/3325 2978/3093/3813 2983/3056/3326
f 3103/3058/3145 3093/3470/3144 2657/2998/3262
f 2634/3059/3328 3086/2973/3237 3095/2975/3239
f 2609/2735/3266 3040/3045/3268 3062/3006/3270
f 2975/3038/3304 3052/3016/3281 3118/3055/3331
f 2964/3061/3333 3118/3055/3325 3117/3057/3327
f 2971/3062/3263 2967/3125/3288 3109/3063/3334
f 2974/3064/3335 3116/3027/3341 3043/2962/3228
f 3089/2981/3246 2626/2922/3274 2664/2921/3336
f 3047/889/3247 3111/3471/3287 2974/3065/3337
f 3109/3028/3339 3044/3148/4292 2975/3038/3304
f 3138/3067/3340 3111/3151/3287 2968/2968/3233
f 3133/2791/3067 3086/3152/3237 2634/3068/3328
f 3116/3027/3341 2974/3064/3335 3111/3069/3342
f 2967/3023/3288 2969/2993/3217 3044/2950/3217
f 2633/3072/3343 3101/2754/3032 3094/3073/3344
f 2655/3053/3324 3096/2944/3211 3081/2946/3213
f 3064/2932/3199 2955/2769/3047 2954/3076/3347
f 3106/3077/3348 3105/2971/3236 3123/3078/3349
f 2989/2911/3179 2995/2817/3092 2651/2879/3147
f 3080/2780/3057 2641/2994/3258 3077/3079/3350
f 2593/3080/3351 3066/2906/4293 2987/2929/3307
f 3132/2805/3081 3077/3079/3350 2631/3081/3352
f 3095/3082/3353 3071/3087/3357 2633/3072/3343
f 2628/3036/3302 2666/3035/3301 3098/3083/3354
f 2670/2739/3017 2669/3098/3370 2640/2876/3142
f 2653/3085/3312 3078/3101/3372 3090/3086/3356
f 3071/3087/3357 3095/3082/3353 2662/3088/3358
f 3072/3090/3360 2642/3107/3276 3079/2883/3152
f 3059/3014/3361 3054/3109/4294 3043/2962/3294
f 2633/3072/3343 3071/3087/3357 3136/2866/3135
f 2981/3018/3283 3060/3004/3363 3108/3092/3363
f 2977/3094/3365 3117/3147/3327 3115/2890/3366
f 3058/3091/3362 3119/3026/3293 2980/3095/3367
f 2632/3096/3368 3072/3090/3360 3134/2875/3141
f 3075/2804/3080 2627/2882/3379 2636/2837/3109
f 2621/3015/3369 3059/3014/3361 3058/3091/3362
f 2661/2948/3215 3091/3100/3138 3104/3097/3140
f 2669/3098/3370 3099/2742/3020 3070/2778/3055
f 3083/2781/3058 3011/2853/3123 2651/2879/3147
f 2955/2769/3047 3035/2851/3047 3104/3099/3371
f 3091/3100/3138 3082/2957/3214 2956/2972/3214
f 3078/3101/3372 2642/3010/3276 2660/3012/3277
f 3136/2866/3135 3071/3087/3357 2649/3089/3359
f 3011/2853/3123 3083/2781/3058 2639/2806/3082
f 2656/2871/3137 2629/2756/3034 2637/2818/3093
f 3084/2941/3208 3090/3105/3374 2660/3102/3373
f 3076/2758/3036 3010/2859/3128 2643/3084/3355
f 3078/3103/3372 2653/3042/3312 3088/2757/3035
f 3110/2955/3222 3045/3113/3012 2635/3104/3015
f 3090/3105/3374 3084/2941/3208 2649/3089/3359
f 3092/3106/3375 3077/3079/3377 2641/2994/3258
f 2965/2775/3052 2966/2812/3087 3097/2811/3086
f 2642/3107/3276 3078/3103/3372 3137/2759/3037
f 3092/3106/3375 2657/3108/3378 2631/3081/3376
f 2657/3108/3378 3093/2881/3149 3073/2803/3151
f 3007/2843/3114 2636/2837/3109 2627/2882/3379
f 3104/3097/3140 3091/3100/3138 2957/2872/3138
f 3010/2859/3128 3076/2758/3036 2652/2792/3068
f 2639/2806/3082 3075/2804/3080 3002/2839/3111
f 2986/2776/3053 3097/2811/3086 2664/2921/3336
f 2634/3059/3328 2658/3060/3329 3094/2747/3025
f 3054/3109/3380 3056/3021/3382 3048/3110/3381
f 3035/2851/3047 2647/2841/3047 2645/2979/3243
f 3056/3021/3382 3049/3115/4295 2615/3111/3383
f 2960/3112/3384 2962/3121/4280 3045/3113/3012
f 2666/2744/3022 2667/2743/3021 3026/2907/3175
f 3098/3114/3385 3026/2907/3175 2668/2940/3207
f 2975/3038/3304 3044/3148/4292 3042/3116/3387
f 3030/2927/3194 3099/2742/3020 2669/3098/3370
f 3005/3117/3388 3023/2771/3048 2594/2915/3182
f 2643/3084/3355 3010/2859/3128 2999/2860/3129
f 2880/2905/3390 2881/2906/3595 2852/2894/3391
f 2807/2845/3393 2684/2752/3526 2818/2753/3394
f 2820/2840/3396 2685/2842/3594 2745/2841/3397
f 2678/2836/3399 2694/2826/3434 2834/2828/3400
f 2709/2763/3402 2707/2735/3648 2861/2736/3403
f 2685/2772/3405 2697/2773/3579 2833/2822/3406
f 2891/2758/3408 2738/2876/3425 2741/3084/3409
f 2899/2941/3411 2739/2994/3420 2758/3102/3412
f 2696/2832/3414 2683/2834/3530 2824/2833/3415
f 2749/2879/3417 2687/2912/3602 2823/2878/3418
f 2739/2994/3420 2892/3079/3459 2907/3106/3421
f 2747/3089/3422 2899/2941/3411 2905/3105/3413
f 2891/2758/3408 2952/2759/3562 2894/2883/3424
f 2836/2783/3426 2695/2785/4296 2679/2784/3427
f 2819/2797/3429 2683/2799/3530 2815/2798/3430
f 2673/2732/3432 2808/2953/3783 2835/2731/3433
f 2694/2826/3434 2678/2836/3399 2848/2825/3435
f 2914/2742/3437 2764/2744/3498 2765/2743/3438
f 2799/2862/3440 2882/2864/3740 2937/2863/3441
f 2674/2902/3443 2701/2908/3680 2840/2901/3444
f 2898/2781/3446 2737/2806/3464 2895/2780/3447
f 2701/2908/3449 2765/2743/3438 2841/2907/3450
f 2885/2778/3452 2949/2875/3535 2918/2777/3453
f 2755/3108/3455 2729/3081/3458 2888/2803/3456
f 2729/3081/3458 2755/3108/3455 2907/3106/3421
f 2688/2820/3460 2698/2913/3584 2832/2819/3416
f 2810/2817/3461 2735/2818/3573 2675/2761/3462
f 2737/2806/3464 2742/2854/4297 2817/2839/3465
f 2750/2792/3467 2891/2758/3408 2825/2859/3410
f 2780/2775/3469 2711/2976/4298 2839/2774/3470
f 2704/2891/3472 2705/2824/3512 2833/2822/3406
f 2900/2790/3473 2728/3051/3672 2917/2789/3474
f 2791/3002/3664 2953/2889/3477 2930/2890/3476
f 2953/2889/3477 2931/3464/4299 2934/2888/3478
f 2941/2815/3431 2815/2798/3430 2677/2816/3479
f 2912/2811/3481 2904/2981/3618 2776/2810/3482
f 2743/2979/3484 2745/2841/3397 2850/2851/3397
f 2869/3109/3486 2715/2963/3684 2863/3110/3487
f 2837/2786/3489 2695/2788/4300 2680/2787/3490
f 2677/2794/3492 2815/2900/3582 2834/2793/3493
f 2764/2744/3498 2913/3114/3547 2841/2907/3450
f 2737/2806/3464 2890/2804/3466 2947/2805/3499
f 2698/2814/3500 2837/2786/3489 2828/2813/3491
f 2900/2790/3473 2948/2791/3475 2903/2757/3502
f 2861/2736/3403 2860/2734/3551 2733/2737/3503
f 2915/2807/3505 2773/2809/3505 2774/2808/3506
f 2878/2884/3507 2802/2885/3670 2799/2862/3440
f 2679/2784/3427 2806/2895/3585 2945/2886/3508
f 2942/2765/3509 2828/2813/3491 2680/2787/3490
f 2703/2823/3511 2849/2796/3407 2833/2822/3406
f 2681/2852/3513 2742/2854/4297 2826/2853/3419
f 2676/2831/3514 2736/3133/3591 2809/2830/3515
f 2908/2881/3457 2888/2803/3456 2725/2882/3517
f 2734/2837/3518 2817/2839/3465 2813/2838/3519
f 2805/2835/3521 2682/2740/3606 2702/2741/3522
f 2829/2847/3524 2688/2820/3460 2824/2821/3415
f 2673/2844/3520 2820/2840/3396 2822/2843/3398
f 2834/2828/3400 2696/2829/3540 2684/2752/3526
f 2883/2848/3527 2744/2850/3536 2763/2849/3528
f 2944/2856/3525 2824/2821/3415 2683/2799/3530
f 2951/2866/3531 2902/2865/3546 2747/3089/3422
f 2689/2802/3533 2748/2800/3468 2825/2859/3410
f 2949/2875/3535 2885/2778/3452 2738/2876/3425
f 2744/2850/3536 2897/2858/3537 2915/2857/3537
f 2763/2867/3538 2915/2807/3505 2844/2868/3506
f 2696/2829/3540 2832/2861/3789 2816/2855/3541
f 2826/2853/3419 2742/2854/4297 2737/2806/3464
f 2772/2872/3542 2769/2874/3559 2937/2873/3543
f 2746/2880/3545 2898/2781/3446 2950/2782/3448
f 2913/3114/3547 2763/2867/3538 2766/2940/3539
f 2780/2775/3469 2801/2776/3471 2912/2811/3481
f 2871/3021/3488 2863/3110/3487 2713/3111/3548
f 2775/3112/3550 2925/2955/3567 2860/3113/3551
f 2801/2776/3471 2761/2920/3786 2762/2921/3553
f 2732/3059/3554 2917/2746/3474 2909/2747/3555
f 2725/2882/3557 2734/2837/3518 2822/2843/3398
f 2919/3097/3559 2769/2874/3559 2772/2872/3542
f 2816/2855/3541 2690/2766/3501 2830/2767/3560
f 2952/2759/3562 2893/3103/3564 2740/3107/3563
f 2903/2757/3502 2751/3042/3751 2893/3103/3564
f 2726/2779/3565 2918/2777/3785 2908/2877/3566
f 2925/2955/3567 2723/2991/3693 2733/3104/3503
f 2672/2943/3568 2831/2934/3609 2812/2764/3404
f 2916/2754/3570 2909/3073/3769 2754/2871/3571
f 2754/2871/3571 2757/2760/3788 2735/2818/3573
f 2817/2839/3465 2742/2854/4297 2681/2852/3513
f 2884/2755/3574 2746/2880/3545 2902/2865/3546
f 2902/2865/3546 2950/2782/3448 2899/2941/3411
f 2897/2858/3537 2771/2870/3537 2773/2869/3537
f 2840/2901/3451 2841/2907/3450 2766/2940/3539
f 2743/2945/3576 2759/2948/3620 2911/2944/3577
f 2697/2773/3579 2686/2909/3472 2821/2892/3472
f 2803/2903/3445 2840/2901/3444 2700/2916/3580
f 2683/2834/3530 2696/2832/3414 2834/2793/3493
f 2686/2917/3581 2700/2916/3580 2843/2936/3583
f 2698/2913/3584 2688/2820/3460 2806/2895/3585
f 2689/2802/3533 2827/2801/3516 2809/2830/3515
f 2702/2741/3522 2768/2739/3636 2845/2927/3439
f 2821/2925/3583 2843/2936/3583 2706/2924/3583
f 2823/2878/3418 2944/2856/3525 2819/2797/3429
f 2713/2898/3587 2714/2966/3673 2866/2897/3588
f 2693/2749/3590 2757/3463/4301 2736/2748/3591
f 2890/2804/3466 2725/2882/3557 2888/2803/3592
f 2686/2909/3472 2697/2773/3579 2838/2771/3593
f 2685/2842/3594 2849/2768/3617 2850/2851/3397
f 2881/2906/3595 2802/2929/4302 2878/2896/3596
f 2814/2860/3534 2682/2740/3606 2818/2753/3394
f 2884/2755/3574 2951/2866/3531 2916/2754/3570
f 2678/2836/3597 2807/2845/3393 2943/2846/3395
f 2692/2915/3599 2674/3465/3472 2803/2914/3472
f 2693/2762/3600 2836/2783/3426 2846/2887/3428
f 2813/2838/3519 2941/2815/3431 2808/2918/3480
f 2674/2902/3601 2692/2930/3601 2835/2827/3436
f 2687/2912/3602 2829/2847/3524 2944/2856/3525
f 2805/2835/3521 2674/2902/4303 2848/2825/3598
f 2804/2911/3463 2675/2761/3462 2846/2887/3428
f 2724/2922/3603 2762/2921/4304 2940/2919/3604
f 2682/2740/3606 2805/2835/3521 2943/2846/3395
f 2693/2749/3590 2676/2750/3514 2847/2931/3510
f 2814/2860/3534 2946/2751/3561 2830/2767/3560
f 2699/2933/3608 2839/2935/3470 2831/2934/3609
f 2940/2919/3610 2762/2921/3610 2761/2920/3611
f 2716/2938/3613 2864/3466/3614 2866/2937/3614
f 2700/2916/3575 2766/2940/3539 2844/2868/3506
f 2827/2801/3516 2689/2802/3533 2830/2767/3560
f 2703/2770/3617 2878/2884/3507 2879/2932/3442
f 2842/2928/3523 2845/2927/3439 2765/2743/3438
f 2681/2852/3513 2819/2797/3429 2941/2815/3431
f 2827/2801/3516 2942/2765/3509 2847/2910/3510
f 2843/2936/3616 2844/2868/3506 2774/2808/3506
f 2762/2921/3553 2724/2922/3630 2904/2981/3618
f 2804/2911/3463 2945/2886/3508 2829/2847/3524
f 2685/2772/3405 2820/3117/3634 2838/2771/3593
f 2703/2823/3511 2705/2824/3512 2852/2894/3391
f 2703/2770/3617 2770/2769/3397 2850/2851/3397
f 2911/2944/3577 2759/2948/3620 2744/2947/3619
f 2743/2945/3576 2919/3097/3559 2906/3100/3542
f 2868/3040/3621 2716/2938/3613 2717/2939/3615
f 2705/2824/3512 2704/2891/3472 2851/2893/3392
f 2778/2954/3623 2889/2956/3631 2925/2955/3567
f 2945/2886/3508 2806/2895/3585 2688/2820/3460
f 2720/3013/3624 2719/3015/4305 2874/3014/3625
f 2786/3062/3627 2929/2969/3647 2924/3063/3628
f 2724/2922/3630 2752/2992/4306 2889/2956/3631
f 2868/3019/3626 2874/3014/3625 2871/3021/3495
f 2874/3014/3625 2869/3109/4307 2871/3021/3495
f 2791/2980/3632 2792/3468/3780 2929/2969/3633
f 2759/2948/3620 2906/3100/3542 2897/2957/3619
f 2690/2766/3501 2828/2813/3491 2942/2765/3509
f 2820/3117/3634 2673/3118/4308 2692/2915/3599
f 2767/3098/3635 2914/2742/3437 2845/2927/3439
f 2794/3043/3637 2719/3015/3754 2865/3041/3638
f 2785/2965/3640 2713/2898/3587 2863/2984/3641
f 2937/2873/3543 2882/3049/4309 2939/3048/3643
f 2812/2764/3404 2861/2736/3403 2671/2738/3504
f 2752/2992/3644 2724/2922/3603 2938/2923/3605
f 2783/2968/3646 2927/2970/4310 2929/2969/3647
f 2707/2735/3648 2777/3462/3552 2860/2734/3551
f 2896/2978/3558 2822/2843/3398 2745/2841/3397
f 2907/2996/3649 2755/2998/3784 2730/2997/3650
f 2885/3034/3452 2726/3036/3774 2764/3035/3652
f 2917/2746/3474 2728/3009/3672 2754/2745/3653
f 2772/2872/3542 2921/3077/3544 2920/2971/3654
f 2789/3065/3655 2926/3471/3705 2862/889/3642
f 2722/2958/3657 2880/2960/4311 2851/2959/3658
f 2858/2962/3660 2931/3027/3781 2789/3064/3661
f 2882/3129/3662 2723/2991/3689 2752/2992/3644
f 2773/2809/3505 2922/3143/3731 2854/3050/3663
f 2950/2782/3448 2895/2780/3447 2739/2994/3420
f 2920/3130/3666 2938/2923/3667 2940/2919/3667
f 2761/2920/3611 2699/2949/3669 2722/3132/3669
f 2735/2818/3573 2810/2817/3461 2884/2755/3574
f 2900/2790/3473 2809/2830/3515 2736/3133/3591
f 2785/2965/3640 2787/2967/3697 2714/2966/3673
f 2721/2986/3674 2870/3031/3622 2872/2985/3675
f 2831/2934/3609 2708/2995/3709 2709/2763/3402
f 2797/3007/3677 2795/3008/4312 2928/3134/3678
f 2805/2835/3521 2842/2928/3523 2701/2908/3680
f 2760/2974/3681 2751/3085/3751 2901/2973/3682
f 2858/2962/3660 2788/2964/3660 2715/2963/3684
f 2793/3093/3685 2796/3018/3704 2867/3016/3686
f 2882/3136/3662 2811/3140/3714 2733/2737/3688
f 2711/2988/3690 2865/2990/4313 2876/2989/3691
f 2889/2956/3631 2752/2992/4306 2723/2991/3693
f 2768/2739/3636 2702/2741/3522 2682/2740/3606
f 2856/2977/3694 2865/3467/4313 2711/2976/3690
f 2753/3053/3696 2911/2944/3577 2883/3052/3619
f 2787/2967/3697 2784/2993/3699 2712/2951/3698
f 2785/2965/3640 2783/3000/3646 2786/2999/3627
f 2706/2924/3616 2774/2808/3506 2854/3050/3663
f 2787/2967/3697 2786/2999/3627 2782/3023/3629
f 2707/3003/3700 2855/3005/4314 2875/3004/3701
f 2934/2888/3478 2795/3008/4312 2797/3007/3677
f 2853/3047/3616 2854/3050/3663 2800/3046/3702
f 2736/2748/3591 2757/3463/4301 2754/2745/3653
f 2718/3017/3703 2872/3037/3720 2867/3016/3686
f 2740/3010/3563 2758/3012/3787 2907/3011/3649
f 2926/3022/3705 2783/3000/3646 2785/2965/3640
f 2792/3029/3706 2779/3061/3757 2924/3028/3707
f 2839/2935/3470 2711/2988/4298 2708/2995/3709
f 2870/3031/3622 2717/2939/3749 2710/3032/3710
f 2720/3033/3711 2868/3040/3621 2870/3031/3622
f 2750/2792/3467 2748/2800/3468 2809/2830/3515
f 2714/2966/3673 2712/2951/3698 2857/2952/3712
f 2802/2929/3713 2671/2738/4315 2733/2737/3688
f 2781/2812/3715 2776/2810/4316 2935/3135/3716
f 2721/2986/3674 2718/2987/3676 2855/3045/3718
f 2872/3037/3720 2710/3039/4317 2790/3038/3721
f 2708/2995/3722 2876/2989/4318 2877/3006/3723
f 2798/3141/3725 2797/3007/3737 2935/3135/3726
f 2691/3080/3728 2881/2906/3775 2880/2905/3729
f 2922/3143/3731 2940/3153/4319 2800/3046/3702
f 2775/3144/3732 2777/3138/3701 2875/3004/3701
f 2672/2943/3734 2880/2905/3734 2722/3145/3734
f 2794/3043/3637 2856/3044/3639 2928/3146/3735
f 2797/3007/3737 2798/3141/3725 2932/3147/3738
f 2704/2926/3583 2706/2924/3583 2853/3047/3659
f 2856/2977/3694 2780/2775/3695 2781/2812/3715
f 2776/2810/3741 2778/2954/4320 2936/3142/3742
f 2855/3005/3743 2718/3017/3703 2796/3018/3704
f 2734/2837/3518 2725/2882/3557 2890/2804/3466
f 2741/3084/3409 2682/2740/3606 2814/2860/3534
f 2790/3038/3721 2710/3039/4317 2857/3116/3744
f 2876/2989/3746 2720/3033/3711 2721/2986/3674
f 2865/3041/3747 2719/3015/4305 2720/3013/3624
f 2717/3024/3749 2866/2897/3750 2857/2952/3750
f 2948/2791/3475 2901/3152/3682 2751/3042/3751
f 2949/2875/3535 2887/3090/3778 2730/3096/3752
f 2885/2778/3452 2914/2742/3437 2767/3098/3635
f 2810/2817/3461 2749/2879/3417 2746/2880/3545
f 2782/3023/3629 2924/3071/3628 2859/2950/3753
f 2719/3015/3754 2794/3043/3637 2873/3091/3755
f 2779/3061/3757 2792/3029/3706 2932/3057/3738
f 2715/2983/3759 2788/3469/3656 2862/2982/3642
f 2753/3053/3696 2725/3075/4321 2896/2946/3578
f 2936/3150/3742 2778/3154/4320 2775/3144/3732
f 2771/2870/3537 2920/3130/3666 2922/3131/3668
f 2798/3056/3725 2936/3150/3727 2923/3092/3760
f 2684/2752/3526 2816/2855/3541 2946/2751/3561
f 2790/3038/3721 2779/3061/4322 2933/3055/3687
f 2953/3067/3762 2927/2970/4310 2783/2968/3646
f 2904/2981/3618 2889/2956/3631 2778/2954/3623
f 2751/3085/3751 2760/2974/3681 2905/3086/3763
f 2858/2962/3764 2873/3091/3755 2934/3026/3765
f 2921/3077/3544 2939/3048/3643 2938/3078/3767
f 2891/2758/3408 2750/2792/3467 2903/2757/3502
f 2924/3028/3768 2779/3061/4322 2790/3038/3721
f 2909/3073/3769 2916/2754/3570 2731/3072/3770
f 2731/3072/3770 2886/3087/3532 2910/3082/3772
f 2769/3076/3773 2770/2769/3397 2879/2932/3442
f 2768/2739/3636 2741/3084/3409 2738/2876/3425
f 2726/3036/3774 2883/2848/3527 2913/3083/3529
f 2886/3087/3532 2747/3089/3422 2760/3088/3423
f 2749/2879/3417 2810/2817/3461 2804/2911/3463
f 2691/3080/3728 2671/2738/4315 2802/2929/3713
f 2877/3006/3723 2855/3045/4314 2707/2735/3700
f 2947/2805/3499 2888/2803/3592 2729/3081/3776
f 2894/2883/3424 2740/3107/3563 2887/3090/3778
f 2951/2866/3531 2886/3087/3532 2731/3072/3770
f 2895/2780/3447 2947/2805/3499 2892/3079/3777
f 2796/3018/3704 2793/3093/3685 2923/3092/3779
f 2792/3094/3780 2791/3002/3632 2930/2890/3739
f 2798/3056/3725 2793/3093/3761 2933/3055/3758
f 2858/2962/3764 2869/3109/4323 2874/3014/3756
f 2931/3027/3781 2953/3070/3782 2926/3069/3782
f 2732/3059/3554 2756/3060/3556 2910/2975/3683
f 2749/2879/3417 2826/2853/3419 2898/2781/3446
f 2873/3091/3755 2794/3043/3637 2795/3095/3736
f 2808/2953/3783 2677/2794/3492 2694/2795/3494
f 2948/2791/3475 2917/2789/3474 2732/3068/3554
f 2712/2951/3698 2784/2993/3753 2859/2950/3753
f 2755/2998/3784 2908/3470/3566 2918/3058/3785
f 2919/3099/3485 2850/2851/3397 2770/2769/3397
f 2801/2776/3471 2839/2774/3470 2699/2949/3608
f 2906/3100/3542 2772/2872/3542 2771/2972/3619
f 2680/2787/3490 2695/2788/4300 2836/2942/3607
f 2758/3012/3787 2740/3010/3563 2893/3101/3564
f 2675/2761/3462 2735/2818/3573 2757/2760/3788
f 2679/2784/3427 2695/2785/4296 2837/2904/3586
f 2832/2861/3789 2698/2814/3500 2690/2766/3501
f 3121/3142/3790 2963/2954/3817 2961/2810/3791
f 3123/2923/3192 2626/2922/3191 2654/2992/3792
f 2573/2738/3016 3046/2736/3014 2997/2764/3042
f 3041/2977/3241 3113/3134/3816 2966/2812/3795
f 2958/2809/3083 2959/2808/3084 3039/3050/3323
f 3067/3129/3797 3124/3126/3793 2654/2992/3792
f 3117/3147/3327 2983/3141/3326 2982/3007/3799
f 3113/3146/3800 3041/3044/3316 2979/3043/3315
f 2663/2920/3189 2985/3124/4284 2624/3132/3801
f 3105/3130/3802 3107/3131/3814 3125/2919/3803
f 2624/3145/3804 3065/2905/3804 2574/2943/3804
f 3060/3004/3267 2962/3138/3267 2960/3144/3805
f 2603/2908/3807 3027/2928/3195 2990/2835/3107
f 2982/3007/3272 3120/3135/4324 3113/3134/3808
f 3107/3143/3796 3039/3050/3323 2985/3046/3319
f 3065/2905/3810 3066/2906/4293 2593/3080/3351
f 2635/2737/3308 2996/3140/4290 3067/3136/3797
f 3052/3016/3281 2981/3018/3283 2978/3093/3364
f 2983/3141/3326 3121/3142/4325 3120/3135/3811
f 3108/3092/3812 3121/3150/4325 2983/3056/3326
f 2956/2870/3127 2958/2869/3127 3107/3131/3814
f 3120/3135/3815 2961/2810/4326 2966/2812/3795
f 3121/3150/3790 3108/3092/3806 2960/3144/3805
