# Blender v2.79 (sub 0) OBJ File: ''
# www.blender.org
mtllib GreatSword.mtl
o Viking_Sword_Cube.001
v 78.201866 -3.382500 0.000004
v 79.859962 -3.095400 0.000004
v 77.641266 -1.197000 0.421505
v 77.092567 -1.308100 0.421505
v 77.750664 0.000000 -0.324395
v 78.957458 0.000000 -0.324395
v 77.285858 -0.866500 -0.324395
v 76.914764 -0.946900 -0.324395
v 77.092567 -1.308100 -0.421495
v 77.641266 -1.197000 -0.421495
v 77.750664 -0.000000 0.324405
v 78.957458 -0.000000 0.324405
v 77.285858 0.866500 0.324405
v 76.914764 0.946900 0.324405
v 77.092567 1.308100 0.421505
v 77.641266 1.197100 0.421505
v 79.859962 3.095400 0.000006
v 78.201866 3.382500 0.000006
v 77.641266 1.197100 -0.421495
v 77.092567 1.308100 -0.421495
v 7.747363 -1.308100 0.421500
v 7.747363 -1.308100 -0.421500
v 7.747363 -3.382500 -0.000001
v 7.747363 0.946900 -0.324400
v 7.747363 0.946900 0.324400
v 7.747363 1.308100 0.421500
v 7.747363 1.308100 -0.421500
v 7.747363 -0.946900 0.324400
v 7.747363 -0.946900 -0.324400
v 76.543770 0.946900 -0.324395
v 76.543770 1.308100 -0.421495
v 76.543770 -1.308100 -0.421495
v 76.543770 -0.946900 -0.324395
v 76.543770 -0.946900 0.324405
v 76.543770 -1.308100 0.421505
v 76.543770 1.308100 0.421505
v 76.543770 0.946900 0.324405
v 7.747363 3.382500 0.000001
v 76.914764 -0.946900 0.324405
v 76.914764 0.946900 -0.324395
v 76.543770 3.382500 0.000006
v 7.747363 -0.000000 0.324400
v 76.543770 -0.000000 0.324405
v 76.543770 -3.382500 0.000004
v 7.747363 0.000000 -0.324400
v 76.543770 0.000000 -0.324395
v 79.918167 0.000000 -0.421495
v 79.918167 -0.000000 0.421505
v 77.285858 -0.866500 0.324405
v 87.747368 -0.000000 0.000006
v 77.285858 0.866500 -0.324395
v 5.930462 -5.857600 -0.658301
v 5.930462 -6.198000 -0.327401
v 5.930462 -2.084400 -0.000000
v 5.930462 -2.049700 -1.189800
v 5.930462 -6.253200 -0.000001
v 5.930462 -6.198000 0.327399
v 5.930462 2.084400 0.000000
v 5.930462 2.049700 1.189800
v 5.930462 5.857600 0.658301
v 5.930462 6.198000 0.327401
v 5.930462 2.049700 -1.189800
v 5.930462 6.198000 -0.327399
v 5.930462 5.857600 -0.658299
v 8.208463 2.049700 1.189800
v 8.208463 2.068200 0.553600
v 8.208463 6.198000 0.327401
v 8.208463 5.857600 0.658301
v 7.961962 -2.040900 1.084100
v 7.961962 -0.000000 1.140900
v 7.961962 -0.000000 0.967300
v 7.961962 -2.026400 0.911200
v 6.071063 -6.253200 -0.000001
v 6.071063 -6.198000 0.327399
v 8.208463 0.000000 0.000000
v 8.208463 0.000000 -0.669900
v 8.208463 2.067400 -0.582600
v 8.208463 2.084400 0.000000
v 8.208463 -5.857600 0.658299
v 8.208463 -6.198000 0.327399
v 8.208463 -2.064600 0.677000
v 8.208463 -2.049700 1.189800
v 5.930462 -1.044700 -0.698700
v 5.930462 -1.377600 -0.000000
v 5.663363 -1.377600 -0.000000
v 5.663363 -1.044700 -0.698700
v 8.067863 -2.049700 -1.189800
v 8.067863 0.000000 -1.246800
v 8.208463 0.000000 -1.246800
v 8.208463 -2.049700 -1.189800
v 7.961962 0.000000 -1.140900
v 7.961962 -2.040900 -1.084100
v 7.961962 -2.026400 -0.911200
v 7.961962 0.000000 -0.967300
v 6.071063 -0.000000 1.246800
v 6.071063 2.049700 1.189800
v 5.930462 -0.000000 1.246800
v 6.071063 6.198000 -0.327399
v 6.071063 5.857600 -0.658299
v 6.071063 -5.857600 0.658299
v 6.071063 -2.049700 1.189800
v 5.930462 -2.049700 1.189800
v 5.930462 -5.857600 0.658299
v 5.930462 0.000000 -1.002000
v 5.663363 0.000000 -1.002000
v 8.208463 -2.084400 -0.000000
v 8.208463 -2.066800 -0.604100
v 8.208463 -0.000000 0.625300
v 8.208463 -0.000000 1.246800
v 5.930462 -1.044700 0.698700
v 5.663363 -1.044700 0.698700
v 5.930462 -0.000000 1.002000
v 5.663363 -0.000000 1.002000
v 8.208463 -6.253200 -0.000001
v 8.208463 -6.198000 -0.327401
v 8.067863 2.049700 1.189800
v 8.067863 -0.000000 1.246800
v 8.208463 6.198000 -0.327399
v 8.208463 6.253200 0.000001
v 8.067863 5.857600 -0.658299
v 8.067863 6.198000 -0.327399
v 8.208463 5.857600 -0.658299
v 8.067863 5.857600 0.658301
v 5.930462 1.044700 -0.698700
v 5.930462 0.000000 -1.246800
v 5.930462 1.377600 0.000000
v 5.930462 1.044700 0.698700
v 5.527662 -0.000000 0.939600
v 5.527662 -0.979600 0.655200
v 5.663363 1.377600 0.000000
v 5.663363 1.044700 -0.698700
v 5.527662 0.979600 -0.655200
v 5.527662 1.291800 0.000000
v 5.663363 1.044700 0.698700
v 5.527662 0.979600 0.655200
v 5.459963 1.108100 0.000000
v 5.459963 0.840300 0.562000
v 5.527662 0.000000 -0.939600
v 5.459963 0.000000 -0.806000
v 5.459963 0.840300 -0.562000
v 5.527662 -0.979600 -0.655200
v 5.527662 -1.291800 -0.000000
v 5.459963 -1.108100 -0.000000
v 5.459963 -0.840300 -0.562000
v 4.825763 0.840300 -0.562000
v 4.825763 0.000000 -0.806000
v -6.251738 0.000000 -0.806001
v -6.251738 0.840300 -0.562001
v 4.825763 -0.840300 -0.562000
v 4.825763 -1.108100 -0.000000
v -6.251738 -1.108100 -0.000001
v -6.251738 -0.840300 -0.562001
v 4.825763 -0.840300 0.562000
v -6.251738 -0.840300 0.561999
v 5.459963 -0.000000 0.806000
v 5.459963 -0.840300 0.562000
v 4.825763 0.840300 0.562000
v 4.825763 1.108100 0.000000
v -6.251738 1.108100 -0.000001
v -6.251738 0.840300 0.561999
v 4.825763 -0.000000 0.806000
v -6.251738 -0.000000 0.805999
v 8.067863 2.049700 -1.189800
v 8.208463 2.049700 -1.189800
v 6.071063 5.857600 0.658301
v 6.071063 6.198000 0.327401
v 8.067863 6.198000 0.327401
v 8.067863 6.253200 0.000001
v 8.208463 -5.857600 -0.658301
v 5.930462 6.253200 0.000001
v 7.961962 5.808600 -0.558199
v 7.961962 2.040900 -1.084100
v 7.961962 2.026400 -0.911200
v 7.961962 5.734800 -0.407199
v 6.176963 2.040900 1.084100
v 6.176963 -0.000000 1.140900
v 6.176963 -0.000000 0.967300
v 6.176963 2.026400 0.911200
v 6.176963 -2.040900 -1.084100
v 6.176963 0.000000 -1.140900
v 6.176963 0.000000 -0.967300
v 6.176963 -2.026400 -0.911200
v 6.176963 -2.040900 1.084100
v 6.176963 -2.026400 0.911200
v 6.176963 2.040900 -1.084100
v 6.176963 2.026400 -0.911200
v 6.071063 2.049700 -1.189800
v 7.961962 -5.808600 0.558199
v 7.961962 -5.734800 0.407199
v 6.176963 -5.808600 0.558199
v 6.176963 -5.734800 0.407199
v 7.961962 -6.099300 -0.275601
v 7.961962 -6.145800 -0.000001
v 7.961962 -5.973700 -0.000001
v 7.961962 -5.950500 -0.197601
v 6.176963 -5.808600 -0.558201
v 6.176963 -5.734800 -0.407201
v 7.961962 -6.099300 0.275599
v 7.961962 -5.950500 0.197599
v 6.176963 -6.099300 0.275599
v 6.176963 -6.145800 -0.000001
v 6.176963 -5.973700 -0.000001
v 6.176963 -5.950500 0.197599
v 7.961962 2.040900 1.084100
v 7.961962 5.808600 0.558201
v 7.961962 5.734800 0.407201
v 7.961962 2.026400 0.911200
v 6.176963 6.145800 0.000001
v 6.176963 6.099300 0.275601
v 6.176963 5.950500 0.197601
v 6.176963 5.973700 0.000001
v 7.961962 6.145800 0.000001
v 7.961962 6.099300 -0.275599
v 7.961962 5.950500 -0.197599
v 7.961962 5.973700 0.000001
v 6.176963 5.808600 -0.558199
v 6.176963 5.734800 -0.407199
v 6.176963 6.099300 -0.275599
v 6.176963 5.950500 -0.197599
v 6.176963 -6.099300 -0.275601
v 6.176963 -5.950500 -0.197601
v 7.961962 -5.808600 -0.558201
v 7.961962 -5.734800 -0.407201
v 6.176963 5.808600 0.558201
v 6.176963 5.734800 0.407201
v 7.961962 6.099300 0.275601
v 7.961962 5.950500 0.197601
v 8.067863 -2.049700 1.189800
v 6.071063 0.000000 -1.246800
v 6.071063 -2.049700 -1.189800
v 8.067863 -6.198000 0.327399
v 8.067863 -6.253200 -0.000001
v 6.071063 6.253200 0.000001
v 8.067863 -5.857600 0.658299
v 6.071063 -6.198000 -0.327401
v 8.067863 -6.198000 -0.327401
v 8.067863 -5.857600 -0.658301
v 6.071063 -5.857600 -0.658301
v 4.930662 0.904300 0.638800
v 4.897263 1.136200 0.239300
v 3.889363 1.136500 0.238100
v 3.922962 0.908500 0.635200
v 4.930662 0.904300 -0.638800
v 5.035563 0.415000 -0.844100
v 4.027963 0.417900 -0.843300
v 3.922962 0.908500 -0.635200
v 5.350663 -1.136600 0.238000
v 5.307762 -0.908500 0.635200
v 4.300063 -0.904200 0.638900
v 4.342762 -1.136200 0.239500
v 5.307762 -0.908500 -0.635200
v 5.350663 -1.136600 -0.238000
v 4.342762 -1.136200 -0.239500
v 4.300063 -0.904200 -0.638900
v 4.897263 1.136200 -0.239300
v 3.889363 1.136500 -0.238100
v 4.115562 0.001600 -0.900600
v 5.123163 -0.001600 -0.900600
v 5.210763 -0.417900 -0.843300
v 4.203163 -0.415100 -0.844000
v 4.203163 -0.415100 0.844000
v 5.210763 -0.417900 0.843300
v 5.123163 -0.001600 0.900600
v 4.115562 0.001600 0.900600
v 5.035563 0.415000 0.844100
v 4.027963 0.417900 0.843300
v 5.118863 0.394600 0.763700
v 5.013962 0.849400 0.573100
v 3.839663 0.848800 0.571100
v 3.944562 0.395100 0.763300
v 4.980463 1.055800 0.217500
v 3.806163 1.052500 0.216400
v 4.980463 1.055800 -0.217500
v 5.013962 0.849400 -0.573100
v 3.839663 0.848800 -0.571100
v 3.806163 1.052500 -0.216400
v 5.391063 -0.848800 0.571100
v 5.294163 -0.395100 0.763300
v 4.119863 -0.394700 0.763700
v 4.216763 -0.849400 0.573100
v 5.433863 -1.052500 0.216300
v 4.259562 -1.055900 0.217500
v 5.294163 -0.395100 -0.763300
v 5.391063 -0.848800 -0.571100
v 4.216763 -0.849400 -0.573100
v 4.119863 -0.394700 -0.763700
v 5.433863 -1.052500 -0.216300
v 4.259562 -1.055900 -0.217500
v 5.206463 -0.000300 -0.817500
v 4.032262 0.000300 -0.817500
v 5.206463 -0.000300 0.817500
v 4.032262 0.000300 0.817500
v 5.118863 0.394600 -0.763700
v 3.944562 0.395100 -0.763300
v 2.802963 0.904300 0.638800
v 2.769563 1.136200 0.239300
v 1.761663 1.136500 0.238100
v 1.795262 0.908500 0.635199
v 2.802963 0.904300 -0.638800
v 2.907862 0.415000 -0.844100
v 1.900262 0.417900 -0.843300
v 1.795262 0.908500 -0.635201
v 3.222962 -1.136600 0.238000
v 3.180062 -0.908500 0.635200
v 2.172362 -0.904200 0.638900
v 2.215062 -1.136200 0.239500
v 3.180062 -0.908500 -0.635200
v 3.222962 -1.136600 -0.238000
v 2.215062 -1.136200 -0.239500
v 2.172362 -0.904200 -0.638900
v 2.769563 1.136200 -0.239300
v 1.761663 1.136500 -0.238100
v 1.987863 0.001600 -0.900600
v 2.995463 -0.001600 -0.900600
v 3.083063 -0.417900 -0.843300
v 2.075462 -0.415100 -0.844000
v 2.075462 -0.415100 0.844000
v 3.083063 -0.417900 0.843300
v 2.995463 -0.001600 0.900600
v 1.987862 0.001600 0.900600
v 2.907862 0.415000 0.844100
v 1.900262 0.417900 0.843300
v 2.991163 0.394600 0.763700
v 2.886262 0.849400 0.573100
v 1.711962 0.848800 0.571100
v 1.816862 0.395100 0.763300
v 2.852762 1.055800 0.217500
v 1.678463 1.052500 0.216400
v 2.852762 1.055800 -0.217500
v 2.886262 0.849400 -0.573100
v 1.711962 0.848800 -0.571100
v 1.678463 1.052500 -0.216400
v 3.263362 -0.848800 0.571100
v 3.166462 -0.395100 0.763300
v 1.992163 -0.394700 0.763700
v 2.089063 -0.849400 0.573100
v 3.306163 -1.052500 0.216300
v 2.131863 -1.055900 0.217500
v 3.166462 -0.395100 -0.763300
v 3.263362 -0.848800 -0.571100
v 2.089063 -0.849400 -0.573100
v 1.992163 -0.394700 -0.763700
v 3.306163 -1.052500 -0.216300
v 2.131863 -1.055900 -0.217500
v 3.078763 -0.000300 -0.817500
v 1.904463 0.000300 -0.817500
v 3.078763 -0.000300 0.817500
v 1.904463 0.000300 0.817500
v 2.991163 0.394600 -0.763700
v 1.816862 0.395100 -0.763300
v 0.675262 0.904300 0.638799
v 0.641762 1.136200 0.239299
v -0.366037 1.136500 0.238099
v -0.332438 0.908500 0.635199
v 0.675263 0.904300 -0.638801
v 0.780162 0.415000 -0.844101
v -0.227437 0.417900 -0.843301
v -0.332437 0.908500 -0.635201
v 1.095263 -1.136600 0.237999
v 1.052362 -0.908500 0.635199
v 0.044662 -0.904200 0.638899
v 0.087363 -1.136200 0.239499
v 1.052362 -0.908500 -0.635201
v 1.095263 -1.136600 -0.238000
v 0.087363 -1.136200 -0.239501
v 0.044663 -0.904200 -0.638901
v 0.641762 1.136200 -0.239301
v -0.366037 1.136500 -0.238101
v -0.139838 0.001600 -0.900601
v 0.867763 -0.001600 -0.900600
v 0.955363 -0.417900 -0.843301
v -0.052237 -0.415100 -0.844001
v -0.052238 -0.415100 0.843999
v 0.955363 -0.417900 0.843300
v 0.867762 -0.001600 0.900600
v -0.139838 0.001600 0.900599
v 0.780162 0.415000 0.844100
v -0.227437 0.417900 0.843299
v 0.863463 0.394600 0.763699
v 0.758562 0.849400 0.573099
v -0.415737 0.848800 0.571099
v -0.310838 0.395100 0.763299
v 0.725062 1.055800 0.217499
v -0.449237 1.052500 0.216399
v 0.725062 1.055800 -0.217501
v 0.758562 0.849400 -0.573101
v -0.415737 0.848800 -0.571101
v -0.449237 1.052500 -0.216401
v 1.135662 -0.848800 0.571099
v 1.038662 -0.395100 0.763299
v -0.135537 -0.394700 0.763699
v -0.038637 -0.849400 0.573099
v 1.178463 -1.052500 0.216300
v 0.004163 -1.055900 0.217499
v 1.038662 -0.395100 -0.763301
v 1.135662 -0.848800 -0.571101
v -0.038637 -0.849400 -0.573101
v -0.135537 -0.394700 -0.763701
v 1.178463 -1.052500 -0.216300
v 0.004163 -1.055900 -0.217501
v 0.951063 -0.000300 -0.817500
v -0.223237 0.000300 -0.817501
v 0.951063 -0.000300 0.817499
v -0.223237 0.000300 0.817499
v 0.863463 0.394600 -0.763701
v -0.310837 0.395100 -0.763301
v -1.452538 0.904300 0.638799
v -1.485937 1.136200 0.239299
v -2.493738 1.136500 0.238099
v -2.460138 0.908500 0.635199
v -1.452538 0.904300 -0.638801
v -1.347537 0.415000 -0.844101
v -2.355237 0.417900 -0.843301
v -2.460138 0.908500 -0.635201
v -1.032437 -1.136600 0.237999
v -1.075337 -0.908500 0.635199
v -2.083038 -0.904200 0.638899
v -2.040338 -1.136200 0.239499
v -1.075337 -0.908500 -0.635201
v -1.032437 -1.136600 -0.238001
v -2.040338 -1.136200 -0.239501
v -2.083038 -0.904200 -0.638901
v -1.485937 1.136200 -0.239301
v -2.493738 1.136500 -0.238101
v -2.267537 0.001600 -0.900601
v -1.260038 -0.001600 -0.900601
v -1.172338 -0.417900 -0.843301
v -2.179938 -0.415100 -0.844001
v -2.179938 -0.415100 0.843999
v -1.172338 -0.417900 0.843299
v -1.260038 -0.001600 0.900599
v -2.267537 0.001600 0.900599
v -1.347537 0.415000 0.844099
v -2.355237 0.417900 0.843299
v -1.264238 0.394600 0.763699
v -1.369237 0.849400 0.573099
v -2.543437 0.848800 0.571099
v -2.438538 0.395100 0.763299
v -1.402737 1.055800 0.217499
v -2.576937 1.052500 0.216399
v -1.402737 1.055800 -0.217501
v -1.369237 0.849400 -0.573101
v -2.543437 0.848800 -0.571101
v -2.576937 1.052500 -0.216401
v -0.992037 -0.848800 0.571099
v -1.089037 -0.395100 0.763299
v -2.263237 -0.394700 0.763699
v -2.166337 -0.849400 0.573099
v -0.949237 -1.052500 0.216299
v -2.123538 -1.055900 0.217499
v -1.089037 -0.395100 -0.763301
v -0.992037 -0.848800 -0.571101
v -2.166337 -0.849400 -0.573101
v -2.263237 -0.394700 -0.763701
v -0.949237 -1.052500 -0.216301
v -2.123538 -1.055900 -0.217501
v -1.176637 -0.000300 -0.817501
v -2.350938 0.000300 -0.817501
v -1.176638 -0.000300 0.817499
v -2.350938 0.000300 0.817499
v -1.264238 0.394600 -0.763701
v -2.438538 0.395100 -0.763301
v -3.580237 0.904300 0.638799
v -3.613637 1.136200 0.239299
v -4.621437 1.136500 0.238099
v -4.587937 0.908500 0.635199
v -3.580237 0.904300 -0.638801
v -3.475338 0.415000 -0.844101
v -4.482938 0.417900 -0.843301
v -4.587937 0.908500 -0.635201
v -3.160138 -1.136600 0.237999
v -3.203037 -0.908500 0.635199
v -4.210737 -0.904200 0.638899
v -4.168037 -1.136200 0.239499
v -3.203037 -0.908500 -0.635201
v -3.160138 -1.136600 -0.238001
v -4.168037 -1.136200 -0.239501
v -4.210737 -0.904200 -0.638901
v -3.613637 1.136200 -0.239301
v -4.621437 1.136500 -0.238101
v -4.395237 0.001600 -0.900601
v -3.387737 -0.001600 -0.900601
v -3.300037 -0.417900 -0.843301
v -4.307637 -0.415100 -0.844001
v -4.307637 -0.415100 0.843999
v -3.300037 -0.417900 0.843299
v -3.387737 -0.001600 0.900599
v -4.395237 0.001600 0.900599
v -3.475338 0.415000 0.844099
v -4.482938 0.417900 0.843299
v -3.391937 0.394600 0.763699
v -3.496938 0.849400 0.573099
v -4.671237 0.848800 0.571099
v -4.566237 0.395100 0.763299
v -3.530437 1.055800 0.217499
v -4.704738 1.052500 0.216399
v -3.530437 1.055800 -0.217501
v -3.496938 0.849400 -0.573101
v -4.671237 0.848800 -0.571101
v -4.704738 1.052500 -0.216401
v -3.119738 -0.848800 0.571099
v -3.216738 -0.395100 0.763299
v -4.391037 -0.394700 0.763699
v -4.294037 -0.849400 0.573099
v -3.076938 -1.052500 0.216299
v -4.251237 -1.055900 0.217499
v -3.216738 -0.395100 -0.763301
v -3.119738 -0.848800 -0.571101
v -4.294037 -0.849400 -0.573101
v -4.391037 -0.394700 -0.763701
v -3.076938 -1.052500 -0.216301
v -4.251237 -1.055900 -0.217501
v -3.304338 -0.000300 -0.817501
v -4.478637 0.000300 -0.817501
v -3.304338 -0.000300 0.817499
v -4.478637 0.000300 0.817499
v -3.391937 0.394600 -0.763701
v -4.566237 0.395100 -0.763301
v -5.798237 0.904300 0.638799
v -5.831638 1.136200 0.239299
v -6.082538 1.136500 0.238099
v -6.049037 0.908500 0.635199
v -5.831638 1.136200 -0.239301
v -5.748437 1.067400 -0.213101
v -5.714938 0.862700 -0.562001
v -5.798237 0.904300 -0.638801
v -5.693337 0.415000 -0.844101
v -5.944037 0.417900 -0.843301
v -6.049037 0.908500 -0.635201
v -5.378237 -1.136600 0.237999
v -5.421138 -0.908500 0.635199
v -5.671838 -0.904200 0.638899
v -5.629137 -1.136200 0.239499
v -5.421138 -0.908500 -0.635201
v -5.518037 -0.417900 -0.843301
v -5.434738 -0.400900 -0.747101
v -5.337837 -0.862700 -0.562001
v -5.378237 -1.136600 -0.238001
v -5.629137 -1.136200 -0.239501
v -5.671838 -0.904200 -0.638901
v -5.748437 1.067400 0.213099
v -5.295037 -1.067400 -0.213101
v -5.605738 -0.001600 -0.900601
v -5.522337 0.000000 -0.800601
v -5.693337 0.415000 0.844099
v -5.605738 -0.001600 0.900599
v -5.522337 -0.000000 0.800599
v -5.610037 0.400900 0.747099
v -5.610037 0.400900 -0.747101
v -5.518037 -0.417900 0.843299
v -5.434738 -0.400900 0.747099
v -5.712338 -1.067400 -0.213101
v -5.755137 -0.862700 -0.562001
v -6.082538 1.136500 -0.238101
v -6.165737 1.067400 -0.213101
v -6.165737 1.067400 0.213099
v -5.856338 0.001600 -0.900601
v -5.768737 -0.415100 -0.844001
v -5.714938 0.862700 0.561999
v -5.755137 -0.862700 0.561999
v -5.712338 -1.067400 0.213099
v -5.295037 -1.067400 0.213099
v -5.768737 -0.415100 0.843999
v -5.852138 -0.400900 0.747099
v -5.939737 0.000000 -0.800601
v -6.027338 0.400900 -0.747101
v -5.856338 0.001600 0.900599
v -5.944037 0.417900 0.843299
v -6.027338 0.400900 0.747099
v -5.939737 -0.000000 0.800599
v -6.132237 0.862700 -0.562001
v -5.337837 -0.862700 0.561999
v -6.132237 0.862700 0.561999
v -5.852138 -0.400900 -0.747101
v 3.731563 0.904300 0.638800
v 3.698163 1.136200 0.239300
v 3.447263 1.136500 0.238100
v 3.480862 0.908500 0.635200
v 3.698163 1.136200 -0.239300
v 3.781363 1.067400 -0.213100
v 3.814863 0.862700 -0.562000
v 3.731563 0.904300 -0.638800
v 3.836463 0.415000 -0.844100
v 3.585763 0.417900 -0.843300
v 3.480862 0.908500 -0.635200
v 4.151563 -1.136600 0.238000
v 4.108762 -0.908500 0.635200
v 3.857962 -0.904200 0.638900
v 3.900662 -1.136200 0.239500
v 4.108762 -0.908500 -0.635200
v 4.011763 -0.417900 -0.843300
v 4.095063 -0.400900 -0.747100
v 4.191963 -0.862700 -0.562000
v 4.151563 -1.136600 -0.238000
v 3.900662 -1.136200 -0.239500
v 3.857962 -0.904200 -0.638900
v 3.781363 1.067400 0.213100
v 4.234763 -1.067400 -0.213100
v 3.924062 -0.001600 -0.900600
v 4.007463 0.000000 -0.800600
v 3.836463 0.415000 0.844100
v 3.924062 -0.001600 0.900600
v 4.007463 -0.000000 0.800600
v 3.919863 0.400900 0.747100
v 3.919863 0.400900 -0.747100
v 4.011763 -0.417900 0.843300
v 4.095063 -0.400900 0.747100
v 3.817462 -1.067400 -0.213100
v 3.774663 -0.862700 -0.562000
v 3.447263 1.136500 -0.238100
v 3.364063 1.067400 -0.213100
v 3.364063 1.067400 0.213100
v 3.673463 0.001600 -0.900600
v 3.761062 -0.415100 -0.844000
v 3.814863 0.862700 0.562000
v 3.774663 -0.862700 0.562000
v 3.817462 -1.067400 0.213100
v 4.234763 -1.067400 0.213100
v 3.761062 -0.415100 0.844000
v 3.677763 -0.400900 0.747100
v 3.590063 0.000000 -0.800600
v 3.502462 0.400900 -0.747100
v 3.673463 0.001600 0.900600
v 3.585763 0.417900 0.843300
v 3.502462 0.400900 0.747100
v 3.590063 -0.000000 0.800600
v 3.397563 0.862700 -0.562000
v 4.191963 -0.862700 0.562000
v 3.397563 0.862700 0.562000
v 3.677763 -0.400900 -0.747100
v 3.280862 0.904300 0.638800
v 3.247463 1.136200 0.239300
v 2.996562 1.136500 0.238100
v 3.030062 0.908500 0.635200
v 3.247463 1.136200 -0.239300
v 3.330662 1.067400 -0.213100
v 3.364162 0.862700 -0.562000
v 3.280862 0.904300 -0.638800
v 3.385762 0.415000 -0.844100
v 3.135062 0.417900 -0.843300
v 3.030062 0.908500 -0.635200
v 3.700862 -1.136600 0.238000
v 3.657962 -0.908500 0.635200
v 3.407263 -0.904200 0.638900
v 3.449963 -1.136200 0.239500
v 3.657962 -0.908500 -0.635200
v 3.561063 -0.417900 -0.843300
v 3.644362 -0.400900 -0.747100
v 3.741262 -0.862700 -0.562000
v 3.700862 -1.136600 -0.238000
v 3.449963 -1.136200 -0.239500
v 3.407263 -0.904200 -0.638900
v 3.330662 1.067400 0.213100
v 3.784063 -1.067400 -0.213100
v 3.473363 -0.001600 -0.900600
v 3.556763 0.000000 -0.800600
v 3.385762 0.415000 0.844100
v 3.473363 -0.001600 0.900600
v 3.556763 -0.000000 0.800600
v 3.469063 0.400900 0.747100
v 3.469063 0.400900 -0.747100
v 3.561063 -0.417900 0.843300
v 3.644362 -0.400900 0.747100
v 3.366762 -1.067400 -0.213100
v 3.323962 -0.862700 -0.562000
v 2.996562 1.136500 -0.238100
v 2.913263 1.067400 -0.213100
v 2.913263 1.067400 0.213100
v 3.222762 0.001600 -0.900600
v 3.310363 -0.415100 -0.844000
v 3.364162 0.862700 0.562000
v 3.323962 -0.862700 0.562000
v 3.366762 -1.067400 0.213100
v 3.784063 -1.067400 0.213100
v 3.310363 -0.415100 0.844000
v 3.226963 -0.400900 0.747100
v 3.139363 0.000000 -0.800600
v 3.051763 0.400900 -0.747100
v 3.222762 0.001600 0.900600
v 3.135062 0.417900 0.843300
v 3.051763 0.400900 0.747100
v 3.139363 -0.000000 0.800600
v 2.946762 0.862700 -0.562000
v 3.741262 -0.862700 0.562000
v 2.946762 0.862700 0.562000
v 3.226963 -0.400900 -0.747100
v 1.591563 0.904300 0.638800
v 1.558163 1.136200 0.239300
v 1.307262 1.136500 0.238100
v 1.340862 0.908500 0.635199
v 1.558163 1.136200 -0.239300
v 1.641363 1.067400 -0.213100
v 1.674863 0.862700 -0.562000
v 1.591563 0.904300 -0.638801
v 1.696463 0.415000 -0.844100
v 1.445863 0.417900 -0.843300
v 1.340862 0.908500 -0.635201
v 2.011563 -1.136600 0.238000
v 1.968763 -0.908500 0.635199
v 1.717963 -0.904200 0.638900
v 1.760663 -1.136200 0.239500
v 1.968763 -0.908500 -0.635201
v 1.871763 -0.417900 -0.843300
v 1.955063 -0.400900 -0.747100
v 2.052062 -0.862700 -0.562000
v 2.011563 -1.136600 -0.238000
v 1.760663 -1.136200 -0.239500
v 1.717963 -0.904200 -0.638900
v 1.641363 1.067400 0.213100
v 2.094863 -1.067400 -0.213100
v 1.784063 -0.001600 -0.900600
v 1.867463 0.000000 -0.800600
v 1.696462 0.415000 0.844100
v 1.784062 -0.001600 0.900600
v 1.867463 -0.000000 0.800600
v 1.779863 0.400900 0.747100
v 1.779863 0.400900 -0.747100
v 1.871762 -0.417900 0.843300
v 1.955063 -0.400900 0.747100
v 1.677462 -1.067400 -0.213100
v 1.634663 -0.862700 -0.562000
v 1.307262 1.136500 -0.238100
v 1.224063 1.067400 -0.213100
v 1.224063 1.067400 0.213099
v 1.533463 0.001600 -0.900600
v 1.621063 -0.415100 -0.844000
v 1.674863 0.862700 0.561999
v 1.634663 -0.862700 0.561999
v 1.677462 -1.067400 0.213100
v 2.094863 -1.067400 0.213100
v 1.621063 -0.415100 0.844000
v 1.537763 -0.400900 0.747100
v 1.450063 0.000000 -0.800600
v 1.362462 0.400900 -0.747100
v 1.533462 0.001600 0.900600
v 1.445863 0.417900 0.843300
v 1.362462 0.400900 0.747100
v 1.450062 -0.000000 0.800600
v 1.257563 0.862700 -0.562000
v 2.052062 -0.862700 0.562000
v 1.257563 0.862700 0.561999
v 1.537763 -0.400900 -0.747100
v 1.140863 0.904300 0.638799
v 1.107463 1.136200 0.239300
v 0.856563 1.136500 0.238099
v 0.890163 0.908500 0.635199
v 1.107463 1.136200 -0.239301
v 1.190662 1.067400 -0.213100
v 1.224162 0.862700 -0.562000
v 1.140863 0.904300 -0.638801
v 1.245762 0.415000 -0.844100
v 0.995062 0.417900 -0.843301
v 0.890163 0.908500 -0.635201
v 1.560863 -1.136600 0.238000
v 1.518062 -0.908500 0.635199
v 1.267263 -0.904200 0.638900
v 1.309963 -1.136200 0.239500
v 1.518062 -0.908500 -0.635201
v 1.421063 -0.417900 -0.843300
v 1.504362 -0.400900 -0.747100
v 1.601262 -0.862700 -0.562000
v 1.560863 -1.136600 -0.238000
v 1.309963 -1.136200 -0.239500
v 1.267263 -0.904200 -0.638900
v 1.190662 1.067400 0.213099
v 1.644063 -1.067400 -0.213100
v 1.333363 -0.001600 -0.900600
v 1.416763 0.000000 -0.800600
v 1.245762 0.415000 0.844100
v 1.333362 -0.001600 0.900600
v 1.416763 -0.000000 0.800600
v 1.329163 0.400900 0.747100
v 1.329163 0.400900 -0.747100
v 1.421063 -0.417900 0.843300
v 1.504362 -0.400900 0.747100
v 1.226763 -1.067400 -0.213100
v 1.183963 -0.862700 -0.562001
v 0.856563 1.136500 -0.238101
v 0.773363 1.067400 -0.213101
v 0.773363 1.067400 0.213099
v 1.082762 0.001600 -0.900600
v 1.170363 -0.415100 -0.844001
v 1.224162 0.862700 0.561999
v 1.183963 -0.862700 0.561999
v 1.226763 -1.067400 0.213099
v 1.644063 -1.067400 0.213100
v 1.170362 -0.415100 0.844000
v 1.087063 -0.400900 0.747099
v 0.999363 0.000000 -0.800600
v 0.911763 0.400900 -0.747101
v 1.082762 0.001600 0.900600
v 0.995062 0.417900 0.843300
v 0.911763 0.400900 0.747099
v 0.999363 -0.000000 0.800600
v 0.806863 0.862700 -0.562001
v 1.601262 -0.862700 0.561999
v 0.806863 0.862700 0.561999
v 1.087063 -0.400900 -0.747101
v -0.538237 0.904300 0.638799
v -0.571638 1.136200 0.239299
v -0.822537 1.136500 0.238099
v -0.788938 0.908500 0.635199
v -0.571638 1.136200 -0.239301
v -0.488438 1.067400 -0.213101
v -0.454938 0.862700 -0.562001
v -0.538237 0.904300 -0.638801
v -0.433338 0.415000 -0.844101
v -0.683937 0.417900 -0.843301
v -0.788937 0.908500 -0.635201
v -0.118238 -1.136600 0.237999
v -0.161038 -0.908500 0.635199
v -0.411838 -0.904200 0.638899
v -0.369138 -1.136200 0.239499
v -0.161038 -0.908500 -0.635201
v -0.258037 -0.417900 -0.843301
v -0.174738 -0.400900 -0.747101
v -0.077737 -0.862700 -0.562001
v -0.118238 -1.136600 -0.238001
v -0.369137 -1.136200 -0.239501
v -0.411837 -0.904200 -0.638901
v -0.488438 1.067400 0.213099
v -0.035037 -1.067400 -0.213101
v -0.345737 -0.001600 -0.900601
v -0.262337 0.000000 -0.800601
v -0.433338 0.415000 0.844099
v -0.345738 -0.001600 0.900599
v -0.262337 -0.000000 0.800599
v -0.349937 0.400900 0.747099
v -0.349937 0.400900 -0.747101
v -0.258038 -0.417900 0.843299
v -0.174738 -0.400900 0.747099
v -0.452337 -1.067400 -0.213101
v -0.495137 -0.862700 -0.562001
v -0.822537 1.136500 -0.238101
v -0.905737 1.067400 -0.213101
v -0.905737 1.067400 0.213099
v -0.596338 0.001600 -0.900601
v -0.508738 -0.415100 -0.844001
v -0.454938 0.862700 0.561999
v -0.495137 -0.862700 0.561999
v -0.452337 -1.067400 0.213099
v -0.035037 -1.067400 0.213099
v -0.508738 -0.415100 0.843999
v -0.592037 -0.400900 0.747099
v -0.679737 0.000000 -0.800601
v -0.767338 0.400900 -0.747101
v -0.596338 0.001600 0.900599
v -0.683937 0.417900 0.843299
v -0.767338 0.400900 0.747099
v -0.679737 -0.000000 0.800599
v -0.872237 0.862700 -0.562001
v -0.077737 -0.862700 0.561999
v -0.872237 0.862700 0.561999
v -0.592037 -0.400900 -0.747101
v -0.988937 0.904300 0.638799
v -1.022337 1.136200 0.239299
v -1.273237 1.136500 0.238099
v -1.239737 0.908500 0.635199
v -1.022337 1.136200 -0.239301
v -0.939137 1.067400 -0.213101
v -0.905637 0.862700 -0.562001
v -0.988937 0.904300 -0.638801
v -0.884037 0.415000 -0.844101
v -1.134737 0.417900 -0.843301
v -1.239737 0.908500 -0.635201
v -0.568938 -1.136600 0.237999
v -0.611837 -0.908500 0.635199
v -0.862537 -0.904200 0.638899
v -0.819837 -1.136200 0.239499
v -0.611837 -0.908500 -0.635201
v -0.708737 -0.417900 -0.843301
v -0.625437 -0.400900 -0.747101
v -0.528537 -0.862700 -0.562001
v -0.568938 -1.136600 -0.238001
v -0.819837 -1.136200 -0.239501
v -0.862537 -0.904200 -0.638901
v -0.939137 1.067400 0.213099
v -0.485738 -1.067400 -0.213101
v -0.796437 -0.001600 -0.900601
v -0.713038 0.000000 -0.800601
v -0.884038 0.415000 0.844099
v -0.796437 -0.001600 0.900599
v -0.713038 -0.000000 0.800599
v -0.800738 0.400900 0.747099
v -0.800738 0.400900 -0.747101
v -0.708737 -0.417900 0.843299
v -0.625438 -0.400900 0.747099
v -0.903037 -1.067400 -0.213101
v -0.945838 -0.862700 -0.562001
v -1.273237 1.136500 -0.238101
v -1.356438 1.067400 -0.213101
v -1.356438 1.067400 0.213099
v -1.047037 0.001600 -0.900601
v -0.959437 -0.415100 -0.844001
v -0.905638 0.862700 0.561999
v -0.945838 -0.862700 0.561999
v -0.903037 -1.067400 0.213099
v -0.485738 -1.067400 0.213099
v -0.959437 -0.415100 0.843999
v -1.042838 -0.400900 0.747099
v -1.130437 0.000000 -0.800601
v -1.218037 0.400900 -0.747101
v -1.047038 0.001600 0.900599
v -1.134738 0.417900 0.843299
v -1.218037 0.400900 0.747099
v -1.130437 -0.000000 0.800599
v -1.322938 0.862700 -0.562001
v -0.528538 -0.862700 0.561999
v -1.322938 0.862700 0.561999
v -1.042838 -0.400900 -0.747101
v -2.662537 0.904300 0.638799
v -2.695937 1.136200 0.239299
v -2.946837 1.136500 0.238099
v -2.913237 0.908500 0.635199
v -2.695937 1.136200 -0.239301
v -2.612738 1.067400 -0.213101
v -2.579237 0.862700 -0.562001
v -2.662537 0.904300 -0.638801
v -2.557538 0.415000 -0.844101
v -2.808237 0.417900 -0.843301
v -2.913237 0.908500 -0.635201
v -2.242438 -1.136600 0.237999
v -2.285337 -0.908500 0.635199
v -2.536137 -0.904200 0.638899
v -2.493437 -1.136200 0.239499
v -2.285337 -0.908500 -0.635201
v -2.382337 -0.417900 -0.843301
v -2.299037 -0.400900 -0.747101
v -2.202038 -0.862700 -0.562001
v -2.242438 -1.136600 -0.238001
v -2.493437 -1.136200 -0.239501
v -2.536137 -0.904200 -0.638901
v -2.612738 1.067400 0.213099
v -2.159237 -1.067400 -0.213101
v -2.470037 -0.001600 -0.900601
v -2.386638 0.000000 -0.800601
v -2.557538 0.415000 0.844099
v -2.470037 -0.001600 0.900599
v -2.386638 -0.000000 0.800599
v -2.474237 0.400900 0.747099
v -2.474237 0.400900 -0.747101
v -2.382337 -0.417900 0.843299
v -2.299037 -0.400900 0.747099
v -2.576637 -1.067400 -0.213101
v -2.619437 -0.862700 -0.562001
v -2.946837 1.136500 -0.238101
v -3.030037 1.067400 -0.213101
v -3.030037 1.067400 0.213099
v -2.720638 0.001600 -0.900601
v -2.633037 -0.415100 -0.844001
v -2.579237 0.862700 0.561999
v -2.619437 -0.862700 0.561999
v -2.576637 -1.067400 0.213099
v -2.159237 -1.067400 0.213099
v -2.633037 -0.415100 0.843999
v -2.716337 -0.400900 0.747099
v -2.803937 0.000000 -0.800601
v -2.891637 0.400900 -0.747101
v -2.720638 0.001600 0.900599
v -2.808237 0.417900 0.843299
v -2.891637 0.400900 0.747099
v -2.803937 -0.000000 0.800599
v -2.996537 0.862700 -0.562001
v -2.202038 -0.862700 0.561999
v -2.996537 0.862700 0.561999
v -2.716337 -0.400900 -0.747101
v -3.113238 0.904300 0.638799
v -3.146637 1.136200 0.239299
v -3.397538 1.136500 0.238099
v -3.363937 0.908500 0.635199
v -3.146637 1.136200 -0.239301
v -3.063437 1.067400 -0.213101
v -3.029937 0.862700 -0.562001
v -3.113238 0.904300 -0.638801
v -3.008337 0.415000 -0.844101
v -3.258938 0.417900 -0.843301
v -3.363937 0.908500 -0.635201
v -2.693237 -1.136600 0.237999
v -2.736037 -0.908500 0.635199
v -2.986837 -0.904200 0.638899
v -2.944137 -1.136200 0.239499
v -2.736037 -0.908500 -0.635201
v -2.833037 -0.417900 -0.843301
v -2.749737 -0.400900 -0.747101
v -2.652738 -0.862700 -0.562001
v -2.693237 -1.136600 -0.238001
v -2.944137 -1.136200 -0.239501
v -2.986837 -0.904200 -0.638901
v -3.063437 1.067400 0.213099
v -2.610038 -1.067400 -0.213101
v -2.920737 -0.001600 -0.900601
v -2.837337 0.000000 -0.800601
v -3.008337 0.415000 0.844099
v -2.920737 -0.001600 0.900599
v -2.837337 -0.000000 0.800599
v -2.924938 0.400900 0.747099
v -2.924938 0.400900 -0.747101
v -2.833037 -0.417900 0.843299
v -2.749737 -0.400900 0.747099
v -3.027338 -1.067400 -0.213101
v -3.070138 -0.862700 -0.562001
v -3.397538 1.136500 -0.238101
v -3.480738 1.067400 -0.213101
v -3.480738 1.067400 0.213099
v -3.171337 0.001600 -0.900601
v -3.083737 -0.415100 -0.844001
v -3.029937 0.862700 0.561999
v -3.070138 -0.862700 0.561999
v -3.027338 -1.067400 0.213099
v -2.610038 -1.067400 0.213099
v -3.083737 -0.415100 0.843999
v -3.167038 -0.400900 0.747099
v -3.254738 0.000000 -0.800601
v -3.342337 0.400900 -0.747101
v -3.171337 0.001600 0.900599
v -3.258938 0.417900 0.843299
v -3.342337 0.400900 0.747099
v -3.254738 -0.000000 0.800599
v -3.447237 0.862700 -0.562001
v -2.652738 -0.862700 0.561999
v -3.447237 0.862700 0.561999
v -3.167038 -0.400900 -0.747101
v -4.817137 0.904300 0.638799
v -4.850538 1.136200 0.239299
v -5.101438 1.136500 0.238099
v -5.067837 0.908500 0.635199
v -4.850538 1.136200 -0.239301
v -4.767337 1.067400 -0.213101
v -4.733838 0.862700 -0.562001
v -4.817137 0.904300 -0.638801
v -4.712138 0.415000 -0.844101
v -4.962838 0.417900 -0.843301
v -5.067837 0.908500 -0.635201
v -4.397038 -1.136600 0.237999
v -4.439937 -0.908500 0.635199
v -4.690737 -0.904200 0.638899
v -4.648037 -1.136200 0.239499
v -4.439937 -0.908500 -0.635201
v -4.536937 -0.417900 -0.843301
v -4.453638 -0.400900 -0.747101
v -4.356637 -0.862700 -0.562001
v -4.397038 -1.136600 -0.238001
v -4.648037 -1.136200 -0.239501
v -4.690737 -0.904200 -0.638901
v -4.767337 1.067400 0.213099
v -4.313838 -1.067400 -0.213101
v -4.624637 -0.001600 -0.900601
v -4.541238 0.000000 -0.800601
v -4.712138 0.415000 0.844099
v -4.624637 -0.001600 0.900599
v -4.541238 -0.000000 0.800599
v -4.628837 0.400900 0.747099
v -4.628837 0.400900 -0.747101
v -4.536937 -0.417900 0.843299
v -4.453638 -0.400900 0.747099
v -4.731237 -1.067400 -0.213101
v -4.774037 -0.862700 -0.562001
v -5.101438 1.136500 -0.238101
v -5.184637 1.067400 -0.213101
v -5.184637 1.067400 0.213099
v -4.875237 0.001600 -0.900601
v -4.787637 -0.415100 -0.844001
v -4.733838 0.862700 0.561999
v -4.774037 -0.862700 0.561999
v -4.731237 -1.067400 0.213099
v -4.313838 -1.067400 0.213099
v -4.787637 -0.415100 0.843999
v -4.870938 -0.400900 0.747099
v -4.958537 0.000000 -0.800601
v -5.046238 0.400900 -0.747101
v -4.875237 0.001600 0.900599
v -4.962838 0.417900 0.843299
v -5.046238 0.400900 0.747099
v -4.958537 -0.000000 0.800599
v -5.151138 0.862700 -0.562001
v -4.356637 -0.862700 0.561999
v -5.151138 0.862700 0.561999
v -4.870938 -0.400900 -0.747101
v -5.267838 0.904300 0.638799
v -5.301237 1.136200 0.239299
v -5.552137 1.136500 0.238099
v -5.518538 0.908500 0.635199
v -5.301237 1.136200 -0.239301
v -5.218038 1.067400 -0.213101
v -5.184537 0.862700 -0.562001
v -5.267838 0.904300 -0.638801
v -5.162938 0.415000 -0.844101
v -5.413537 0.417900 -0.843301
v -5.518538 0.908500 -0.635201
v -4.847838 -1.136600 0.237999
v -4.890637 -0.908500 0.635199
v -5.141437 -0.904200 0.638899
v -5.098738 -1.136200 0.239499
v -4.890637 -0.908500 -0.635201
v -4.987638 -0.417900 -0.843301
v -4.904337 -0.400900 -0.747101
v -4.807338 -0.862700 -0.562001
v -4.847838 -1.136600 -0.238001
v -5.098738 -1.136200 -0.239501
v -5.141437 -0.904200 -0.638901
v -5.218038 1.067400 0.213099
v -4.764637 -1.067400 -0.213101
v -5.075337 -0.001600 -0.900601
v -4.991938 0.000000 -0.800601
v -5.162938 0.415000 0.844099
v -5.075337 -0.001600 0.900599
v -4.991938 -0.000000 0.800599
v -5.079537 0.400900 0.747099
v -5.079537 0.400900 -0.747101
v -4.987638 -0.417900 0.843299
v -4.904337 -0.400900 0.747099
v -5.181937 -1.067400 -0.213101
v -5.224738 -0.862700 -0.562001
v -5.552137 1.136500 -0.238101
v -5.635337 1.067400 -0.213101
v -5.635337 1.067400 0.213099
v -5.325937 0.001600 -0.900601
v -5.238338 -0.415100 -0.844001
v -5.184537 0.862700 0.561999
v -5.224738 -0.862700 0.561999
v -5.181937 -1.067400 0.213099
v -4.764637 -1.067400 0.213099
v -5.238338 -0.415100 0.843999
v -5.321637 -0.400900 0.747099
v -5.409338 0.000000 -0.800601
v -5.496937 0.400900 -0.747101
v -5.325937 0.001600 0.900599
v -5.413537 0.417900 0.843299
v -5.496937 0.400900 0.747099
v -5.409338 -0.000000 0.800599
v -5.601837 0.862700 -0.562001
v -4.807338 -0.862700 0.561999
v -5.601837 0.862700 0.561999
v -5.321637 -0.400900 -0.747101
v -7.636538 -1.394900 -0.924201
v -7.488137 -1.394900 -0.924201
v -7.400938 -1.834100 -0.804201
v -7.538737 -1.834600 -0.804001
v -6.383638 1.394900 0.924199
v -6.251738 1.394900 0.924199
v -6.251738 1.838900 0.802899
v -6.374237 1.838500 0.802999
v -7.538737 1.834600 -0.804001
v -7.400938 1.834100 -0.804201
v -7.488137 1.394900 -0.924201
v -7.636538 1.394900 -0.924201
v -6.251738 -1.394900 -0.924201
v -6.251738 -1.394900 0.924199
v -6.251738 -1.838900 0.802899
v -6.251738 -2.092300 0.536299
v -6.251738 -2.092300 -0.536301
v -6.251738 -1.838900 -0.802901
v -7.481438 -2.092300 -0.536001
v -7.349637 -2.092300 -0.535501
v -7.349637 -2.092300 0.535499
v -7.481438 -2.092300 0.535999
v -7.481438 2.092300 0.535999
v -7.349637 2.092300 0.535499
v -7.349637 2.092300 -0.535501
v -7.481438 2.092300 -0.536001
v -6.368837 2.092300 0.535799
v -6.251738 2.092300 0.536299
v -6.251738 2.092300 -0.536301
v -6.368837 2.092300 -0.535801
v -6.251738 1.394900 -0.924201
v -6.251738 0.697500 0.999599
v -6.251738 0.697500 -0.999601
v -6.251738 -0.000000 1.028299
v -6.251738 0.000000 -1.028301
v -6.251738 -0.697400 0.999599
v -6.251738 -0.697400 -0.999601
v -7.636538 1.394900 0.924199
v -7.488137 1.394900 0.924199
v -7.400938 1.834100 0.804199
v -7.538737 1.834600 0.803999
v -7.700238 0.697500 -0.999601
v -7.700238 0.697500 0.999599
v -7.735437 0.000000 -1.028301
v -7.735437 -0.000000 1.028299
v -7.700238 -0.697400 -0.999601
v -7.700238 -0.697400 0.999599
v -7.636538 -1.394900 0.924199
v -6.374237 -1.838500 0.802999
v -6.383638 -1.394900 0.924199
v -6.383638 -1.337500 0.771899
v -6.375937 -1.636700 0.705399
v -6.383638 1.394900 -0.924201
v -6.389737 0.697500 -0.999601
v -6.393038 0.000000 -1.028301
v -6.389737 -0.697400 -0.999601
v -6.383638 -1.394900 -0.924201
v -6.368837 -2.092300 -0.535801
v -6.368837 -2.092300 0.535799
v -6.389737 -0.697400 0.999599
v -6.393038 -0.000000 1.028299
v -6.389737 0.697500 0.999599
v -7.414737 1.644000 -0.701601
v -7.488137 1.339700 -0.771501
v -6.393038 -0.000000 0.870599
v -6.389737 -0.674100 0.842899
v -7.349637 1.913700 0.441299
v -7.349637 1.913700 -0.441301
v -6.389737 0.674100 0.842899
v -7.545038 0.697500 0.999599
v -7.545038 0.674600 0.842899
v -7.488137 1.339700 0.771499
v -6.383638 1.337500 0.771899
v -7.576437 -0.000000 1.028299
v -7.576437 -0.000000 0.870599
v -6.374237 1.838500 -0.803001
v -6.383638 1.337500 -0.771901
v -6.375937 1.636700 -0.705401
v -7.545038 -0.697400 0.999599
v -7.545038 -0.674600 0.842899
v -6.375937 1.636700 0.705399
v -7.488137 -1.394900 0.924199
v -7.488137 -1.339700 0.771499
v -7.414737 1.644000 0.701599
v -7.349637 -1.913700 -0.441301
v -6.368837 -1.908200 -0.446801
v -6.368837 -1.908200 0.446799
v -7.349637 -1.913700 0.441299
v -6.368837 1.908200 -0.446801
v -6.368837 1.908200 0.446799
v -6.251738 1.838900 -0.802901
v -6.374237 -1.838500 -0.803001
v -7.545038 0.697500 -0.999601
v -7.576437 0.000000 -1.028301
v -7.545038 -0.697400 -0.999601
v -7.538737 -1.834600 0.803999
v -7.545038 -0.674600 -0.842901
v -6.389737 -0.674100 -0.842901
v -6.383638 -1.337500 -0.771901
v -7.488137 -1.339700 -0.771501
v -7.576437 0.000000 -0.870601
v -6.393038 0.000000 -0.870601
v -7.545038 0.674600 -0.842901
v -6.389737 0.674100 -0.842901
v -7.414737 -1.644000 0.701599
v -6.375937 -1.636700 -0.705401
v -7.414737 -1.644000 -0.701601
v -7.400938 -1.834100 0.804199
vt 0.084568 0.119334
vt 0.112233 0.126347
vt 0.110850 0.133206
vt 0.042385 0.124942
vt 0.053212 0.130753
vt 0.054217 0.135391
vt 0.057374 0.126303
vt 0.084543 0.119331
vt 0.058762 0.133163
vt 0.127039 0.124975
vt 0.137832 0.130783
vt 0.138833 0.135421
vt 0.142051 0.126342
vt 0.168825 0.119319
vt 0.143434 0.133200
vt 0.000012 0.119318
vt 0.027459 0.126299
vt 0.026072 0.133158
vt 0.083087 0.010495
vt 0.103904 0.010597
vt 0.093245 0.061768
vt 0.073979 0.072095
vt 0.092440 0.063267
vt 0.089997 0.072174
vt 0.101548 0.001667
vt 0.030553 0.999934
vt 0.026072 0.140017
vt 0.030553 0.140025
vt 0.058762 0.999932
vt 0.054217 0.140028
vt 0.058762 0.140022
vt 0.115246 0.999984
vt 0.110850 0.140066
vt 0.115246 0.140062
vt 0.143434 0.999982
vt 0.138833 0.140058
vt 0.143434 0.140060
vt 0.082282 0.011994
vt 0.071623 0.063165
vt 0.115246 0.135425
vt 0.030553 0.135387
vt 0.000012 0.140043
vt 0.026072 0.999927
vt 0.000012 0.999953
vt 0.168825 0.999966
vt 0.127039 0.140060
vt 0.138833 0.999980
vt 0.127039 0.999982
vt 0.084543 0.999966
vt 0.042385 0.140026
vt 0.054217 0.999938
vt 0.042385 0.999936
vt 0.084568 0.140059
vt 0.110850 0.999988
vt 0.084568 0.999981
vt 0.042385 0.109857
vt 0.127039 0.109890
vt 0.127142 0.097885
vt 0.042417 0.097842
vt 0.080955 0.098606
vt 0.088144 0.098608
vt 0.126696 0.000012
vt 0.165249 0.098595
vt 0.003600 0.098594
vt 0.031557 0.130750
vt 0.116247 0.130787
vt 0.168825 0.140044
vt 0.084543 0.140056
vt 0.284831 0.425358
vt 0.419648 0.401837
vt 0.420888 0.444349
vt 0.270696 0.401836
vt 0.272669 0.390136
vt 0.568600 0.401839
vt 0.703418 0.378319
vt 0.715580 0.390142
vt 0.703417 0.425363
vt 0.567359 0.444351
vt 0.420225 0.259621
vt 0.284831 0.255878
vt 0.420888 0.236888
vt 0.494518 0.224481
vt 0.567268 0.220316
vt 0.567439 0.226510
vt 0.267715 0.389301
vt 0.265743 0.401000
vt 0.494124 0.279399
vt 0.420256 0.300215
vt 0.419648 0.279399
vt 0.703417 0.255877
vt 0.567895 0.255210
vt 0.567360 0.236888
vt 0.634033 0.468532
vt 0.606379 0.478074
vt 0.606379 0.468532
vt 0.494264 0.328970
vt 0.567360 0.321910
vt 0.567500 0.326932
vt 0.494518 0.334318
vt 0.567268 0.338482
vt 0.494863 0.340509
vt 0.567500 0.354306
vt 0.494125 0.357289
vt 0.494264 0.352267
vt 0.706919 0.428965
vt 0.715580 0.413541
vt 0.719081 0.417143
vt 0.420195 0.354351
vt 0.284831 0.378314
vt 0.284137 0.373338
vt 0.567513 0.478074
vt 0.567513 0.468532
vt 0.567971 0.300983
vt 0.568600 0.279399
vt 0.494124 0.257058
vt 0.494124 0.234850
vt 0.395605 0.468532
vt 0.367952 0.478074
vt 0.367952 0.468532
vt 0.434472 0.468532
vt 0.395605 0.478074
vt 0.715579 0.291098
vt 0.717552 0.279398
vt 0.493984 0.229828
vt 0.420748 0.231866
vt 0.272669 0.291099
vt 0.270696 0.279400
vt 0.269167 0.294702
vt 0.284831 0.302922
vt 0.281329 0.306524
vt 0.420194 0.231913
vt 0.284136 0.250903
vt 0.531450 0.426803
vt 0.494124 0.446388
vt 0.494124 0.437639
vt 0.456799 0.376873
vt 0.494125 0.366038
vt 0.444904 0.401838
vt 0.543345 0.401839
vt 0.456798 0.426802
vt 0.531451 0.376874
vt 0.567361 0.359328
vt 0.420889 0.359326
vt 0.434472 0.478074
vt 0.397404 0.483376
vt 0.528646 0.478074
vt 0.502311 0.483658
vt 0.500992 0.478074
vt 0.471540 0.483376
vt 0.435094 0.483376
vt 0.473339 0.478074
vt 0.499674 0.483658
vt 0.473743 0.483658
vt 0.528646 0.468532
vt 0.500992 0.468532
vt 0.473339 0.468532
vt 0.496851 0.490057
vt 0.474607 0.490057
vt 0.566891 0.483376
vt 0.534296 0.488558
vt 0.530444 0.483376
vt 0.606783 0.483658
vt 0.629891 0.490057
vt 0.607647 0.490057
vt 0.568134 0.483376
vt 0.600729 0.488558
vt 0.569465 0.488558
vt 0.369270 0.483658
vt 0.604581 0.483376
vt 0.632714 0.483658
vt 0.650564 0.164561
vt 0.254762 0.133296
vt 0.650564 0.133297
vt 0.650564 0.218070
vt 0.254762 0.195825
vt 0.650564 0.195826
vt 0.254762 0.164561
vt 0.650564 0.004036
vt 0.254762 0.026281
vt 0.254762 0.004037
vt 0.467689 0.488558
vt 0.436424 0.488558
vt 0.528242 0.483658
vt 0.505134 0.490057
vt 0.433850 0.483376
vt 0.401255 0.488558
vt 0.395201 0.483658
vt 0.372093 0.490057
vt 0.650564 0.111053
vt 0.254762 0.088809
vt 0.650564 0.088808
vt 0.254762 0.057545
vt 0.650564 0.057544
vt 0.254762 0.111053
vt 0.650564 0.026280
vt 0.673225 0.057544
vt 0.673225 0.026280
vt 0.673225 0.133297
vt 0.673225 0.111053
vt 0.673225 0.088808
vt 0.673225 0.004036
vt 0.673225 0.195826
vt 0.673225 0.164561
vt 0.673225 0.218070
vt 0.284136 0.307897
vt 0.420888 0.321911
vt 0.420194 0.326886
vt 0.719082 0.386539
vt 0.706919 0.374717
vt 0.704112 0.373344
vt 0.568055 0.354353
vt 0.281329 0.252276
vt 0.272669 0.267700
vt 0.269167 0.264098
vt 0.267715 0.266865
vt 0.265743 0.278565
vt 0.494124 0.303334
vt 0.494124 0.323949
vt 0.703417 0.302920
vt 0.715579 0.267699
vt 0.717552 0.401841
vt 0.272669 0.413535
vt 0.419246 0.332158
vt 0.285684 0.319280
vt 0.284623 0.313369
vt 0.494519 0.346920
vt 0.567268 0.342756
vt 0.567439 0.348950
vt 0.493730 0.456757
vt 0.420980 0.460921
vt 0.420809 0.454727
vt 0.493731 0.346920
vt 0.420981 0.342754
vt 0.493386 0.340729
vt 0.494517 0.456757
vt 0.567267 0.460923
vt 0.494862 0.462948
vt 0.568054 0.449326
vt 0.704112 0.430338
vt 0.569002 0.226640
vt 0.702564 0.239519
vt 0.703625 0.245429
vt 0.419247 0.349079
vt 0.285685 0.361956
vt 0.418052 0.342999
vt 0.727677 0.281752
vt 0.731955 0.290708
vt 0.726017 0.291601
vt 0.419245 0.454596
vt 0.285684 0.441715
vt 0.284623 0.435805
vt 0.727677 0.277044
vt 0.731955 0.268088
vt 0.733486 0.275028
vt 0.260571 0.399481
vt 0.256293 0.390525
vt 0.262231 0.389632
vt 0.419246 0.226641
vt 0.285684 0.239520
vt 0.418051 0.220561
vt 0.727678 0.399487
vt 0.731955 0.390531
vt 0.733487 0.397471
vt 0.260571 0.281754
vt 0.256293 0.290710
vt 0.254762 0.283770
vt 0.276710 0.309499
vt 0.263686 0.304797
vt 0.266325 0.299403
vt 0.569001 0.454598
vt 0.702564 0.441721
vt 0.570197 0.460678
vt 0.420749 0.326932
vt 0.493985 0.328970
vt 0.711538 0.431940
vt 0.724562 0.427238
vt 0.716855 0.434730
vt 0.276710 0.431934
vt 0.263686 0.427233
vt 0.266324 0.421839
vt 0.711538 0.309497
vt 0.724562 0.304795
vt 0.716855 0.312287
vt 0.569003 0.332157
vt 0.702564 0.319278
vt 0.570198 0.338237
vt 0.260571 0.404189
vt 0.256293 0.413145
vt 0.254762 0.406205
vt 0.569003 0.349081
vt 0.702565 0.361961
vt 0.703626 0.367872
vt 0.260571 0.277046
vt 0.256293 0.268090
vt 0.262231 0.267197
vt 0.276710 0.249301
vt 0.263686 0.254003
vt 0.271393 0.246511
vt 0.711538 0.371742
vt 0.724563 0.376444
vt 0.721924 0.381838
vt 0.276711 0.371737
vt 0.263686 0.376438
vt 0.271394 0.368946
vt 0.727678 0.404195
vt 0.731955 0.413151
vt 0.726017 0.414044
vt 0.567500 0.231866
vt 0.494264 0.229828
vt 0.711538 0.249300
vt 0.724562 0.254001
vt 0.721924 0.259395
vt 0.493730 0.224480
vt 0.420980 0.220316
vt 0.493385 0.218289
vt 0.243918 0.991209
vt 0.172890 0.999124
vt 0.172890 0.991209
vt 0.243918 0.492260
vt 0.172889 0.500175
vt 0.172889 0.492260
vt 0.243918 0.001226
vt 0.172890 0.009141
vt 0.172890 0.001226
vt 0.243918 0.250701
vt 0.172889 0.331369
vt 0.172889 0.250701
vt 0.243918 0.500175
vt 0.172889 0.508090
vt 0.243918 0.749650
vt 0.172890 0.830318
vt 0.172889 0.749650
vt 0.243918 0.668981
vt 0.172889 0.668981
vt 0.243918 0.170032
vt 0.172890 0.170032
vt 0.243918 0.021112
vt 0.172890 0.021112
vt 0.243918 0.331369
vt 0.172889 0.480289
vt 0.243918 0.830318
vt 0.172890 0.979238
vt 0.243918 0.979238
vt 0.243918 0.009141
vt 0.243918 0.480289
vt 0.172889 0.520061
vt 0.243918 0.508090
vt 0.243918 0.520061
vt 0.420748 0.449370
vt 0.493984 0.451409
vt 0.722506 0.278563
vt 0.720533 0.266864
vt 0.720533 0.414376
vt 0.722506 0.402676
vt 0.494263 0.451409
vt 0.567499 0.449372
vt 0.265743 0.280235
vt 0.267715 0.291935
vt 0.704112 0.250901
vt 0.568054 0.231912
vt 0.265743 0.402671
vt 0.267715 0.414370
vt 0.493985 0.352267
vt 0.420749 0.354304
vt 0.720533 0.291933
vt 0.722506 0.280233
vt 0.706919 0.306522
vt 0.719081 0.294700
vt 0.284136 0.430333
vt 0.420193 0.449324
vt 0.269167 0.417137
vt 0.281329 0.428960
vt 0.568055 0.326886
vt 0.704112 0.307896
vt 0.719081 0.264096
vt 0.706919 0.252274
vt 0.722506 0.401006
vt 0.720534 0.389307
vt 0.281330 0.374712
vt 0.269167 0.386534
vt 0.420810 0.332289
vt 0.493730 0.334318
vt 0.420809 0.226510
vt 0.567439 0.332288
vt 0.567438 0.454728
vt 0.420810 0.348948
vt 0.721924 0.299401
vt 0.266325 0.381832
vt 0.266325 0.259397
vt 0.721924 0.421844
vt 0.703625 0.435810
vt 0.262231 0.291603
vt 0.262231 0.414039
vt 0.703625 0.313367
vt 0.726017 0.389638
vt 0.284623 0.245431
vt 0.284624 0.367867
vt 0.726017 0.267195
vt 0.420981 0.338483
vt 0.846525 0.714374
vt 0.734025 0.661655
vt 0.850376 0.661034
vt 0.850303 0.060596
vt 0.746082 0.121524
vt 0.733953 0.060002
vt 0.893896 0.441170
vt 0.782468 0.388471
vt 0.898840 0.388285
vt 0.893877 0.280449
vt 0.782461 0.333175
vt 0.777525 0.279841
vt 0.730160 0.769515
vt 0.846532 0.769636
vt 0.872544 0.170404
vt 0.766328 0.218601
vt 0.756209 0.170044
vt 0.846439 0.007256
vt 0.730067 0.007135
vt 0.898833 0.333333
vt 0.862424 0.121854
vt 0.766363 0.503048
vt 0.872590 0.551220
vt 0.756256 0.551608
vt 0.882671 0.218919
vt 0.882706 0.502703
vt 0.777545 0.441806
vt 0.746141 0.600130
vt 0.862482 0.599772
vt 0.864010 0.658920
vt 0.875878 0.601928
vt 0.732553 0.600533
vt 0.720710 0.657482
vt 0.859940 0.712169
vt 0.863681 0.664685
vt 0.720334 0.664345
vt 0.730153 0.714523
vt 0.716587 0.711583
vt 0.859855 0.009458
vt 0.720260 0.057316
vt 0.896288 0.502236
vt 0.907227 0.445293
vt 0.763918 0.443972
vt 0.752956 0.500952
vt 0.907604 0.438565
vt 0.912389 0.391320
vt 0.769041 0.390586
vt 0.764261 0.438074
vt 0.896254 0.219382
vt 0.763898 0.277678
vt 0.912498 0.385786
vt 0.912492 0.335828
vt 0.769107 0.335711
vt 0.769114 0.385938
vt 0.716502 0.717038
vt 0.716508 0.767004
vt 0.859891 0.767113
vt 0.859885 0.716894
vt 0.907586 0.283050
vt 0.769034 0.331063
vt 0.886129 0.170733
vt 0.752761 0.218332
vt 0.876048 0.599505
vt 0.885996 0.553444
vt 0.742669 0.551941
vt 0.732717 0.597991
vt 0.863938 0.062706
vt 0.732495 0.121125
vt 0.875990 0.122118
vt 0.742622 0.169714
vt 0.886175 0.550887
vt 0.896128 0.504837
vt 0.752796 0.503322
vt 0.742848 0.549384
vt 0.846525 0.714374
vt 0.734025 0.661655
vt 0.850376 0.661034
vt 0.850303 0.060596
vt 0.746082 0.121524
vt 0.733953 0.060002
vt 0.893896 0.441170
vt 0.782468 0.388471
vt 0.898840 0.388285
vt 0.893877 0.280449
vt 0.782461 0.333175
vt 0.777525 0.279841
vt 0.730160 0.769515
vt 0.846532 0.769636
vt 0.872544 0.170404
vt 0.766328 0.218601
vt 0.756209 0.170044
vt 0.846439 0.007256
vt 0.730067 0.007135
vt 0.898833 0.333333
vt 0.862424 0.121854
vt 0.766363 0.503048
vt 0.872590 0.551220
vt 0.756256 0.551608
vt 0.882671 0.218919
vt 0.882706 0.502703
vt 0.777545 0.441806
vt 0.746141 0.600130
vt 0.862482 0.599772
vt 0.864010 0.658920
vt 0.875878 0.601928
vt 0.732553 0.600533
vt 0.720710 0.657482
vt 0.859940 0.712169
vt 0.863681 0.664685
vt 0.720334 0.664345
vt 0.730153 0.714523
vt 0.716587 0.711583
vt 0.859855 0.009458
vt 0.720260 0.057316
vt 0.896288 0.502236
vt 0.907227 0.445293
vt 0.763918 0.443972
vt 0.752956 0.500952
vt 0.907604 0.438565
vt 0.912389 0.391320
vt 0.769041 0.390586
vt 0.764261 0.438074
vt 0.896254 0.219382
vt 0.763898 0.277678
vt 0.912492 0.335828
vt 0.769107 0.335711
vt 0.769114 0.385938
vt 0.716502 0.717038
vt 0.716508 0.767004
vt 0.859891 0.767113
vt 0.859885 0.716894
vt 0.907586 0.283050
vt 0.769034 0.331063
vt 0.886129 0.170733
vt 0.752761 0.218332
vt 0.876048 0.599505
vt 0.885996 0.553444
vt 0.742669 0.551941
vt 0.732717 0.597991
vt 0.863938 0.062706
vt 0.732495 0.121125
vt 0.875990 0.122118
vt 0.742622 0.169714
vt 0.886175 0.550887
vt 0.896128 0.504837
vt 0.752796 0.503322
vt 0.742848 0.549384
vt 0.846525 0.714374
vt 0.734025 0.661655
vt 0.850376 0.661034
vt 0.850303 0.060596
vt 0.746082 0.121524
vt 0.733953 0.060002
vt 0.893896 0.441170
vt 0.782468 0.388471
vt 0.898840 0.388285
vt 0.893877 0.280449
vt 0.782461 0.333175
vt 0.777525 0.279841
vt 0.730160 0.769515
vt 0.846532 0.769636
vt 0.872544 0.170404
vt 0.766328 0.218601
vt 0.756209 0.170044
vt 0.846439 0.007256
vt 0.730067 0.007135
vt 0.898833 0.333333
vt 0.862424 0.121854
vt 0.766363 0.503048
vt 0.872590 0.551220
vt 0.756256 0.551608
vt 0.882671 0.218919
vt 0.882706 0.502703
vt 0.777545 0.441806
vt 0.746141 0.600130
vt 0.862482 0.599772
vt 0.864010 0.658920
vt 0.875878 0.601928
vt 0.732553 0.600533
vt 0.720710 0.657482
vt 0.859940 0.712169
vt 0.863681 0.664685
vt 0.720334 0.664345
vt 0.730153 0.714523
vt 0.716587 0.711583
vt 0.859855 0.009458
vt 0.720260 0.057316
vt 0.896288 0.502236
vt 0.907227 0.445293
vt 0.763918 0.443972
vt 0.752956 0.500952
vt 0.907604 0.438565
vt 0.912389 0.391320
vt 0.769041 0.390586
vt 0.764261 0.438074
vt 0.896254 0.219382
vt 0.763898 0.277678
vt 0.912492 0.335828
vt 0.769107 0.335711
vt 0.769114 0.385938
vt 0.716502 0.717038
vt 0.716508 0.767004
vt 0.859891 0.767113
vt 0.859885 0.716894
vt 0.907586 0.283050
vt 0.769034 0.331063
vt 0.886129 0.170733
vt 0.752761 0.218332
vt 0.876048 0.599505
vt 0.885996 0.553444
vt 0.742669 0.551941
vt 0.732717 0.597991
vt 0.863938 0.062706
vt 0.732495 0.121125
vt 0.875990 0.122118
vt 0.742622 0.169714
vt 0.886175 0.550887
vt 0.896128 0.504837
vt 0.752796 0.503322
vt 0.742848 0.549384
vt 0.846525 0.714374
vt 0.734025 0.661655
vt 0.850376 0.661034
vt 0.850303 0.060596
vt 0.746082 0.121524
vt 0.733953 0.060002
vt 0.893896 0.441170
vt 0.782468 0.388471
vt 0.898840 0.388285
vt 0.893877 0.280449
vt 0.782461 0.333175
vt 0.777525 0.279841
vt 0.730160 0.769515
vt 0.846532 0.769636
vt 0.872544 0.170404
vt 0.766328 0.218601
vt 0.756209 0.170044
vt 0.846439 0.007256
vt 0.730067 0.007135
vt 0.898833 0.333333
vt 0.862424 0.121854
vt 0.766363 0.503048
vt 0.872590 0.551220
vt 0.756256 0.551608
vt 0.882671 0.218919
vt 0.882706 0.502703
vt 0.777545 0.441806
vt 0.746141 0.600130
vt 0.862482 0.599772
vt 0.864010 0.658920
vt 0.875878 0.601928
vt 0.732553 0.600533
vt 0.720710 0.657482
vt 0.859940 0.712169
vt 0.863681 0.664685
vt 0.720334 0.664345
vt 0.730153 0.714523
vt 0.716587 0.711583
vt 0.859855 0.009458
vt 0.720260 0.057316
vt 0.896288 0.502236
vt 0.907227 0.445293
vt 0.763918 0.443972
vt 0.752956 0.500952
vt 0.907604 0.438565
vt 0.912389 0.391320
vt 0.769041 0.390586
vt 0.764261 0.438074
vt 0.896254 0.219382
vt 0.763898 0.277678
vt 0.912498 0.385786
vt 0.912492 0.335828
vt 0.769107 0.335711
vt 0.769114 0.385938
vt 0.716508 0.767004
vt 0.859891 0.767113
vt 0.859885 0.716894
vt 0.907586 0.283050
vt 0.769034 0.331063
vt 0.886129 0.170733
vt 0.752761 0.218332
vt 0.876048 0.599505
vt 0.885996 0.553444
vt 0.742669 0.551941
vt 0.732717 0.597991
vt 0.863938 0.062706
vt 0.732495 0.121125
vt 0.875990 0.122118
vt 0.742622 0.169714
vt 0.886175 0.550887
vt 0.896128 0.504837
vt 0.752796 0.503322
vt 0.742848 0.549384
vt 0.846525 0.714374
vt 0.734025 0.661655
vt 0.850376 0.661034
vt 0.850303 0.060596
vt 0.746082 0.121524
vt 0.733953 0.060002
vt 0.893896 0.441170
vt 0.782468 0.388471
vt 0.898840 0.388285
vt 0.893877 0.280449
vt 0.782461 0.333175
vt 0.777525 0.279841
vt 0.730160 0.769515
vt 0.846532 0.769636
vt 0.872544 0.170404
vt 0.766328 0.218601
vt 0.756209 0.170044
vt 0.846439 0.007256
vt 0.730067 0.007135
vt 0.898833 0.333333
vt 0.862424 0.121854
vt 0.766363 0.503048
vt 0.872590 0.551220
vt 0.756256 0.551608
vt 0.882671 0.218919
vt 0.882706 0.502703
vt 0.777545 0.441806
vt 0.746141 0.600130
vt 0.862482 0.599772
vt 0.864010 0.658920
vt 0.875878 0.601928
vt 0.732553 0.600533
vt 0.720710 0.657482
vt 0.859940 0.712169
vt 0.863681 0.664685
vt 0.720334 0.664345
vt 0.730153 0.714523
vt 0.716587 0.711583
vt 0.859855 0.009458
vt 0.720260 0.057316
vt 0.896288 0.502236
vt 0.907227 0.445293
vt 0.763918 0.443972
vt 0.752956 0.500952
vt 0.907604 0.438565
vt 0.912389 0.391320
vt 0.769041 0.390586
vt 0.764261 0.438074
vt 0.896254 0.219382
vt 0.763898 0.277678
vt 0.912492 0.335828
vt 0.769107 0.335711
vt 0.769114 0.385938
vt 0.716502 0.717038
vt 0.716508 0.767004
vt 0.859891 0.767113
vt 0.859885 0.716894
vt 0.907586 0.283050
vt 0.769034 0.331063
vt 0.886129 0.170733
vt 0.752761 0.218332
vt 0.876048 0.599505
vt 0.885996 0.553444
vt 0.742669 0.551941
vt 0.732717 0.597991
vt 0.863938 0.062706
vt 0.732495 0.121125
vt 0.875990 0.122118
vt 0.742622 0.169714
vt 0.886175 0.550887
vt 0.896128 0.504837
vt 0.752796 0.503322
vt 0.742848 0.549384
vt 0.911112 0.714384
vt 0.886016 0.661651
vt 0.914970 0.661043
vt 0.911112 0.007260
vt 0.927781 0.055110
vt 0.914970 0.060601
vt 0.898139 0.121517
vt 0.886016 0.059993
vt 0.958520 0.441183
vt 0.934495 0.388470
vt 0.963470 0.388298
vt 0.958520 0.280461
vt 0.962058 0.220524
vt 0.972177 0.278171
vt 0.934495 0.333173
vt 0.929565 0.279839
vt 0.923578 0.766617
vt 0.911112 0.769646
vt 0.963470 0.333345
vt 0.971663 0.284820
vt 0.976166 0.331578
vt 0.947321 0.218929
vt 0.952228 0.170672
vt 0.962068 0.217427
vt 0.937198 0.551232
vt 0.941902 0.600749
vt 0.927083 0.599783
vt 0.927083 0.121861
vt 0.928907 0.060746
vt 0.941450 0.118102
vt 0.937198 0.170412
vt 0.941902 0.120894
vt 0.951965 0.167603
vt 0.947321 0.502715
vt 0.952228 0.550972
vt 0.916784 0.285401
vt 0.882137 0.769511
vt 0.869649 0.717413
vt 0.882138 0.714519
vt 0.918375 0.218597
vt 0.908261 0.170039
vt 0.927781 0.666534
vt 0.923890 0.713245
vt 0.916784 0.436243
vt 0.921709 0.389528
vt 0.975962 0.385424
vt 0.918375 0.503047
vt 0.915627 0.442004
vt 0.929565 0.441805
vt 0.882138 0.007125
vt 0.893232 0.169779
vt 0.883393 0.123023
vt 0.922032 0.336220
vt 0.898139 0.600127
vt 0.893232 0.551865
vt 0.908261 0.551605
vt 0.883394 0.120006
vt 0.872368 0.062339
vt 0.971663 0.436823
vt 0.872897 0.666086
vt 0.903557 0.219556
vt 0.893494 0.172848
vt 0.915627 0.279640
vt 0.903990 0.222281
vt 0.872897 0.055558
vt 0.869429 0.008814
vt 0.928907 0.660898
vt 0.903557 0.502087
vt 0.962058 0.501120
vt 0.883394 0.601638
vt 0.911112 0.714384
vt 0.886016 0.661651
vt 0.914970 0.661043
vt 0.911112 0.007260
vt 0.927781 0.055110
vt 0.914970 0.060601
vt 0.898139 0.121517
vt 0.886016 0.059993
vt 0.958520 0.441183
vt 0.934495 0.388470
vt 0.963470 0.388298
vt 0.958520 0.280461
vt 0.962058 0.220524
vt 0.972177 0.278171
vt 0.934495 0.333173
vt 0.929565 0.279839
vt 0.923578 0.766617
vt 0.911112 0.769646
vt 0.963470 0.333345
vt 0.971663 0.284820
vt 0.976166 0.331578
vt 0.947321 0.218929
vt 0.952228 0.170672
vt 0.962068 0.217427
vt 0.937198 0.551232
vt 0.941902 0.600749
vt 0.927083 0.599783
vt 0.927083 0.121861
vt 0.928907 0.060746
vt 0.941450 0.118102
vt 0.937198 0.170412
vt 0.941902 0.120894
vt 0.951965 0.167603
vt 0.947321 0.502715
vt 0.952228 0.550972
vt 0.916784 0.285401
vt 0.882137 0.769511
vt 0.869649 0.717413
vt 0.882138 0.714519
vt 0.918375 0.218597
vt 0.908261 0.170039
vt 0.927781 0.666534
vt 0.923890 0.713245
vt 0.916784 0.436243
vt 0.921709 0.389528
vt 0.975962 0.385424
vt 0.918375 0.503047
vt 0.915627 0.442004
vt 0.929565 0.441805
vt 0.882138 0.007125
vt 0.893232 0.169779
vt 0.883393 0.123023
vt 0.922032 0.385424
vt 0.922032 0.336220
vt 0.898139 0.600127
vt 0.893232 0.551865
vt 0.908261 0.551605
vt 0.883394 0.120006
vt 0.872368 0.062339
vt 0.971663 0.436823
vt 0.872897 0.666086
vt 0.903557 0.219556
vt 0.893494 0.172848
vt 0.915627 0.279640
vt 0.903990 0.222281
vt 0.872897 0.055558
vt 0.869429 0.008814
vt 0.928907 0.660898
vt 0.903557 0.502087
vt 0.962058 0.501120
vt 0.883394 0.601638
vt 0.911112 0.714384
vt 0.886016 0.661651
vt 0.914970 0.661043
vt 0.911112 0.007260
vt 0.927781 0.055110
vt 0.914970 0.060601
vt 0.898139 0.121517
vt 0.886016 0.059993
vt 0.958520 0.441183
vt 0.934495 0.388470
vt 0.963470 0.388298
vt 0.958520 0.280461
vt 0.962058 0.220524
vt 0.972177 0.278171
vt 0.934495 0.333173
vt 0.929565 0.279839
vt 0.923578 0.766617
vt 0.911112 0.769646
vt 0.963470 0.333345
vt 0.971663 0.284820
vt 0.976166 0.331578
vt 0.947321 0.218929
vt 0.952228 0.170672
vt 0.962068 0.217427
vt 0.937198 0.551232
vt 0.941902 0.600749
vt 0.927083 0.599783
vt 0.927083 0.121861
vt 0.928907 0.060746
vt 0.941450 0.118102
vt 0.937198 0.170412
vt 0.941902 0.120894
vt 0.951965 0.167603
vt 0.947321 0.502715
vt 0.952228 0.550972
vt 0.916784 0.285401
vt 0.882137 0.769511
vt 0.869649 0.717413
vt 0.882138 0.714519
vt 0.918375 0.218597
vt 0.908261 0.170039
vt 0.927781 0.666534
vt 0.923890 0.713245
vt 0.916784 0.436243
vt 0.921709 0.389528
vt 0.975962 0.385424
vt 0.918375 0.503047
vt 0.915627 0.442004
vt 0.929565 0.441805
vt 0.882138 0.007125
vt 0.893232 0.169779
vt 0.883393 0.123023
vt 0.922032 0.336220
vt 0.898139 0.600127
vt 0.893232 0.551865
vt 0.908261 0.551605
vt 0.883394 0.120006
vt 0.872368 0.062339
vt 0.971663 0.436823
vt 0.872897 0.666086
vt 0.903557 0.219556
vt 0.893494 0.172848
vt 0.915627 0.279640
vt 0.903990 0.222281
vt 0.872897 0.055558
vt 0.869429 0.008814
vt 0.928907 0.660898
vt 0.903557 0.502087
vt 0.962058 0.501120
vt 0.883394 0.601638
vt 0.911112 0.714384
vt 0.886016 0.661651
vt 0.914970 0.661043
vt 0.911112 0.007260
vt 0.927781 0.055110
vt 0.914970 0.060601
vt 0.898139 0.121517
vt 0.886016 0.059993
vt 0.958520 0.441183
vt 0.934495 0.388470
vt 0.963470 0.388298
vt 0.958520 0.280461
vt 0.962058 0.220524
vt 0.972177 0.278171
vt 0.934495 0.333173
vt 0.929565 0.279839
vt 0.923578 0.766617
vt 0.911112 0.769646
vt 0.963470 0.333345
vt 0.971663 0.284820
vt 0.976166 0.331578
vt 0.947321 0.218929
vt 0.952228 0.170672
vt 0.962068 0.217427
vt 0.937198 0.551232
vt 0.941902 0.600749
vt 0.927083 0.599783
vt 0.927083 0.121861
vt 0.928907 0.060746
vt 0.941450 0.118102
vt 0.937198 0.170412
vt 0.941902 0.120894
vt 0.951965 0.167603
vt 0.947321 0.502715
vt 0.952228 0.550972
vt 0.916784 0.285401
vt 0.882137 0.769511
vt 0.869649 0.717413
vt 0.882138 0.714519
vt 0.918375 0.218597
vt 0.908261 0.170039
vt 0.927781 0.666534
vt 0.923890 0.713245
vt 0.916784 0.436243
vt 0.921709 0.389528
vt 0.975962 0.385424
vt 0.918375 0.503047
vt 0.915627 0.442004
vt 0.929565 0.441805
vt 0.882138 0.007125
vt 0.893232 0.169779
vt 0.883393 0.123023
vt 0.922032 0.336220
vt 0.898139 0.600127
vt 0.893232 0.551865
vt 0.908261 0.551605
vt 0.883394 0.120006
vt 0.872368 0.062339
vt 0.971663 0.436823
vt 0.872897 0.666086
vt 0.903557 0.219556
vt 0.893494 0.172848
vt 0.915627 0.279640
vt 0.903990 0.222281
vt 0.872897 0.055558
vt 0.869429 0.008814
vt 0.928907 0.660898
vt 0.903557 0.502087
vt 0.962058 0.501120
vt 0.883394 0.601638
vt 0.911112 0.714384
vt 0.886016 0.661651
vt 0.914970 0.661043
vt 0.911112 0.007260
vt 0.927781 0.055110
vt 0.914970 0.060601
vt 0.898139 0.121517
vt 0.886016 0.059993
vt 0.958520 0.441183
vt 0.934495 0.388470
vt 0.963470 0.388298
vt 0.958520 0.280461
vt 0.962058 0.220524
vt 0.972177 0.278171
vt 0.934495 0.333173
vt 0.929565 0.279839
vt 0.923578 0.766617
vt 0.911112 0.769646
vt 0.963470 0.333345
vt 0.971663 0.284820
vt 0.976166 0.331578
vt 0.947321 0.218929
vt 0.952228 0.170672
vt 0.962068 0.217427
vt 0.937198 0.551232
vt 0.941902 0.600749
vt 0.927083 0.599783
vt 0.927083 0.121861
vt 0.928907 0.060746
vt 0.941450 0.118102
vt 0.937198 0.170412
vt 0.941902 0.120894
vt 0.951965 0.167603
vt 0.947321 0.502715
vt 0.952228 0.550972
vt 0.916784 0.285401
vt 0.882138 0.714519
vt 0.882137 0.769511
vt 0.869649 0.717413
vt 0.918375 0.218597
vt 0.908261 0.170039
vt 0.927781 0.666534
vt 0.923890 0.713245
vt 0.916784 0.436243
vt 0.921709 0.389528
vt 0.975962 0.385424
vt 0.918375 0.503047
vt 0.915627 0.442004
vt 0.929565 0.441805
vt 0.882138 0.007125
vt 0.893232 0.169779
vt 0.883393 0.123023
vt 0.922032 0.385424
vt 0.922032 0.336220
vt 0.898139 0.600127
vt 0.893232 0.551865
vt 0.908261 0.551605
vt 0.883394 0.120006
vt 0.872368 0.062339
vt 0.971663 0.436823
vt 0.872897 0.666086
vt 0.903557 0.219556
vt 0.893494 0.172848
vt 0.915627 0.279640
vt 0.903990 0.222281
vt 0.872897 0.055558
vt 0.869429 0.008814
vt 0.928907 0.660898
vt 0.903557 0.502087
vt 0.962058 0.501120
vt 0.883394 0.601638
vt 0.911112 0.714384
vt 0.886016 0.661651
vt 0.914970 0.661043
vt 0.911112 0.007260
vt 0.927781 0.055110
vt 0.914970 0.060601
vt 0.898139 0.121517
vt 0.886016 0.059993
vt 0.958520 0.441183
vt 0.934495 0.388470
vt 0.963470 0.388298
vt 0.958520 0.280461
vt 0.962058 0.220524
vt 0.972177 0.278171
vt 0.934495 0.333173
vt 0.929565 0.279839
vt 0.923578 0.766617
vt 0.911112 0.769646
vt 0.963470 0.333345
vt 0.971663 0.284820
vt 0.976166 0.331578
vt 0.947321 0.218929
vt 0.952228 0.170672
vt 0.962068 0.217427
vt 0.937198 0.551232
vt 0.941902 0.600749
vt 0.927083 0.599783
vt 0.927083 0.121861
vt 0.928907 0.060746
vt 0.941450 0.118102
vt 0.937198 0.170412
vt 0.941902 0.120894
vt 0.951965 0.167603
vt 0.947321 0.502715
vt 0.952228 0.550972
vt 0.916784 0.285401
vt 0.882137 0.769511
vt 0.869649 0.717413
vt 0.882138 0.714519
vt 0.918375 0.218597
vt 0.908261 0.170039
vt 0.927781 0.666534
vt 0.923890 0.713245
vt 0.916784 0.436243
vt 0.921709 0.389528
vt 0.975962 0.385424
vt 0.918375 0.503047
vt 0.915627 0.442004
vt 0.929565 0.441805
vt 0.882138 0.007125
vt 0.893232 0.169779
vt 0.883393 0.123023
vt 0.922032 0.385424
vt 0.922032 0.336220
vt 0.898139 0.600127
vt 0.893232 0.551865
vt 0.908261 0.551605
vt 0.883394 0.120006
vt 0.872368 0.062339
vt 0.971663 0.436823
vt 0.872897 0.666086
vt 0.903557 0.219556
vt 0.893494 0.172848
vt 0.915627 0.279640
vt 0.903990 0.222281
vt 0.872897 0.055558
vt 0.869429 0.008814
vt 0.928907 0.660898
vt 0.903557 0.502087
vt 0.962058 0.501120
vt 0.883394 0.601638
vt 0.911112 0.714384
vt 0.886016 0.661651
vt 0.914970 0.661043
vt 0.911112 0.007260
vt 0.927781 0.055110
vt 0.914970 0.060601
vt 0.898139 0.121517
vt 0.886016 0.059993
vt 0.958520 0.441183
vt 0.934495 0.388470
vt 0.963470 0.388298
vt 0.958520 0.280461
vt 0.962058 0.220524
vt 0.972177 0.278171
vt 0.934495 0.333173
vt 0.929565 0.279839
vt 0.923578 0.766617
vt 0.911112 0.769646
vt 0.963470 0.333345
vt 0.971663 0.284820
vt 0.976166 0.331578
vt 0.947321 0.218929
vt 0.952228 0.170672
vt 0.962068 0.217427
vt 0.937198 0.551232
vt 0.941902 0.600749
vt 0.927083 0.599783
vt 0.927083 0.121861
vt 0.928907 0.060746
vt 0.941450 0.118102
vt 0.937198 0.170412
vt 0.941902 0.120894
vt 0.951965 0.167603
vt 0.947321 0.502715
vt 0.952228 0.550972
vt 0.916784 0.285401
vt 0.882137 0.769511
vt 0.869649 0.717413
vt 0.882138 0.714519
vt 0.918375 0.218597
vt 0.908261 0.170039
vt 0.927781 0.666534
vt 0.923890 0.713245
vt 0.916784 0.436243
vt 0.921709 0.389528
vt 0.975962 0.385424
vt 0.918375 0.503047
vt 0.915627 0.442004
vt 0.929565 0.441805
vt 0.882138 0.007125
vt 0.893232 0.169779
vt 0.883393 0.123023
vt 0.922032 0.336220
vt 0.898139 0.600127
vt 0.893232 0.551865
vt 0.908261 0.551605
vt 0.883394 0.120006
vt 0.872368 0.062339
vt 0.971663 0.436823
vt 0.872897 0.666086
vt 0.903557 0.219556
vt 0.893494 0.172848
vt 0.915627 0.279640
vt 0.903990 0.222281
vt 0.872897 0.055558
vt 0.869429 0.008814
vt 0.928907 0.660898
vt 0.903557 0.502087
vt 0.962058 0.501120
vt 0.883394 0.601638
vt 0.911112 0.714384
vt 0.886016 0.661651
vt 0.914970 0.661043
vt 0.911112 0.007260
vt 0.927781 0.055110
vt 0.914970 0.060601
vt 0.898139 0.121517
vt 0.886016 0.059993
vt 0.958520 0.441183
vt 0.934495 0.388470
vt 0.963470 0.388298
vt 0.958520 0.280461
vt 0.962058 0.220524
vt 0.972177 0.278171
vt 0.934495 0.333173
vt 0.929565 0.279839
vt 0.923578 0.766617
vt 0.911112 0.769646
vt 0.963470 0.333345
vt 0.971663 0.284820
vt 0.976166 0.331578
vt 0.947321 0.218929
vt 0.952228 0.170672
vt 0.962068 0.217427
vt 0.937198 0.551232
vt 0.941902 0.600749
vt 0.927083 0.599783
vt 0.927083 0.121861
vt 0.928907 0.060746
vt 0.941450 0.118102
vt 0.937198 0.170412
vt 0.941902 0.120894
vt 0.951965 0.167603
vt 0.947321 0.502715
vt 0.952228 0.550972
vt 0.916784 0.285401
vt 0.882137 0.769511
vt 0.869649 0.717413
vt 0.882138 0.714519
vt 0.918375 0.218597
vt 0.908261 0.170039
vt 0.927781 0.666534
vt 0.923890 0.713245
vt 0.916784 0.436243
vt 0.921709 0.389528
vt 0.975962 0.385424
vt 0.918375 0.503047
vt 0.915627 0.442004
vt 0.929565 0.441805
vt 0.882138 0.007125
vt 0.893232 0.169779
vt 0.883393 0.123023
vt 0.922032 0.336220
vt 0.898139 0.600127
vt 0.893232 0.551865
vt 0.908261 0.551605
vt 0.883394 0.120006
vt 0.872368 0.062339
vt 0.971663 0.436823
vt 0.872897 0.666086
vt 0.903557 0.219556
vt 0.893494 0.172848
vt 0.915627 0.279640
vt 0.903990 0.222281
vt 0.872897 0.055558
vt 0.869429 0.008814
vt 0.928907 0.660898
vt 0.903557 0.502087
vt 0.962058 0.501120
vt 0.883394 0.601638
vt 0.911112 0.714384
vt 0.886016 0.661651
vt 0.914970 0.661043
vt 0.911112 0.007260
vt 0.927781 0.055110
vt 0.914970 0.060601
vt 0.898139 0.121517
vt 0.886016 0.059993
vt 0.958520 0.441183
vt 0.934495 0.388470
vt 0.963470 0.388298
vt 0.958520 0.280461
vt 0.962058 0.220524
vt 0.972177 0.278171
vt 0.934495 0.333173
vt 0.929565 0.279839
vt 0.923578 0.766617
vt 0.911112 0.769646
vt 0.963470 0.333345
vt 0.971663 0.284820
vt 0.976166 0.331578
vt 0.947321 0.218929
vt 0.952228 0.170672
vt 0.962068 0.217427
vt 0.937198 0.551232
vt 0.941902 0.600749
vt 0.927083 0.599783
vt 0.927083 0.121861
vt 0.928907 0.060746
vt 0.941450 0.118102
vt 0.937198 0.170412
vt 0.941902 0.120894
vt 0.951965 0.167603
vt 0.947321 0.502715
vt 0.952228 0.550972
vt 0.916784 0.285401
vt 0.882137 0.769511
vt 0.869649 0.717413
vt 0.882138 0.714519
vt 0.918375 0.218597
vt 0.908261 0.170039
vt 0.927781 0.666534
vt 0.923890 0.713245
vt 0.916784 0.436243
vt 0.921709 0.389528
vt 0.975962 0.385424
vt 0.918375 0.503047
vt 0.915627 0.442004
vt 0.929565 0.441805
vt 0.882138 0.007125
vt 0.893232 0.169779
vt 0.883393 0.123023
vt 0.922032 0.336220
vt 0.898139 0.600127
vt 0.893232 0.551865
vt 0.908261 0.551605
vt 0.883394 0.120006
vt 0.872368 0.062339
vt 0.971663 0.436823
vt 0.872897 0.666086
vt 0.903557 0.219556
vt 0.893494 0.172848
vt 0.915627 0.279640
vt 0.903990 0.222281
vt 0.872897 0.055558
vt 0.869429 0.008814
vt 0.928907 0.660898
vt 0.903557 0.502087
vt 0.962058 0.501120
vt 0.883394 0.601638
vt 0.911112 0.714384
vt 0.886016 0.661651
vt 0.914970 0.661043
vt 0.911112 0.007260
vt 0.927781 0.055110
vt 0.914970 0.060601
vt 0.898139 0.121517
vt 0.886016 0.059993
vt 0.958520 0.441183
vt 0.934495 0.388470
vt 0.963470 0.388298
vt 0.958520 0.280461
vt 0.962058 0.220524
vt 0.972177 0.278171
vt 0.934495 0.333173
vt 0.929565 0.279839
vt 0.923578 0.766617
vt 0.911112 0.769646
vt 0.963470 0.333345
vt 0.971663 0.284820
vt 0.976166 0.331578
vt 0.947321 0.218929
vt 0.952228 0.170672
vt 0.962068 0.217427
vt 0.937198 0.551232
vt 0.941902 0.600749
vt 0.927083 0.599783
vt 0.927083 0.121861
vt 0.928907 0.060746
vt 0.941450 0.118102
vt 0.937198 0.170412
vt 0.941902 0.120894
vt 0.951965 0.167603
vt 0.947321 0.502715
vt 0.952228 0.550972
vt 0.916784 0.285401
vt 0.882137 0.769511
vt 0.869649 0.717413
vt 0.882138 0.714519
vt 0.918375 0.218597
vt 0.908261 0.170039
vt 0.927781 0.666534
vt 0.923890 0.713245
vt 0.916784 0.436243
vt 0.921709 0.389528
vt 0.975962 0.385424
vt 0.918375 0.503047
vt 0.915627 0.442004
vt 0.929565 0.441805
vt 0.882138 0.007125
vt 0.893232 0.169779
vt 0.883393 0.123023
vt 0.922032 0.336220
vt 0.898139 0.600127
vt 0.893232 0.551865
vt 0.908261 0.551605
vt 0.883394 0.120006
vt 0.872368 0.062339
vt 0.971663 0.436823
vt 0.872897 0.666086
vt 0.903557 0.219556
vt 0.893494 0.172848
vt 0.915627 0.279640
vt 0.903990 0.222281
vt 0.872897 0.055558
vt 0.869429 0.008814
vt 0.928907 0.660898
vt 0.903557 0.502087
vt 0.962058 0.501120
vt 0.883394 0.601638
vt 0.911112 0.714384
vt 0.886016 0.661651
vt 0.914970 0.661043
vt 0.911112 0.007260
vt 0.927781 0.055110
vt 0.914970 0.060601
vt 0.898139 0.121517
vt 0.886016 0.059993
vt 0.958520 0.441183
vt 0.934495 0.388470
vt 0.963470 0.388298
vt 0.958520 0.280461
vt 0.962058 0.220524
vt 0.972177 0.278171
vt 0.934495 0.333173
vt 0.929565 0.279839
vt 0.923578 0.766617
vt 0.911112 0.769646
vt 0.963470 0.333345
vt 0.971663 0.284820
vt 0.976166 0.331578
vt 0.947321 0.218929
vt 0.952228 0.170672
vt 0.962068 0.217427
vt 0.937198 0.551232
vt 0.941902 0.600749
vt 0.927083 0.599783
vt 0.927083 0.121861
vt 0.928907 0.060746
vt 0.941450 0.118102
vt 0.937198 0.170412
vt 0.941902 0.120894
vt 0.951965 0.167603
vt 0.947321 0.502715
vt 0.952228 0.550972
vt 0.916784 0.285401
vt 0.882137 0.769511
vt 0.869649 0.717413
vt 0.882138 0.714519
vt 0.918375 0.218597
vt 0.908261 0.170039
vt 0.927781 0.666534
vt 0.923890 0.713245
vt 0.916784 0.436243
vt 0.921709 0.389528
vt 0.975962 0.385424
vt 0.918375 0.503047
vt 0.915627 0.442004
vt 0.929565 0.441805
vt 0.882138 0.007125
vt 0.893232 0.169779
vt 0.883393 0.123023
vt 0.922032 0.336220
vt 0.898139 0.600127
vt 0.893232 0.551865
vt 0.908261 0.551605
vt 0.883394 0.120006
vt 0.872368 0.062339
vt 0.971663 0.436823
vt 0.872897 0.666086
vt 0.903557 0.219556
vt 0.893494 0.172848
vt 0.915627 0.279640
vt 0.903990 0.222281
vt 0.872897 0.055558
vt 0.869429 0.008814
vt 0.928907 0.660898
vt 0.903557 0.502087
vt 0.962058 0.501120
vt 0.883394 0.601638
vt 0.393541 0.659475
vt 0.367456 0.642290
vt 0.398136 0.650475
vt 0.588210 0.835828
vt 0.620621 0.835617
vt 0.590578 0.844492
vt 0.619326 0.642290
vt 0.593241 0.659475
vt 0.588646 0.650476
vt 0.398217 0.835828
vt 0.350719 0.809408
vt 0.398217 0.709945
vt 0.340505 0.624005
vt 0.349477 0.551029
vt 0.349477 0.624039
vt 0.646277 0.551063
vt 0.637305 0.624039
vt 0.637305 0.551029
vt 0.635709 0.809409
vt 0.643684 0.736398
vt 0.643684 0.809375
vt 0.540712 0.704808
vt 0.588210 0.709945
vt 0.540712 0.840965
vt 0.493214 0.702859
vt 0.493214 0.842914
vt 0.445715 0.704808
vt 0.445715 0.840965
vt 0.593241 0.515593
vt 0.619326 0.532778
vt 0.588646 0.524593
vt 0.540950 0.519455
vt 0.540950 0.655613
vt 0.493391 0.517506
vt 0.493391 0.657562
vt 0.445832 0.519455
vt 0.445832 0.655613
vt 0.398136 0.524592
vt 0.395849 0.844492
vt 0.374000 0.848501
vt 0.365806 0.835617
vt 0.589176 0.701016
vt 0.541722 0.695468
vt 0.541097 0.695421
vt 0.493608 0.693244
vt 0.445330 0.695421
vt 0.492819 0.693244
vt 0.397251 0.701016
vt 0.444705 0.695467
vt 0.350719 0.736364
vt 0.342743 0.809375
vt 0.342743 0.736398
vt 0.397251 0.844757
vt 0.444705 0.850306
vt 0.445330 0.850352
vt 0.492819 0.852529
vt 0.541097 0.850352
vt 0.493608 0.852529
vt 0.589176 0.844757
vt 0.541722 0.850306
vt 0.616194 0.663438
vt 0.595462 0.670307
vt 0.445986 0.861124
vt 0.658446 0.617584
vt 0.646277 0.624005
vt 0.540441 0.861124
vt 0.494539 0.863223
vt 0.543028 0.509092
vt 0.589294 0.503710
vt 0.590633 0.514686
vt 0.587668 0.855738
vt 0.542547 0.861066
vt 0.494379 0.506725
vt 0.541297 0.498158
vt 0.541914 0.508930
vt 0.590578 0.701281
vt 0.612427 0.697272
vt 0.620621 0.710156
vt 0.492403 0.506725
vt 0.445486 0.498158
vt 0.491467 0.496032
vt 0.612427 0.848501
vt 0.592708 0.855369
vt 0.443754 0.509092
vt 0.397488 0.503710
vt 0.442892 0.498337
vt 0.616194 0.511630
vt 0.623558 0.524403
vt 0.690064 0.917031
vt 0.623414 0.990582
vt 0.623859 0.917003
vt 0.656223 0.803313
vt 0.635709 0.736365
vt 0.365806 0.710156
vt 0.395849 0.701281
vt 0.543028 0.665976
vt 0.494379 0.668343
vt 0.492403 0.668343
vt 0.443754 0.665976
vt 0.421007 0.989400
vt 0.370635 0.907091
vt 0.420809 0.902728
vt 0.471622 0.989052
vt 0.471455 0.900273
vt 0.522109 0.902537
vt 0.572300 0.906710
vt 0.522238 0.989208
vt 0.966701 0.912901
vt 0.942900 0.990188
vt 0.943296 0.907330
vt 0.791625 0.989321
vt 0.741632 0.906781
vt 0.791826 0.902649
vt 0.842241 0.989207
vt 0.842482 0.900428
vt 0.893126 0.902925
vt 0.892855 0.989596
vt 0.319114 0.917579
vt 0.252805 0.991437
vt 0.252911 0.917857
vt 0.595729 0.912173
vt 0.572285 0.989569
vt 0.370962 0.989949
vt 0.347226 0.912642
vt 0.741577 0.989640
vt 0.718198 0.912224
vt 0.398760 0.855738
vt 0.340505 0.551063
vt 0.328336 0.617584
vt 0.328336 0.557483
vt 0.330204 0.742460
vt 0.393542 0.515593
vt 0.370589 0.511630
vt 0.391320 0.504761
vt 0.398760 0.690035
vt 0.443881 0.684707
vt 0.370589 0.663438
vt 0.363224 0.650665
vt 0.445986 0.684649
vt 0.491888 0.682550
vt 0.589294 0.671358
vt 0.543891 0.676731
vt 0.540441 0.684649
vt 0.541297 0.676910
vt 0.495315 0.679036
vt 0.587668 0.690035
vt 0.445486 0.676910
vt 0.444868 0.666138
vt 0.374000 0.697272
vt 0.393719 0.690404
vt 0.397488 0.671358
vt 0.396150 0.660382
vt 0.344922 0.814886
vt 0.367979 0.827563
vt 0.361950 0.833328
vt 0.626916 0.527261
vt 0.644596 0.545799
vt 0.626916 0.647807
vt 0.644596 0.629269
vt 0.359866 0.647807
vt 0.342186 0.629268
vt 0.641506 0.814886
vt 0.618448 0.827564
vt 0.618448 0.718210
vt 0.641506 0.730887
vt 0.344922 0.730887
vt 0.367979 0.718209
vt 0.624477 0.833328
vt 0.648375 0.827002
vt 0.632005 0.846612
vt 0.624477 0.712445
vt 0.648375 0.718771
vt 0.335212 0.533939
vt 0.359866 0.527261
vt 0.342186 0.545799
vt 0.361950 0.712445
vt 0.338053 0.718771
vt 0.354422 0.699161
vt 0.338053 0.827002
vt 0.367456 0.532778
vt 0.595280 0.990107
vt 0.347969 0.990574
vt 0.319837 0.991156
vt 0.965892 0.990831
vt 0.994808 0.917861
vt 0.994024 0.991437
vt 0.718582 0.990158
vt 0.690448 0.990610
vt 0.651571 0.533939
vt 0.634384 0.514549
vt 0.651570 0.641129
vt 0.634384 0.660519
vt 0.335212 0.641129
vt 0.352398 0.660519
vt 0.085530 0.001589
vt 0.042278 0.000012
vt 0.494863 0.218289
vt 0.634033 0.478074
vt 0.565560 0.488558
vt 0.254762 0.218068
vt 0.527378 0.490057
vt 0.432520 0.488558
vt 0.394337 0.490057
vt 0.418051 0.338238
vt 0.494864 0.340729
vt 0.493385 0.462948
vt 0.570197 0.220560
vt 0.733486 0.283768
vt 0.418050 0.460676
vt 0.254762 0.397466
vt 0.271393 0.312289
vt 0.271393 0.434725
vt 0.570198 0.343001
vt 0.254762 0.275030
vt 0.716856 0.368952
vt 0.733487 0.406211
vt 0.716855 0.246509
vt 0.243918 0.999124
vt 0.493386 0.340509
vt 0.863607 0.056941
vt 0.716502 0.010078
vt 0.907206 0.276323
vt 0.752922 0.220701
vt 0.912382 0.330294
vt 0.764242 0.283576
vt 0.896093 0.216781
vt 0.742802 0.172272
vt 0.875820 0.119695
vt 0.720638 0.064179
vt 0.885949 0.168177
vt 0.732659 0.123667
vt 0.863607 0.056941
vt 0.716502 0.010078
vt 0.907206 0.276323
vt 0.752922 0.220701
vt 0.912498 0.385786
vt 0.912382 0.330294
vt 0.764242 0.283576
vt 0.896093 0.216781
vt 0.742802 0.172272
vt 0.875820 0.119695
vt 0.720638 0.064179
vt 0.885949 0.168177
vt 0.732659 0.123667
vt 0.863607 0.056941
vt 0.716502 0.010078
vt 0.907206 0.276323
vt 0.752922 0.220701
vt 0.912498 0.385786
vt 0.912382 0.330294
vt 0.764242 0.283576
vt 0.896093 0.216781
vt 0.742802 0.172272
vt 0.875820 0.119695
vt 0.720638 0.064179
vt 0.885949 0.168177
vt 0.732659 0.123667
vt 0.863607 0.056941
vt 0.716502 0.010078
vt 0.907206 0.276323
vt 0.752922 0.220701
vt 0.716502 0.717038
vt 0.912382 0.330294
vt 0.764242 0.283576
vt 0.896093 0.216781
vt 0.742802 0.172272
vt 0.875820 0.119695
vt 0.720638 0.064179
vt 0.885949 0.168177
vt 0.732659 0.123667
vt 0.863607 0.056941
vt 0.716502 0.010078
vt 0.907206 0.276323
vt 0.752922 0.220701
vt 0.912498 0.385786
vt 0.912382 0.330294
vt 0.764242 0.283576
vt 0.896093 0.216781
vt 0.742802 0.172272
vt 0.875820 0.119695
vt 0.720638 0.064179
vt 0.885949 0.168177
vt 0.732659 0.123667
vt 0.923890 0.008398
vt 0.923578 0.717413
vt 0.951965 0.554041
vt 0.962068 0.504216
vt 0.921709 0.332116
vt 0.869649 0.766617
vt 0.975962 0.336220
vt 0.903991 0.499363
vt 0.922032 0.385424
vt 0.883393 0.598621
vt 0.976166 0.390066
vt 0.869429 0.712830
vt 0.941450 0.603542
vt 0.893494 0.548796
vt 0.972177 0.443473
vt 0.872368 0.659305
vt 0.923890 0.008398
vt 0.923578 0.717413
vt 0.951965 0.554041
vt 0.962068 0.504216
vt 0.921709 0.332116
vt 0.869649 0.766617
vt 0.975962 0.336220
vt 0.903991 0.499363
vt 0.883393 0.598621
vt 0.976166 0.390066
vt 0.869429 0.712830
vt 0.941450 0.603542
vt 0.893494 0.548796
vt 0.972177 0.443473
vt 0.872368 0.659305
vt 0.923890 0.008398
vt 0.923578 0.717413
vt 0.951965 0.554041
vt 0.962068 0.504216
vt 0.921709 0.332116
vt 0.869649 0.766617
vt 0.975962 0.336220
vt 0.903991 0.499363
vt 0.922032 0.385424
vt 0.883393 0.598621
vt 0.976166 0.390066
vt 0.869429 0.712830
vt 0.941450 0.603542
vt 0.893494 0.548796
vt 0.972177 0.443473
vt 0.872368 0.659305
vt 0.923890 0.008398
vt 0.923578 0.717413
vt 0.951965 0.554041
vt 0.962068 0.504216
vt 0.921709 0.332116
vt 0.869649 0.766617
vt 0.975962 0.336220
vt 0.903991 0.499363
vt 0.922032 0.385424
vt 0.883393 0.598621
vt 0.976166 0.390066
vt 0.869429 0.712830
vt 0.941450 0.603542
vt 0.893494 0.548796
vt 0.972177 0.443473
vt 0.872368 0.659305
vt 0.923890 0.008398
vt 0.923578 0.717413
vt 0.951965 0.554041
vt 0.962068 0.504216
vt 0.921709 0.332116
vt 0.869649 0.766617
vt 0.975962 0.336220
vt 0.903991 0.499363
vt 0.883393 0.598621
vt 0.976166 0.390066
vt 0.869429 0.712830
vt 0.941450 0.603542
vt 0.893494 0.548796
vt 0.972177 0.443473
vt 0.872368 0.659305
vt 0.923890 0.008398
vt 0.923578 0.717413
vt 0.951965 0.554041
vt 0.962068 0.504216
vt 0.921709 0.332116
vt 0.869649 0.766617
vt 0.975962 0.336220
vt 0.903991 0.499363
vt 0.883393 0.598621
vt 0.976166 0.390066
vt 0.869429 0.712830
vt 0.941450 0.603542
vt 0.893494 0.548796
vt 0.972177 0.443473
vt 0.872368 0.659305
vt 0.923890 0.008398
vt 0.923578 0.717413
vt 0.951965 0.554041
vt 0.962068 0.504216
vt 0.921709 0.332116
vt 0.869649 0.766617
vt 0.975962 0.336220
vt 0.903991 0.499363
vt 0.922032 0.385424
vt 0.883393 0.598621
vt 0.976166 0.390066
vt 0.869429 0.712830
vt 0.941450 0.603542
vt 0.893494 0.548796
vt 0.972177 0.443473
vt 0.872368 0.659305
vt 0.923890 0.008398
vt 0.923578 0.717413
vt 0.951965 0.554041
vt 0.962068 0.504216
vt 0.921709 0.332116
vt 0.869649 0.766617
vt 0.975962 0.336220
vt 0.903991 0.499363
vt 0.922032 0.385424
vt 0.883393 0.598621
vt 0.976166 0.390066
vt 0.869429 0.712830
vt 0.941450 0.603542
vt 0.893494 0.548796
vt 0.972177 0.443473
vt 0.872368 0.659305
vt 0.923890 0.008398
vt 0.923578 0.717413
vt 0.951965 0.554041
vt 0.962068 0.504216
vt 0.921709 0.332116
vt 0.869649 0.766617
vt 0.975962 0.336220
vt 0.903991 0.499363
vt 0.922032 0.385424
vt 0.883393 0.598621
vt 0.976166 0.390066
vt 0.869429 0.712830
vt 0.941450 0.603542
vt 0.893494 0.548796
vt 0.972177 0.443473
vt 0.872368 0.659305
vt 0.923890 0.008398
vt 0.923578 0.717413
vt 0.951965 0.554041
vt 0.962068 0.504216
vt 0.921709 0.332116
vt 0.869649 0.766617
vt 0.975962 0.336220
vt 0.903991 0.499363
vt 0.922032 0.385424
vt 0.883393 0.598621
vt 0.976166 0.390066
vt 0.869429 0.712830
vt 0.941450 0.603542
vt 0.893494 0.548796
vt 0.972177 0.443473
vt 0.872368 0.659305
vt 0.923890 0.008398
vt 0.923578 0.717413
vt 0.951965 0.554041
vt 0.962068 0.504216
vt 0.921709 0.332116
vt 0.869649 0.766617
vt 0.975962 0.336220
vt 0.903991 0.499363
vt 0.922032 0.385424
vt 0.883393 0.598621
vt 0.976166 0.390066
vt 0.869429 0.712830
vt 0.941450 0.603542
vt 0.893494 0.548796
vt 0.972177 0.443473
vt 0.872368 0.659305
vt 0.623558 0.650665
vt 0.393719 0.855369
vt 0.491888 0.863223
vt 0.658446 0.557484
vt 0.543891 0.498337
vt 0.495315 0.496032
vt 0.592708 0.690404
vt 0.444868 0.508930
vt 0.396150 0.514685
vt 0.595462 0.504762
vt 0.656223 0.742460
vt 0.590633 0.660383
vt 0.541914 0.666138
vt 0.443881 0.861066
vt 0.330204 0.803313
vt 0.363225 0.524403
vt 0.391320 0.670306
vt 0.494539 0.682550
vt 0.542547 0.684707
vt 0.491467 0.679036
vt 0.442892 0.676731
vt 0.632005 0.699161
vt 0.352398 0.514548
vt 0.354422 0.846612
vn 0.0203 -0.1879 0.9820
vn 0.0478 -0.1650 0.9851
vn 0.0140 -0.1919 0.9813
vn -0.0000 0.0000 -1.0000
vn 0.0478 -0.1650 -0.9851
vn 0.0203 -0.1879 -0.9820
vn 0.0140 -0.1919 -0.9813
vn 0.0000 -0.0000 1.0000
vn 0.0478 0.1650 0.9851
vn 0.0203 0.1879 0.9820
vn 0.0140 0.1919 0.9813
vn 0.0203 0.1879 -0.9820
vn 0.0478 0.1650 -0.9851
vn 0.0140 0.1919 -0.9813
vn -1.0000 -0.0000 0.0000
vn 0.0000 -0.2596 -0.9657
vn 0.0000 0.2596 -0.9657
vn -0.0000 0.2596 0.9657
vn -0.0000 -0.2596 0.9657
vn -0.0204 -0.2502 0.9680
vn -0.0303 -0.2445 0.9692
vn -0.0204 0.2502 0.9680
vn -0.0303 0.2449 0.9691
vn -0.0204 0.2502 -0.9680
vn -0.0303 0.2449 -0.9691
vn -0.0204 -0.2502 -0.9680
vn -0.0303 -0.2445 -0.9692
vn 0.0000 0.1991 -0.9800
vn -0.0000 0.1991 0.9800
vn 0.0000 -0.1991 -0.9800
vn -0.0000 -0.1991 0.9800
vn -0.0985 0.1875 -0.9773
vn -0.0798 0.2017 -0.9762
vn -0.0660 0.2167 -0.9740
vn -0.0985 0.1875 0.9773
vn -0.0798 0.2017 0.9762
vn -0.0988 0.1879 0.9772
vn 0.0606 -0.1358 -0.9889
vn 0.0521 -0.1496 -0.9874
vn 0.0606 -0.1358 0.9889
vn 0.0521 -0.1496 0.9874
vn 0.0533 -0.1357 0.9893
vn 0.0606 0.1358 0.9889
vn 0.0521 0.1496 0.9874
vn 0.0521 0.1496 -0.9874
vn 0.0606 0.1358 -0.9889
vn -0.0797 -0.2016 0.9762
vn -0.0985 -0.1875 0.9773
vn -0.0988 -0.1879 0.9772
vn -0.0797 -0.2016 -0.9762
vn -0.0985 -0.1875 -0.9773
vn -0.0660 -0.2167 -0.9740
vn -0.0660 0.2167 0.9740
vn -0.0660 -0.2167 0.9740
vn 1.0000 -0.0000 0.0000
vn -0.9215 0.0000 0.3884
vn -0.9192 -0.0327 0.3924
vn 0.3687 -0.8231 0.4320
vn 0.0000 -1.0000 0.0000
vn 0.3721 -0.9282 -0.0000
vn -0.2376 -0.6387 -0.7318
vn 0.0000 -0.6475 -0.7620
vn -0.3803 0.0000 -0.9249
vn 0.0000 -0.0831 -0.9965
vn -0.3783 -0.0770 -0.9225
vn -0.9215 -0.0000 -0.3884
vn 0.3783 0.0770 0.9225
vn 0.3803 -0.0000 0.9249
vn 0.3686 0.4085 -0.8350
vn 0.0000 0.8855 -0.4647
vn 0.3687 0.8231 -0.4320
vn 0.3783 -0.0770 0.9225
vn 0.0000 -0.4394 0.8983
vn 0.3686 -0.4085 0.8350
vn -0.2063 -0.0000 -0.9785
vn 0.0000 -0.6475 0.7620
vn -0.2597 -0.9657 -0.0000
vn -0.2376 -0.6387 0.7318
vn -0.3803 -0.0000 0.9249
vn 0.0000 0.0831 0.9965
vn -0.3783 0.0770 0.9225
vn -0.3687 0.8231 -0.4320
vn 0.0000 0.4394 -0.8983
vn -0.3686 0.4085 -0.8350
vn 0.0000 0.4394 0.8983
vn -0.3686 0.4085 0.8350
vn -0.2063 0.0000 0.9785
vn -0.7030 -0.4485 0.5519
vn -0.2376 0.6387 -0.7318
vn -0.7357 0.6773 -0.0000
vn -0.2597 0.9657 0.0000
vn -0.7030 0.4485 0.5519
vn -0.6654 0.0000 0.7465
vn -0.2376 0.6387 0.7318
vn 0.0000 0.6475 -0.7620
vn 0.0000 1.0000 0.0000
vn 0.0000 0.6475 0.7620
vn -0.9383 0.3458 0.0000
vn -0.9170 0.2256 0.3289
vn -0.6654 -0.0000 -0.7465
vn -0.9170 0.2256 -0.3289
vn -0.7030 0.4485 -0.5519
vn -0.7030 -0.4485 -0.5519
vn -0.9383 -0.3458 -0.0000
vn -0.9170 -0.2256 -0.3289
vn -0.8920 -0.0000 -0.4520
vn -0.7357 -0.6773 0.0000
vn -0.8920 0.0000 0.4520
vn -0.9170 -0.2256 0.3289
vn 0.0000 0.0831 -0.9965
vn -0.3783 0.0770 -0.9225
vn 0.3687 0.8231 0.4320
vn 0.3686 0.4085 0.8350
vn 0.0000 0.8855 0.4647
vn -0.3687 0.8231 0.4320
vn -0.3721 0.9282 -0.0000
vn -0.9192 0.0327 -0.3924
vn -0.9021 0.1896 -0.3876
vn 0.9215 -0.0000 0.3884
vn 0.9192 0.0327 0.3924
vn 0.9215 0.0000 -0.3884
vn 0.9192 -0.0327 -0.3924
vn 0.3783 0.0770 -0.9225
vn -0.9021 -0.1896 0.3876
vn 0.9192 -0.0327 0.3924
vn -0.9108 -0.4129 0.0000
vn -0.9021 -0.3820 -0.2005
vn 0.9021 -0.1896 -0.3876
vn 0.9108 -0.4129 -0.0000
vn 0.9021 -0.3820 0.2005
vn -0.9192 0.0327 0.3924
vn 0.9108 0.4129 0.0000
vn -0.9108 0.4129 -0.0000
vn -0.9021 0.3820 -0.2005
vn 0.9192 0.0327 -0.3924
vn 0.9021 0.1896 -0.3876
vn 0.9021 -0.3820 -0.2005
vn -0.9021 -0.1896 -0.3876
vn -0.9192 -0.0327 -0.3924
vn 0.9021 0.1896 0.3876
vn -0.9021 0.3820 0.2005
vn -0.9021 0.1896 0.3876
vn 0.9021 0.3820 0.2005
vn 0.9021 -0.1896 0.3876
vn 0.9021 0.3820 -0.2005
vn -0.3783 -0.0770 0.9225
vn -0.9021 -0.3820 0.2005
vn 0.0000 -0.8968 -0.4424
vn 0.0000 0.8970 0.4420
vn 0.0000 -0.8968 0.4424
vn 0.0000 0.0813 0.9967
vn 0.0000 0.8970 -0.4420
vn 0.0000 -0.0813 -0.9967
vn 0.0000 0.0813 -0.9967
vn 0.0000 -0.0813 0.9967
vn 0.0000 -0.4377 0.8991
vn 0.0000 0.4377 0.8991
vn 0.0000 -0.4377 -0.8991
vn 0.0000 0.4377 -0.8991
vn 0.3783 -0.0770 -0.9225
vn 0.3803 0.0000 -0.9249
vn -0.3721 -0.9282 0.0000
vn 0.0000 -0.8855 0.4647
vn -0.3687 -0.8231 0.4320
vn 0.3721 0.9282 0.0000
vn -0.3686 -0.4085 0.8350
vn 0.0000 -0.0831 0.9965
vn 0.0000 -0.8855 -0.4647
vn 0.3687 -0.8231 -0.4320
vn -0.3687 -0.8231 -0.4320
vn -0.3686 -0.4085 -0.8350
vn 0.3686 -0.4085 -0.8350
vn 0.0000 -0.4394 -0.8983
vn 0.3553 0.9055 0.2321
vn -0.3792 0.5802 0.7209
vn 0.3503 0.6467 0.6775
vn 0.3503 0.6467 -0.6775
vn -0.3703 0.1764 -0.9120
vn -0.3792 0.5802 -0.7209
vn 0.3757 -0.5810 0.7220
vn -0.3532 -0.9069 0.2297
vn 0.3810 -0.8889 0.2544
vn 0.3757 -0.5810 -0.7220
vn -0.3532 -0.9069 -0.2297
vn -0.3538 -0.6469 -0.6755
vn -0.3787 0.8908 -0.2509
vn 0.3553 0.9055 -0.2321
vn 0.3683 0.0723 -0.9269
vn -0.3660 -0.3101 -0.8774
vn -0.3683 -0.0724 -0.9269
vn 0.3810 -0.8889 -0.2544
vn 0.3675 0.3130 -0.8758
vn -0.3660 -0.3101 0.8774
vn 0.3683 0.0723 0.9269
vn -0.3683 -0.0724 0.9269
vn 0.3719 -0.1782 -0.9110
vn 0.3719 -0.1782 0.9110
vn -0.3538 -0.6469 0.6755
vn -0.3703 0.1764 0.9120
vn 0.3675 0.3130 0.8758
vn 0.7104 0.5304 0.4626
vn 0.6951 0.3193 0.6441
vn -0.6965 0.0553 0.7154
vn -0.7194 0.3915 0.5738
vn 0.7060 0.6895 0.1615
vn -0.3787 0.8908 0.2509
vn -0.7214 0.6618 0.2039
vn 0.7060 0.6895 -0.1615
vn -0.7194 0.3915 -0.5738
vn 0.6972 -0.0605 0.7143
vn 0.7189 -0.3897 0.5756
vn -0.7103 -0.5313 0.4617
vn -0.6958 -0.3152 0.6454
vn 0.7216 -0.6596 0.2104
vn -0.7053 -0.6917 0.1551
vn 0.6972 -0.0605 -0.7143
vn -0.7103 -0.5313 -0.4617
vn 0.7216 -0.6596 -0.2104
vn -0.7053 -0.6917 -0.1551
vn -0.7214 0.6618 -0.2039
vn 0.7189 -0.3897 -0.5756
vn 0.6964 0.1405 -0.7038
vn -0.6958 -0.3152 -0.6454
vn 0.6964 0.1405 0.7038
vn -0.6964 -0.1405 0.7038
vn 0.7104 0.5304 -0.4626
vn -0.6965 0.0553 -0.7154
vn 0.6957 0.3194 -0.6434
vn -0.6964 -0.1405 -0.7038
vn 0.3682 0.0727 -0.9269
vn -0.3680 -0.0724 -0.9270
vn -0.3680 -0.0724 0.9270
vn 0.3672 0.3128 0.8759
vn 0.6957 0.3194 0.6434
vn 0.7186 -0.3900 0.5758
vn -0.7104 -0.5313 0.4617
vn -0.7104 -0.5313 -0.4617
vn 0.6960 0.1405 -0.7042
vn 0.6960 0.1405 0.7042
vn -0.6960 -0.1405 0.7042
vn -0.6960 -0.1405 -0.7042
vn 0.3551 0.9056 0.2321
vn 0.3503 0.6468 0.6775
vn 0.3503 0.6468 -0.6775
vn -0.3792 0.5798 -0.7211
vn 0.3757 -0.5809 0.7220
vn 0.3755 -0.5808 -0.7223
vn 0.3551 0.9056 -0.2321
vn 0.3722 -0.1782 -0.9109
vn 0.3722 -0.1782 0.9109
vn 0.7061 0.6894 0.1614
vn 0.7061 0.6894 -0.1614
vn 0.6973 -0.0605 0.7143
vn 0.7189 -0.3896 0.5757
vn 0.7213 -0.6598 0.2106
vn 0.6976 -0.0604 -0.7139
vn 0.7213 -0.6598 -0.2106
vn 0.7187 -0.3899 -0.5758
vn 0.6960 0.1405 -0.7041
vn 0.6959 0.1405 0.7043
vn -0.3790 0.5798 0.7213
vn 0.3502 0.6468 0.6775
vn 0.3502 0.6468 -0.6775
vn -0.3705 0.1763 -0.9119
vn -0.3792 0.5802 -0.7208
vn 0.3757 -0.5809 -0.7220
vn 0.3680 0.0723 -0.9270
vn 0.3673 0.3126 -0.8760
vn 0.3680 0.0723 0.9270
vn -0.3705 0.1763 0.9119
vn 0.3671 0.3127 0.8761
vn 0.7104 0.5305 0.4626
vn 0.6957 0.3194 0.6435
vn -0.6969 0.0552 0.7150
vn 0.6974 -0.0606 0.7142
vn 0.7213 -0.6598 0.2105
vn 0.6974 -0.0605 -0.7142
vn 0.7213 -0.6598 -0.2105
vn 0.7186 -0.3899 -0.5759
vn 0.6958 0.1405 0.7044
vn -0.6960 -0.1406 0.7041
vn 0.7104 0.5305 -0.4626
vn -0.6969 0.0552 -0.7150
vn 0.6954 0.3193 -0.6438
vn -0.6960 -0.1406 -0.7041
vn -0.3792 0.5802 0.7208
vn -0.3785 0.8909 -0.2509
vn -0.3663 -0.3101 -0.8773
vn 0.3672 0.3130 -0.8759
vn -0.3658 -0.3102 0.8775
vn 0.3672 0.3130 0.8759
vn 0.6953 0.3195 0.6438
vn -0.6969 0.0551 0.7150
vn -0.3785 0.8910 0.2509
vn -0.7215 0.6617 0.2040
vn 0.6976 -0.0604 0.7139
vn -0.6958 -0.3151 0.6455
vn -0.7213 0.6619 -0.2040
vn 0.7189 -0.3896 -0.5757
vn -0.6954 -0.3152 -0.6458
vn 0.6960 0.1405 0.7041
vn -0.6960 -0.1405 0.7041
vn -0.6969 0.0551 -0.7150
vn 0.6953 0.3195 -0.6438
vn -0.6960 -0.1405 -0.7041
vn 0.3279 0.9144 0.2376
vn -0.3825 0.5696 0.7275
vn 0.3435 0.6412 0.6862
vn 0.3279 0.9144 -0.2376
vn 0.6989 0.5488 -0.4587
vn 0.3435 0.6412 -0.6862
vn -0.4091 0.1626 -0.8979
vn -0.3825 0.5696 -0.7275
vn 0.3788 -0.5710 0.7283
vn -0.3256 -0.9158 0.2350
vn 0.3468 -0.9008 0.2615
vn 0.3788 -0.5710 -0.7283
vn 0.7541 -0.0353 -0.6558
vn 0.7159 -0.4091 -0.5658
vn -0.3256 -0.9158 -0.2350
vn -0.3467 -0.6408 -0.6849
vn 0.6589 0.7339 -0.1652
vn 0.3471 -0.9006 -0.2616
vn 0.6618 -0.7181 -0.2155
vn 0.4107 -0.1646 -0.8968
vn 0.7560 0.1537 -0.6363
vn 0.4064 0.0785 0.9103
vn 0.7411 0.3155 0.5926
vn 0.3949 0.3102 0.8648
vn 0.3949 0.3102 -0.8648
vn 0.7411 0.3155 -0.5926
vn 0.4064 0.0785 -0.9103
vn 0.4107 -0.1646 0.8968
vn 0.7560 0.1537 0.6363
vn -0.6990 -0.5497 -0.4574
vn -0.3447 0.9025 -0.2583
vn -0.6612 0.7202 0.2099
vn -0.3447 0.9025 0.2583
vn -0.3936 -0.3074 -0.8664
vn -0.4064 -0.0785 -0.9103
vn 0.6989 0.5488 0.4587
vn 0.6589 0.7339 0.1652
vn -0.6990 -0.5497 0.4574
vn -0.6586 -0.7356 0.1584
vn 0.6617 -0.7181 0.2155
vn -0.3936 -0.3074 0.8664
vn -0.3467 -0.6408 0.6849
vn -0.7560 -0.1537 -0.6363
vn -0.7536 0.0291 -0.6566
vn -0.6586 -0.7356 -0.1584
vn -0.4091 0.1626 0.8979
vn -0.7560 -0.1537 0.6363
vn -0.4064 -0.0785 0.9103
vn -0.7161 0.4118 -0.5636
vn 0.7159 -0.4091 0.5658
vn -0.7162 0.4117 0.5635
vn -0.7416 -0.3106 -0.5946
vn -0.6612 0.7202 -0.2099
vn -0.7416 -0.3106 0.5946
vn 0.7541 -0.0353 0.6558
vn -0.7532 0.0293 0.6571
vn -0.3822 0.5697 0.7276
vn 0.6988 0.5489 -0.4587
vn -0.3822 0.5697 -0.7276
vn 0.3791 -0.5710 0.7282
vn 0.3471 -0.9006 0.2616
vn 0.3787 -0.5711 -0.7283
vn 0.7542 -0.0352 -0.6558
vn 0.7158 -0.4091 -0.5659
vn 0.6617 -0.7181 -0.2155
vn 0.4107 -0.1645 -0.8968
vn 0.4064 0.0784 0.9103
vn 0.7408 0.3156 0.5930
vn 0.3946 0.3103 0.8649
vn 0.3946 0.3103 -0.8649
vn 0.7408 0.3156 -0.5930
vn 0.4064 0.0784 -0.9103
vn 0.4107 -0.1645 0.8968
vn -0.6990 -0.5497 -0.4573
vn -0.3938 -0.3074 -0.8663
vn -0.4064 -0.0786 -0.9103
vn 0.6988 0.5489 0.4587
vn -0.6990 -0.5497 0.4573
vn -0.6581 -0.7361 0.1584
vn 0.6618 -0.7181 0.2155
vn -0.3938 -0.3074 0.8663
vn -0.7536 0.0291 -0.6567
vn -0.6581 -0.7361 -0.1584
vn -0.4064 -0.0786 0.9103
vn -0.7161 0.4118 0.5636
vn -0.7419 -0.3105 -0.5942
vn -0.7419 -0.3105 0.5942
vn 0.7538 -0.0354 0.6561
vn -0.7536 0.0291 0.6567
vn -0.3823 0.5696 0.7276
vn 0.6988 0.5488 -0.4587
vn -0.3823 0.5696 -0.7276
vn 0.3470 -0.9005 -0.2622
vn -0.3444 0.9026 -0.2583
vn -0.6608 0.7206 0.2100
vn -0.3444 0.9026 0.2583
vn 0.6988 0.5488 0.4587
vn -0.7160 0.4119 -0.5636
vn -0.7160 0.4119 0.5636
vn -0.7418 -0.3105 -0.5944
vn -0.6611 0.7203 -0.2100
vn -0.3822 0.5696 0.7276
vn -0.4089 0.1627 -0.8980
vn -0.3822 0.5696 -0.7276
vn 0.3789 -0.5710 0.7283
vn 0.3468 -0.9007 0.2616
vn 0.3789 -0.5710 -0.7283
vn 0.7541 -0.0352 -0.6558
vn 0.7158 -0.4092 -0.5658
vn 0.3468 -0.9007 -0.2616
vn 0.6613 -0.7185 -0.2156
vn 0.6613 -0.7185 0.2156
vn -0.7560 -0.1536 -0.6363
vn -0.7533 0.0293 -0.6571
vn -0.4089 0.1627 0.8980
vn -0.7560 -0.1536 0.6363
vn 0.7156 -0.4092 0.5661
vn 0.7541 -0.0352 0.6558
vn -0.7533 0.0293 0.6571
vn 0.3791 -0.5710 -0.7282
vn 0.7158 -0.4092 -0.5659
vn 0.6614 -0.7184 0.2156
vn -0.7533 0.0292 -0.6570
vn -0.4092 0.1626 0.8979
vn 0.7542 -0.0352 0.6558
vn 0.3470 -0.9006 0.2616
vn 0.3470 -0.9006 -0.2616
vn -0.6991 -0.5497 0.4573
vn -0.4088 0.1626 -0.8980
vn 0.7410 0.3152 0.5929
vn 0.7412 0.3155 -0.5926
vn 0.6615 -0.7183 0.2155
vn -0.6582 -0.7360 -0.1584
vn -0.7164 0.4116 0.5633
vn -0.7533 0.0293 0.6570
vn 0.3435 0.6413 0.6862
vn 0.6988 0.5489 -0.4586
vn 0.3435 0.6413 -0.6862
vn -0.4089 0.1626 -0.8980
vn 0.7156 -0.4092 -0.5660
vn -0.4063 -0.0783 -0.9104
vn 0.6988 0.5489 0.4586
vn -0.7563 -0.1537 -0.6359
vn -0.7533 0.0292 -0.6571
vn -0.4089 0.1626 0.8980
vn -0.4067 -0.0785 0.9102
vn 0.7159 -0.4091 0.5659
vn -0.7420 -0.3105 -0.5942
vn -0.7420 -0.3105 0.5942
vn -0.7533 0.0292 0.6571
vn 0.7154 -0.4093 0.5663
vn 0.7159 -0.4091 -0.5659
vn 0.6614 -0.7184 -0.2155
vn 0.7410 0.3153 0.5928
vn 0.3944 0.3102 0.8650
vn -0.4067 -0.0785 -0.9102
vn -0.7563 -0.1537 0.6359
vn -0.7161 0.4119 -0.5636
vn 0.7155 -0.4093 0.5661
vn 0.3786 -0.5712 -0.7283
vn -0.0000 -0.1927 -0.9813
vn 0.0005 -0.4838 -0.8752
vn 0.0000 -0.1783 -0.9840
vn -0.0000 0.1861 0.9825
vn -0.0010 0.5101 0.8601
vn 0.0000 0.1854 0.9827
vn 0.0005 0.4838 -0.8752
vn -0.0000 0.1927 -0.9813
vn 0.0000 0.1783 -0.9840
vn 0.0013 -0.9346 -0.3557
vn 0.0014 -0.9201 0.3917
vn 0.0014 -0.9201 -0.3917
vn 0.0013 0.9346 0.3557
vn 0.0014 0.9201 -0.3917
vn 0.0014 0.9201 0.3917
vn -0.0016 0.9283 0.3718
vn -0.0015 0.9283 -0.3717
vn -0.0015 0.9283 0.3717
vn 0.0003 0.1928 0.9812
vn 0.0005 0.4838 0.8752
vn 0.0000 0.1783 0.9840
vn -0.9892 0.1466 -0.0000
vn -0.9976 0.0697 0.0000
vn -0.9976 -0.0697 -0.0000
vn -0.9892 -0.1466 0.0000
vn -0.9998 -0.0158 -0.0076
vn -0.9998 -0.0167 -0.0146
vn -0.9998 -0.0133 -0.0139
vn 0.0000 0.1854 -0.9827
vn 0.0000 0.0743 -0.9972
vn 0.0000 0.0742 -0.9972
vn 0.0000 -0.0742 -0.9972
vn 0.0000 -0.0743 -0.9972
vn 0.0000 -0.1854 -0.9827
vn -0.0016 -0.9283 -0.3718
vn -0.0015 -0.9283 0.3717
vn -0.0015 -0.9283 -0.3718
vn 0.0000 -0.1854 0.9827
vn 0.0000 -0.0743 0.9972
vn 0.0000 -0.0742 0.9972
vn 0.0000 0.0742 0.9972
vn 0.0000 0.0743 0.9972
vn 0.9871 -0.1456 -0.0673
vn 0.9798 -0.1539 -0.1277
vn 0.9888 -0.1407 -0.0496
vn -1.0000 0.0000 -0.0001
vn -1.0000 -0.0068 -0.0010
vn -1.0000 -0.0069 -0.0012
vn 0.9970 -0.0361 0.0684
vn 0.9975 -0.0413 -0.0580
vn 0.9970 -0.0361 -0.0684
vn -1.0000 0.0068 -0.0010
vn 0.9978 -0.0648 0.0107
vn 0.9888 -0.1407 0.0496
vn 0.9871 -0.1456 0.0673
vn -1.0000 0.0069 -0.0012
vn -0.9999 0.0152 -0.0056
vn 1.0000 0.0000 0.0010
vn 0.9979 -0.0636 0.0088
vn -0.9998 0.0158 0.0076
vn -0.9998 0.0166 0.0147
vn -0.9998 0.0133 0.0139
vn 0.9979 0.0636 0.0088
vn -0.9998 0.0158 -0.0076
vn -0.9998 0.0167 -0.0146
vn 0.9978 0.0648 0.0107
vn 0.9888 0.1407 0.0496
vn 0.9798 -0.1539 0.1277
vn 0.9843 -0.1240 0.1256
vn 0.0039 -0.9119 -0.4103
vn 0.0030 -0.9194 0.3932
vn 0.0039 -0.9119 0.4103
vn -1.0000 0.0035 0.0073
vn -1.0000 0.0045 -0.0065
vn -1.0000 0.0035 -0.0073
vn -0.9761 0.2171 0.0000
vn -0.0000 -0.1861 -0.9825
vn -0.0010 -0.5101 -0.8601
vn -0.0010 -0.5101 0.8601
vn -0.0000 -0.1861 0.9825
vn -0.0010 0.5101 -0.8601
vn -0.0000 0.1861 -0.9825
vn 0.0000 0.0757 -0.9971
vn 0.0000 0.0728 -0.9973
vn 0.0000 -0.0728 -0.9973
vn 0.0000 -0.0757 -0.9971
vn -0.9761 -0.2171 -0.0000
vn 0.0000 -0.1783 0.9840
vn 0.0000 -0.0757 0.9971
vn 0.0000 -0.0728 0.9973
vn 0.0000 0.0728 0.9973
vn 0.0000 0.0757 0.9971
vn -0.0000 0.0740 0.9973
vn 0.0000 0.1594 0.9872
vn 0.0000 0.0725 0.9974
vn 0.0000 -0.0725 0.9974
vn 0.0000 -0.1594 0.9872
vn -0.0000 -0.0740 0.9973
vn 0.0009 0.4460 -0.8950
vn -0.0009 0.1631 -0.9866
vn 0.0000 0.1594 -0.9872
vn -0.0000 -0.0740 -0.9973
vn 0.0000 -0.1594 -0.9872
vn 0.0000 -0.0725 -0.9974
vn 0.0000 0.0725 -0.9974
vn -0.0000 0.0740 -0.9973
vn 0.0039 0.9119 0.4103
vn 0.0030 0.9194 -0.3932
vn 0.0039 0.9119 -0.4103
vn 0.0009 -0.4460 0.8950
vn -0.0009 -0.1631 0.9866
vn -0.0009 0.1631 0.9866
vn 0.0009 0.4460 0.8950
vn -0.0009 -0.1631 -0.9866
vn 0.0009 -0.4460 -0.8950
vn -0.9999 -0.0152 -0.0056
vn 0.9970 0.0361 0.0684
vn 0.9975 0.0413 -0.0580
vn 0.9975 0.0413 0.0580
vn -1.0000 -0.0035 -0.0073
vn -1.0000 -0.0045 0.0065
vn -1.0000 -0.0035 0.0073
vn 0.9871 0.1456 0.0673
vn 0.9798 0.1539 0.1277
vn -1.0000 -0.0069 0.0012
vn -0.9999 -0.0152 0.0056
vn -1.0000 -0.0068 0.0010
vn 0.9871 0.1456 -0.0673
vn 0.9798 0.1539 -0.1277
vn 0.9843 0.1240 -0.1256
vn -1.0000 -0.0000 0.0001
vn 0.9978 -0.0648 -0.0107
vn 0.9979 -0.0636 -0.0088
vn -1.0000 0.0068 0.0010
vn -1.0000 0.0069 0.0012
vn 1.0000 0.0000 -0.0010
vn -0.9999 0.0152 0.0056
vn 0.9979 0.0636 -0.0088
vn 0.9978 0.0648 -0.0107
vn -0.9998 -0.0158 0.0076
vn -0.9998 -0.0166 0.0147
vn 0.9888 0.1407 -0.0496
vn -0.0011 -0.5136 0.8580
vn 0.0008 0.5347 0.8450
vn 0.0008 0.5348 -0.8450
vn 0.0013 0.9346 -0.3557
vn 0.0008 -0.5348 -0.8450
vn -0.0011 0.5136 0.8580
vn -0.0011 0.5136 -0.8580
vn -0.0016 0.9283 -0.3718
vn -0.0011 -0.5136 -0.8580
vn -0.9998 0.0133 -0.0139
vn -1.0000 0.0045 0.0065
vn 0.9843 0.1240 0.1256
vn -0.9998 -0.0133 0.0139
vn -1.0000 -0.0045 -0.0065
vn 0.0008 -0.5348 0.8450
vn 0.0005 -0.4838 0.8752
vn -0.0009 -0.4734 0.8808
vn -0.0009 0.4734 0.8808
vn 0.0030 0.9194 0.3932
vn -0.0009 0.4734 -0.8808
vn -0.0009 -0.4734 -0.8808
vn 0.0030 -0.9194 -0.3932
vn 0.9975 -0.0413 0.0580
vn 0.9843 -0.1240 -0.1256
vn 0.0003 -0.1927 0.9813
vn -0.0988 0.1879 -0.9772
vn 0.0533 -0.1357 -0.9893
vn 0.0533 0.1357 0.9893
vn 0.0533 0.1357 -0.9893
vn -0.0988 -0.1879 -0.9772
vn 0.0013 -0.9346 0.3557
vn -0.0016 -0.9283 0.3718
vn -0.9761 0.2172 0.0001
vn -0.9761 0.2172 -0.0001
vn -0.9761 -0.2172 0.0001
vn -0.9761 -0.2171 -0.0001
vn 0.9970 0.0361 -0.0684
usemtl Viking_Sword
s 1
f 1/1/1 3/2/2 4/3/3
f 5/4/4 7/5/4 8/6/4
f 10/7/5 1/8/6 9/9/7
f 11/10/8 13/11/8 14/12/8
f 16/13/9 18/14/10 15/15/11
f 18/16/12 19/17/13 20/18/14
f 21/19/15 22/20/15 23/21/15
f 25/22/15 27/23/15 24/24/15
f 21/19/15 29/25/15 22/20/15
f 24/26/16 31/27/16 30/28/16
f 22/29/17 33/30/17 32/31/17
f 28/32/18 35/33/18 34/34/18
f 26/35/19 37/36/19 36/37/19
f 38/38/15 27/23/15 26/39/15
f 36/37/19 14/12/20 15/15/21
f 39/40/22 35/33/18 4/3/23
f 32/31/17 8/6/24 9/9/25
f 40/41/26 31/27/16 20/18/27
f 41/42/28 27/43/28 38/44/28
f 36/37/29 38/45/29 26/35/29
f 43/46/8 25/47/8 42/48/8
f 32/31/30 23/49/30 22/29/30
f 46/50/4 29/51/4 45/52/4
f 44/53/31 21/54/31 23/55/31
f 6/56/32 10/7/33 7/5/34
f 12/57/35 3/2/36 48/58/37
f 47/59/38 2/60/39 10/7/5
f 48/58/40 2/61/41 50/62/42
f 48/58/43 17/63/44 16/13/9
f 17/64/45 47/59/46 19/17/13
f 16/13/47 12/57/48 48/58/49
f 19/17/50 6/56/51 51/65/52
f 30/28/4 45/52/4 24/26/4
f 34/34/8 42/48/8 28/32/8
f 49/66/8 11/10/8 39/40/8
f 51/65/4 5/4/4 40/41/4
f 40/41/4 46/50/4 30/28/4
f 39/40/8 43/46/8 34/34/8
f 51/65/52 20/18/27 19/17/50
f 9/9/25 7/5/34 10/7/33
f 49/66/53 4/3/23 3/2/36
f 15/15/21 13/11/54 16/13/47
f 41/42/28 20/18/14 31/27/28
f 15/15/11 41/67/29 36/37/29
f 43/46/8 14/12/8 37/36/8
f 9/9/7 44/68/30 32/31/30
f 46/50/4 8/6/4 33/30/4
f 44/53/31 4/3/3 35/33/31
f 52/69/15 54/70/15 55/71/15
f 56/72/15 57/73/15 54/70/15
f 58/74/15 60/75/15 61/76/15
f 58/74/15 64/77/15 62/78/15
f 66/79/55 68/80/55 65/81/55
f 70/82/56 72/83/15 69/84/57
f 74/85/58 56/72/59 73/86/60
f 75/87/55 77/88/55 78/89/55
f 79/90/55 81/91/55 82/92/55
f 84/93/59 86/94/61 83/95/62
f 88/96/63 90/97/64 87/98/65
f 91/99/66 93/100/15 94/101/15
f 96/102/67 97/103/8 95/104/68
f 99/105/69 63/106/70 98/107/71
f 101/108/72 103/109/73 100/110/74
f 83/95/62 105/111/75 104/112/4
f 107/113/55 75/87/55 106/114/55
f 82/92/55 108/115/55 109/116/55
f 110/117/76 85/118/77 84/119/59
f 112/120/8 111/121/78 110/117/76
f 115/122/55 106/114/55 114/123/55
f 108/115/55 65/81/55 109/116/55
f 117/124/79 65/81/80 116/125/81
f 78/89/55 118/126/55 119/127/55
f 121/128/82 122/129/83 120/130/84
f 116/131/81 68/80/85 123/132/86
f 124/133/15 125/134/15 104/135/15
f 110/136/15 97/103/15 112/137/15
f 84/138/15 55/71/15 54/70/15
f 126/139/15 62/78/15 124/133/15
f 83/140/15 125/134/15 55/71/15
f 127/141/15 97/103/15 59/142/15
f 84/138/15 102/143/15 110/136/15
f 126/139/15 59/142/15 58/74/15
f 113/144/87 129/145/88 111/121/78
f 131/146/89 133/147/90 130/148/91
f 113/144/87 135/149/92 128/150/93
f 134/151/94 133/152/90 135/153/92
f 104/112/4 131/146/89 124/154/95
f 126/155/96 134/151/94 127/156/97
f 127/156/97 113/144/87 112/120/8
f 124/154/95 130/148/91 126/155/96
f 135/153/92 136/157/98 137/158/99
f 138/159/100 140/160/101 132/161/102
f 141/162/103 143/163/104 144/164/105
f 138/165/100 144/166/105 139/167/106
f 111/121/78 142/168/107 85/118/77
f 105/111/75 141/169/103 138/165/100
f 86/94/61 142/170/107 141/162/103
f 105/111/75 132/161/102 131/146/89
f 146/171/4 148/172/95 145/173/95
f 150/174/59 152/175/62 149/176/62
f 146/171/4 152/175/62 147/177/4
f 150/178/59 154/179/76 151/180/59
f 128/150/93 137/181/99 155/182/108
f 132/183/102 136/184/98 133/147/90
f 128/185/93 156/186/109 129/145/88
f 129/187/88 143/188/104 142/168/107
f 158/189/96 160/190/97 157/191/97
f 157/191/97 162/192/8 161/193/8
f 145/173/95 159/194/96 158/189/96
f 153/195/76 162/192/8 154/179/76
f 155/196/8 153/195/76 156/197/76
f 140/198/95 158/189/96 136/199/96
f 137/200/97 161/193/8 155/196/8
f 136/199/96 157/191/97 137/200/97
f 156/197/76 150/178/59 143/201/59
f 144/202/62 146/171/4 139/203/4
f 143/204/59 149/176/62 144/202/62
f 139/203/4 145/173/95 140/198/95
f 120/205/84 164/206/110 163/207/111
f 166/208/112 60/75/85 165/209/113
f 165/210/113 59/142/80 96/211/67
f 123/212/86 67/213/114 167/214/115
f 167/215/115 119/127/96 168/216/116
f 76/217/55 90/97/55 89/218/55
f 76/217/55 164/206/55 77/88/55
f 107/113/55 169/219/55 90/97/55
f 77/88/55 122/129/55 118/126/55
f 67/213/55 78/89/55 119/127/55
f 81/91/55 75/87/55 108/115/55
f 80/220/55 106/114/55 81/91/55
f 66/79/55 75/87/55 78/89/55
f 63/106/15 58/74/15 170/221/15
f 61/76/15 170/221/15 58/74/15
f 54/70/15 53/222/15 56/72/15
f 54/70/15 103/109/15 102/143/15
f 172/223/117 174/224/15 171/225/118
f 176/226/119 178/227/55 175/228/120
f 180/229/121 182/230/55 179/231/122
f 176/232/119 184/233/55 177/234/55
f 180/235/121 186/236/55 181/237/55
f 187/238/123 64/77/83 99/239/69
f 69/240/57 189/241/15 188/242/124
f 183/243/125 191/244/55 184/245/55
f 193/246/126 195/247/15 192/248/127
f 179/249/122 197/250/55 196/251/128
f 193/252/126 199/253/15 194/254/15
f 201/255/129 203/256/55 200/257/130
f 204/258/131 206/259/15 207/260/15
f 208/261/132 210/262/55 211/263/55
f 212/264/133 214/265/15 215/266/15
f 171/267/118 214/268/15 213/269/134
f 185/270/135 217/271/55 186/272/55
f 163/273/111 89/218/4 88/274/63
f 216/275/136 219/276/55 217/277/55
f 196/278/128 221/279/55 220/280/137
f 222/281/138 195/282/15 223/283/15
f 92/284/139 223/285/15 93/286/15
f 201/287/129 221/288/55 202/289/55
f 175/290/120 225/291/55 224/292/140
f 212/293/133 227/294/15 226/295/141
f 205/296/142 227/297/15 206/298/15
f 224/299/140 210/300/55 209/301/143
f 190/302/144 203/303/55 191/304/55
f 208/305/132 219/306/55 218/307/145
f 228/308/146 109/116/8 117/309/79
f 188/310/124 199/311/15 198/312/147
f 70/313/56 207/314/15 71/315/15
f 195/316/148 202/317/59 221/318/148
f 227/319/149 211/320/96 210/321/149
f 194/322/59 203/323/150 202/324/59
f 71/325/8 178/326/151 177/327/8
f 215/328/96 219/329/152 211/320/96
f 94/330/4 182/331/153 181/332/4
f 173/333/154 181/332/4 186/334/154
f 72/335/155 177/327/8 184/336/155
f 189/337/156 184/336/155 191/338/156
f 207/339/151 225/340/157 178/326/151
f 93/341/153 197/342/158 182/331/153
f 221/318/148 223/343/158 195/316/148
f 191/338/156 199/344/150 189/337/156
f 210/321/149 206/345/157 227/319/149
f 217/346/159 214/347/152 174/348/159
f 174/348/159 186/334/154 217/346/159
f 230/349/160 125/134/4 229/350/161
f 232/351/162 80/220/163 231/352/164
f 98/353/71 170/221/96 233/354/165
f 229/355/161 62/78/110 187/356/123
f 168/357/116 118/126/70 121/358/82
f 234/359/166 82/92/167 228/360/146
f 73/361/60 53/222/168 235/362/169
f 95/363/68 102/143/167 101/364/72
f 236/365/170 114/123/59 232/366/162
f 237/367/171 115/122/168 236/368/170
f 238/369/172 55/71/64 230/370/160
f 235/371/169 52/69/173 238/372/172
f 87/373/65 169/219/173 237/374/171
f 231/375/164 79/90/73 234/376/166
f 233/377/165 61/76/114 166/378/112
f 100/379/74 57/73/163 74/380/58
f 172/381/117 88/274/63 91/382/66
f 117/124/79 204/383/131 70/313/56
f 95/104/68 175/228/120 96/102/67
f 88/96/63 92/384/139 91/99/66
f 229/350/161 179/231/122 230/349/160
f 229/355/161 185/385/135 180/235/121
f 117/309/79 69/84/57 228/308/146
f 95/363/68 183/386/125 176/232/119
f 237/367/171 192/387/127 222/281/138
f 238/372/172 220/280/137 235/371/169
f 234/376/166 198/312/147 231/375/164
f 100/379/74 200/388/130 190/302/144
f 123/212/86 226/389/141 205/296/142
f 165/209/113 209/301/143 166/208/112
f 120/130/84 213/269/134 121/128/82
f 99/105/69 218/390/145 216/275/136
f 187/238/123 216/391/136 185/270/135
f 163/207/111 171/225/118 120/205/84
f 233/354/165 218/307/145 98/353/71
f 168/357/116 213/392/134 212/264/133
f 73/361/60 220/393/137 201/287/129
f 232/366/162 192/248/127 236/365/170
f 230/370/160 196/251/128 238/369/172
f 87/373/65 222/394/138 92/284/139
f 233/377/165 209/395/143 208/261/132
f 168/216/116 226/295/141 167/215/115
f 96/211/67 224/292/140 165/210/113
f 116/131/81 205/396/142 204/258/131
f 101/108/72 190/397/144 183/243/125
f 228/360/146 188/242/124 234/359/166
f 73/86/60 200/257/130 74/85/58
f 232/351/162 198/398/147 193/252/126
f 91/382/66 173/399/15 172/381/117
f 240/400/174 242/401/175 239/402/176
f 243/403/177 245/404/178 246/405/179
f 248/406/180 250/407/181 247/408/182
f 251/409/183 253/410/184 254/411/185
f 256/412/186 240/400/174 255/413/187
f 258/414/188 260/415/189 257/416/190
f 255/417/187 246/405/179 256/418/186
f 252/419/191 250/407/181 253/410/184
f 244/420/192 257/416/190 245/404/178
f 261/421/193 263/422/194 264/423/195
f 259/424/196 254/411/185 260/415/189
f 262/425/197 249/426/198 248/406/180
f 239/402/176 266/427/199 265/428/200
f 264/423/195 265/428/200 266/427/199
f 268/429/201 265/428/200 267/430/202
f 270/431/203 242/401/175 269/432/204
f 271/433/205 239/402/176 268/434/201
f 269/435/204 241/436/206 272/437/207
f 273/438/208 243/403/177 255/417/187
f 275/439/209 256/418/186 246/405/179
f 278/440/210 248/406/180 277/441/211
f 280/442/212 261/421/193 279/443/213
f 277/444/211 247/408/182 281/445/214
f 282/446/215 249/426/198 280/447/212
f 283/448/216 251/409/183 259/424/196
f 285/449/217 260/415/189 254/411/185
f 281/450/214 252/419/191 287/451/218
f 288/452/219 250/407/181 282/453/215
f 272/454/207 256/412/186 276/455/220
f 273/456/208 240/400/174 271/457/205
f 284/458/221 252/419/191 251/409/183
f 288/459/219 254/411/185 253/410/184
f 289/460/222 259/424/196 258/414/188
f 286/461/223 257/416/190 260/415/189
f 267/462/202 263/422/194 291/463/224
f 292/464/225 266/427/199 270/465/203
f 274/466/226 244/420/192 243/403/177
f 294/467/227 246/405/179 245/404/178
f 293/468/228 258/414/188 244/420/192
f 290/469/229 245/404/178 257/416/190
f 291/470/224 262/425/197 278/471/210
f 279/472/213 264/423/195 292/473/225
f 296/474/174 298/475/175 295/476/176
f 299/477/177 301/478/178 302/479/179
f 304/480/180 306/481/181 303/482/182
f 307/483/183 309/484/184 310/485/185
f 312/486/186 296/474/174 311/487/187
f 314/488/230 316/489/189 313/490/231
f 311/491/187 302/479/179 312/492/186
f 308/493/191 306/481/181 309/484/184
f 300/494/192 313/490/231 301/478/178
f 317/495/193 319/496/194 320/497/232
f 315/498/196 310/485/185 316/489/189
f 318/499/197 305/500/198 304/480/180
f 295/476/176 322/501/199 321/502/233
f 320/497/232 321/502/233 322/501/199
f 324/503/201 321/502/233 323/504/234
f 326/505/203 298/475/175 325/506/204
f 327/507/205 295/476/176 324/508/201
f 325/509/204 297/510/206 328/511/207
f 329/512/208 299/477/177 311/491/187
f 331/513/209 312/492/186 302/479/179
f 334/514/210 304/480/180 333/515/235
f 336/516/236 317/495/193 335/517/213
f 333/518/235 303/482/182 337/519/214
f 338/520/215 305/500/198 336/521/236
f 339/522/216 307/483/183 315/498/196
f 341/523/237 316/489/189 310/485/185
f 343/524/218 303/482/182 308/493/191
f 344/525/219 306/481/181 338/526/215
f 328/527/207 312/486/186 332/528/220
f 329/529/208 296/474/174 327/530/205
f 340/531/221 308/493/191 307/483/183
f 344/532/219 310/485/185 309/484/184
f 345/533/238 315/498/196 314/488/230
f 342/534/223 313/490/231 316/489/189
f 323/535/234 319/496/194 347/536/239
f 348/537/240 322/501/199 326/538/203
f 330/539/226 300/494/192 299/477/177
f 350/540/227 302/479/179 301/478/178
f 349/541/228 314/488/230 300/494/192
f 346/542/241 301/478/178 313/490/231
f 347/543/239 318/499/197 334/544/210
f 335/545/213 320/497/232 348/546/240
f 352/547/242 354/548/175 351/549/243
f 355/550/244 357/551/178 358/552/245
f 360/553/246 362/554/181 359/555/182
f 363/556/247 365/557/184 366/558/185
f 368/559/186 352/547/242 367/560/248
f 370/561/188 372/562/189 369/563/231
f 367/564/248 358/552/245 368/565/186
f 364/566/191 362/554/181 365/557/184
f 356/567/192 369/563/231 357/551/178
f 373/568/193 375/569/194 376/570/232
f 371/571/249 366/558/185 372/562/189
f 374/572/250 361/573/198 360/553/246
f 351/549/243 378/574/199 377/575/233
f 376/570/232 377/575/233 378/574/199
f 380/576/201 377/575/233 379/577/234
f 382/578/203 354/548/175 381/579/204
f 383/580/251 351/549/243 380/581/201
f 381/582/204 353/583/206 384/584/207
f 385/585/252 355/550/244 367/564/248
f 387/586/209 368/565/186 358/552/245
f 390/587/253 360/553/246 389/588/254
f 392/589/236 373/568/193 391/590/213
f 389/591/254 359/555/182 393/592/255
f 394/593/215 361/573/198 392/594/236
f 395/595/256 363/556/247 371/571/249
f 397/596/217 372/562/189 366/558/185
f 399/597/257 359/555/182 364/566/191
f 400/598/219 362/554/181 394/599/215
f 384/600/207 368/559/186 388/601/220
f 385/602/252 352/547/242 383/603/251
f 396/604/258 364/566/191 363/556/247
f 400/605/219 366/558/185 365/557/184
f 401/606/259 371/571/249 370/561/188
f 398/607/223 369/563/231 372/562/189
f 379/608/234 375/569/194 403/609/260
f 404/610/240 378/574/199 382/611/203
f 386/612/226 356/567/192 355/550/244
f 406/613/227 358/552/245 357/551/178
f 405/614/228 370/561/188 356/567/192
f 402/615/241 357/551/178 369/563/231
f 403/616/260 374/572/250 390/617/253
f 391/618/213 376/570/232 404/619/240
f 408/620/174 410/621/261 407/622/262
f 411/623/263 413/624/264 414/625/265
f 416/626/246 418/627/181 415/628/182
f 419/629/266 421/630/184 422/631/185
f 424/632/186 408/620/174 423/633/187
f 426/634/267 428/635/189 425/636/231
f 423/637/187 414/625/265 424/638/186
f 420/639/191 418/627/181 421/630/184
f 412/640/268 425/636/231 413/624/264
f 429/641/193 431/642/269 432/643/232
f 427/644/249 422/631/185 428/635/189
f 430/645/250 417/646/198 416/626/246
f 407/622/262 434/647/270 433/648/271
f 432/643/232 433/648/271 434/647/270
f 436/649/272 433/648/271 435/650/273
f 438/651/274 410/621/261 437/652/204
f 439/653/205 407/622/262 436/654/272
f 437/655/204 409/656/206 440/657/207
f 441/658/208 411/623/263 423/637/187
f 443/659/209 424/638/186 414/625/265
f 446/660/275 416/626/246 445/661/254
f 448/662/236 429/641/193 447/663/213
f 445/664/254 415/628/182 449/665/276
f 450/666/215 417/646/198 448/667/236
f 451/668/277 419/629/266 427/644/249
f 453/669/237 428/635/189 422/631/185
f 449/670/276 420/639/191 455/671/278
f 456/672/219 418/627/181 450/673/215
f 444/674/220 409/656/206 424/632/186
f 441/675/208 408/620/174 439/676/205
f 452/677/279 420/639/191 419/629/266
f 456/678/219 422/631/185 421/630/184
f 457/679/259 427/644/249 426/634/267
f 454/680/223 425/636/231 428/635/189
f 435/681/273 431/642/269 459/682/280
f 460/683/281 434/647/270 438/684/274
f 442/685/282 412/640/268 411/623/263
f 462/686/283 414/625/265 413/624/264
f 461/687/284 426/634/267 412/640/268
f 458/688/285 413/624/264 425/636/231
f 459/689/280 430/645/250 446/690/275
f 447/691/213 432/643/232 460/692/281
f 464/693/174 466/694/286 463/695/176
f 467/696/177 469/697/264 470/698/265
f 472/699/246 474/700/181 471/701/182
f 475/702/266 477/703/184 478/704/185
f 480/705/287 464/693/174 479/706/187
f 482/707/267 484/708/288 481/709/231
f 479/710/187 470/698/265 480/711/287
f 476/712/191 474/700/181 477/703/184
f 468/713/289 481/709/231 469/697/264
f 485/714/290 487/715/269 488/716/232
f 483/717/249 478/704/185 484/708/288
f 486/718/250 473/719/198 472/699/246
f 463/695/176 490/720/270 489/721/291
f 488/716/232 489/721/291 490/720/270
f 492/722/201 489/721/291 491/723/292
f 494/724/293 466/694/286 493/725/204
f 495/726/205 463/695/176 492/727/201
f 493/728/204 465/729/294 496/730/295
f 497/731/208 467/696/177 479/710/187
f 499/732/209 480/711/287 470/698/265
f 502/733/296 472/699/246 501/734/254
f 504/735/212 485/714/290 503/736/297
f 501/737/254 471/701/182 505/738/214
f 506/739/215 473/719/198 504/740/212
f 507/741/256 475/702/266 483/717/249
f 509/742/217 484/708/288 478/704/185
f 511/743/218 471/701/182 476/712/191
f 512/744/219 474/700/181 506/745/215
f 496/746/295 480/705/287 500/747/298
f 497/748/208 464/693/174 495/749/205
f 508/750/299 476/712/191 475/702/266
f 512/751/219 478/704/185 477/703/184
f 513/752/259 483/717/249 482/707/267
f 510/753/300 481/709/231 484/708/288
f 491/754/292 487/715/269 515/755/301
f 516/756/302 490/720/270 494/757/293
f 498/758/226 468/713/289 467/696/177
f 518/759/303 470/698/265 469/697/264
f 517/760/304 482/707/267 468/713/289
f 514/761/305 469/697/264 481/709/231
f 515/762/301 486/718/250 502/763/296
f 503/764/297 488/716/232 516/765/302
f 520/766/306 522/767/307 519/768/308
f 523/769/309 525/770/310 526/771/311
f 526/771/311 528/772/312 529/773/313
f 531/774/314 533/775/315 530/776/316
f 534/777/317 536/778/318 537/779/319
f 534/777/317 539/780/320 540/781/321
f 520/766/306 524/782/322 523/783/309
f 538/784/323 537/785/319 542/786/324
f 535/787/325 544/788/326 536/789/318
f 546/790/327 548/791/328 545/792/329
f 527/793/330 525/794/310 549/795/331
f 543/796/332 549/797/331 544/798/326
f 550/799/333 547/800/334 546/790/327
f 539/780/320 553/801/335 540/781/321
f 554/802/336 520/766/306 523/783/309
f 554/802/336 556/803/337 521/804/338
f 543/796/332 558/805/339 557/806/340
f 520/766/306 559/807/341 541/808/342
f 533/775/315 560/809/343 561/810/344
f 538/784/323 562/811/345 530/776/316
f 563/812/346 560/813/343 532/814/347
f 523/769/309 529/773/313 554/815/336
f 528/772/312 565/816/348 566/817/349
f 533/775/315 552/818/350 539/780/320
f 538/784/323 533/775/315 539/780/320
f 568/819/351 570/820/352 567/821/353
f 527/793/330 557/806/340 528/772/312
f 529/773/313 566/822/349 571/823/354
f 563/812/346 546/790/327 567/821/353
f 530/776/316 572/824/355 531/774/314
f 521/804/338 573/825/356 522/767/307
f 535/787/325 540/781/321 558/805/339
f 557/806/340 574/826/357 565/827/348
f 550/799/333 532/814/347 531/774/314
f 558/805/339 553/828/335 574/829/357
f 519/768/308 568/819/351 545/792/329
f 554/815/336 571/830/354 555/831/358
f 545/792/329 559/832/341 519/768/308
f 567/821/353 545/792/329 568/819/351
f 567/821/353 564/833/359 563/812/346
f 531/774/314 551/834/360 550/799/333
f 522/767/307 569/835/361 568/819/351
f 576/836/306 578/837/362 575/838/308
f 579/839/309 581/840/363 582/841/311
f 582/841/311 584/842/312 585/843/364
f 587/844/365 589/845/315 586/846/366
f 590/847/367 592/848/368 593/849/369
f 590/847/367 595/850/320 596/851/321
f 576/836/306 580/852/322 579/853/309
f 594/854/323 593/855/369 598/856/370
f 591/857/371 600/858/326 592/859/368
f 602/860/372 604/861/373 601/862/374
f 583/863/375 581/864/363 605/865/376
f 599/866/377 605/867/376 600/868/326
f 606/869/378 603/870/334 602/860/372
f 595/850/320 609/871/379 596/851/321
f 610/872/336 576/836/306 579/853/309
f 610/872/336 612/873/337 577/874/338
f 599/866/377 614/875/380 613/876/381
f 576/836/306 615/877/382 597/878/342
f 589/845/315 616/879/383 617/880/384
f 594/854/323 618/881/385 586/846/366
f 619/882/386 616/883/383 588/884/347
f 579/839/309 585/843/364 610/885/336
f 584/842/312 621/886/348 622/887/387
f 595/850/320 617/888/384 608/889/388
f 594/854/323 589/845/315 595/850/320
f 624/890/351 626/891/352 623/892/389
f 583/863/375 613/876/381 584/842/312
f 585/843/364 622/893/387 627/894/354
f 619/882/386 602/860/372 623/892/389
f 586/846/366 628/895/355 587/844/365
f 577/874/338 629/896/390 578/837/362
f 591/857/371 596/851/321 614/875/380
f 613/876/381 630/897/391 621/898/348
f 606/869/378 588/884/347 587/844/365
f 614/875/380 609/899/379 630/900/391
f 575/838/308 624/890/351 601/862/374
f 610/885/336 627/901/354 611/902/358
f 601/862/374 615/903/382 575/838/308
f 623/892/389 601/862/374 624/890/351
f 623/892/389 620/904/392 619/882/386
f 587/844/365 607/905/393 606/869/378
f 578/837/362 625/906/394 624/890/351
f 632/907/306 634/908/395 631/909/308
f 635/910/309 637/911/396 638/912/311
f 638/912/311 640/913/312 641/914/397
f 643/915/314 645/916/315 642/917/366
f 646/918/317 648/919/318 649/920/319
f 646/918/317 651/921/320 652/922/321
f 632/907/306 636/923/322 635/924/309
f 650/925/398 649/926/319 654/927/370
f 647/928/325 656/929/326 648/930/318
f 658/931/327 660/932/328 657/933/329
f 639/934/330 637/935/396 661/936/331
f 655/937/332 661/938/331 656/939/326
f 662/940/333 659/941/334 658/931/327
f 651/921/320 665/942/335 652/922/321
f 666/943/399 632/907/306 635/924/309
f 666/943/399 668/944/400 633/945/401
f 655/937/332 670/946/339 669/947/340
f 632/907/306 671/948/402 653/949/342
f 645/916/315 672/950/343 673/951/344
f 650/925/398 674/952/345 642/917/366
f 675/953/346 672/954/343 644/955/347
f 635/910/309 641/914/397 666/956/399
f 640/913/312 677/957/348 678/958/387
f 645/916/315 664/959/350 651/921/320
f 650/925/398 645/916/315 651/921/320
f 680/960/351 682/961/352 679/962/353
f 639/934/330 669/947/340 640/913/312
f 641/914/397 678/963/387 683/964/403
f 675/953/346 658/931/327 679/962/353
f 642/917/366 684/965/355 643/915/314
f 633/945/401 685/966/404 634/908/395
f 647/928/325 652/922/321 670/946/339
f 669/947/340 686/967/405 677/968/348
f 662/940/333 644/955/347 643/915/314
f 670/946/339 665/969/335 686/970/405
f 631/909/308 680/960/351 657/933/329
f 666/956/399 683/971/403 667/972/406
f 657/933/329 671/973/402 631/909/308
f 679/962/353 657/933/329 680/960/351
f 679/962/353 676/974/359 675/953/346
f 643/915/314 663/975/360 662/940/333
f 634/908/395 681/976/394 680/960/351
f 688/977/306 690/978/407 687/979/308
f 691/980/309 693/981/363 694/982/311
f 694/982/311 696/983/408 697/984/409
f 699/985/410 701/986/315 698/987/411
f 702/988/412 704/989/413 705/990/414
f 702/988/412 707/991/320 708/992/321
f 688/977/306 692/993/322 691/994/309
f 706/995/415 705/996/414 710/997/416
f 703/998/371 712/999/326 704/1000/413
f 714/1001/372 716/1002/373 713/1003/374
f 695/1004/375 693/1005/363 717/1006/376
f 711/1007/377 717/1008/376 712/1009/326
f 718/1010/378 715/1011/334 714/1001/372
f 707/991/320 721/1012/379 708/992/321
f 722/1013/336 688/977/306 691/994/309
f 722/1013/336 724/1014/337 689/1015/338
f 711/1007/377 726/1016/380 725/1017/340
f 688/977/306 727/1018/382 709/1019/342
f 701/986/315 728/1020/383 729/1021/344
f 706/995/415 730/1022/417 698/987/411
f 731/1023/386 728/1024/383 700/1025/347
f 691/980/309 697/984/409 722/1026/336
f 696/983/408 733/1027/418 734/1028/419
f 701/986/315 720/1029/350 707/991/320
f 706/995/415 701/986/315 707/991/320
f 736/1030/420 738/1031/421 735/1032/353
f 695/1004/375 725/1017/340 696/983/408
f 697/984/409 734/1033/419 739/1034/354
f 731/1023/386 714/1001/372 735/1032/353
f 698/987/411 740/1035/422 699/985/410
f 689/1015/338 741/1036/390 690/978/407
f 703/998/371 708/992/321 726/1016/380
f 725/1017/340 742/1037/391 733/1038/418
f 718/1010/378 700/1025/347 699/985/410
f 726/1016/380 721/1039/379 742/1040/391
f 687/979/308 736/1030/420 713/1003/374
f 722/1026/336 739/1041/354 723/1042/358
f 713/1003/374 727/1043/382 687/979/308
f 735/1032/353 713/1003/374 736/1030/420
f 735/1032/353 732/1044/392 731/1023/386
f 699/985/410 719/1045/423 718/1010/378
f 690/978/407 737/1046/424 736/1030/420
f 744/1047/306 746/1048/362 743/1049/308
f 747/1050/309 749/1051/363 750/1052/311
f 750/1052/311 752/1053/312 753/1054/364
f 755/1055/365 757/1056/315 754/1057/366
f 758/1058/425 760/1059/368 761/1060/426
f 758/1058/425 763/1061/320 764/1062/321
f 744/1047/306 748/1063/322 747/1064/309
f 762/1065/323 761/1066/426 766/1067/324
f 759/1068/371 768/1069/326 760/1070/368
f 770/1071/372 772/1072/373 769/1073/374
f 751/1074/375 749/1075/363 773/1076/376
f 767/1077/377 773/1078/376 768/1079/326
f 774/1080/378 771/1081/334 770/1071/372
f 763/1061/320 777/1082/335 764/1062/321
f 747/1064/309 745/1083/338 744/1047/306
f 778/1084/336 780/1085/337 745/1083/338
f 767/1077/377 782/1086/380 781/1087/381
f 744/1047/306 783/1088/382 765/1089/342
f 757/1056/315 784/1090/383 785/1091/344
f 762/1065/323 786/1092/427 754/1057/366
f 787/1093/386 784/1094/383 756/1095/347
f 747/1050/309 753/1054/364 778/1096/336
f 752/1053/312 789/1097/348 790/1098/428
f 763/1061/320 785/1099/344 776/1100/350
f 762/1065/323 757/1056/315 763/1061/320
f 792/1101/429 794/1102/352 791/1103/389
f 751/1074/375 781/1087/381 752/1053/312
f 753/1054/364 790/1104/428 795/1105/354
f 787/1093/386 770/1071/372 791/1103/389
f 754/1057/366 796/1106/355 755/1055/365
f 745/1083/338 797/1107/390 746/1048/362
f 759/1068/371 764/1062/321 782/1086/380
f 781/1087/381 798/1108/391 789/1109/348
f 774/1080/378 756/1095/347 755/1055/365
f 782/1086/380 777/1110/335 798/1111/391
f 743/1049/308 792/1101/429 769/1073/374
f 778/1096/336 795/1112/354 779/1113/358
f 769/1073/374 783/1114/382 743/1049/308
f 791/1103/389 769/1073/374 792/1101/429
f 791/1103/389 788/1115/392 787/1093/386
f 755/1055/365 775/1116/430 774/1080/378
f 746/1048/362 793/1117/394 792/1101/429
f 800/1118/306 802/1119/407 799/1120/308
f 803/1121/309 805/1122/363 806/1123/311
f 806/1123/311 808/1124/408 809/1125/364
f 811/1126/410 813/1127/315 810/1128/431
f 814/1129/412 816/1130/413 817/1131/319
f 814/1129/412 819/1132/320 820/1133/321
f 800/1118/306 804/1134/322 803/1135/309
f 818/1136/432 817/1137/319 822/1138/370
f 815/1139/371 824/1140/326 816/1141/413
f 826/1142/372 828/1143/373 825/1144/374
f 807/1145/375 805/1146/363 829/1147/376
f 823/1148/377 829/1149/376 824/1150/326
f 830/1151/378 827/1152/334 826/1142/372
f 819/1132/320 833/1153/379 820/1133/321
f 834/1154/336 800/1118/306 803/1135/309
f 834/1154/336 836/1155/337 801/1156/338
f 823/1148/377 838/1157/380 837/1158/340
f 800/1118/306 839/1159/382 821/1160/342
f 813/1127/315 840/1161/433 841/1162/344
f 818/1136/432 842/1163/345 810/1128/431
f 843/1164/386 840/1165/433 812/1166/347
f 803/1121/309 809/1125/364 834/1167/336
f 808/1124/408 845/1168/418 846/1169/419
f 819/1132/320 841/1170/344 832/1171/350
f 819/1132/320 810/1128/431 813/1127/315
f 848/1172/420 850/1173/421 847/1174/353
f 807/1145/375 837/1158/340 808/1124/408
f 809/1125/364 846/1175/419 851/1176/354
f 843/1164/386 826/1142/372 847/1174/353
f 810/1128/431 852/1177/355 811/1126/410
f 801/1156/338 853/1178/390 802/1119/407
f 815/1139/371 820/1133/321 838/1157/380
f 837/1158/340 854/1179/391 845/1180/418
f 830/1151/378 812/1166/347 811/1126/410
f 838/1157/380 833/1181/379 854/1182/391
f 799/1120/308 848/1172/420 825/1144/374
f 834/1167/336 851/1183/354 835/1184/358
f 825/1144/374 839/1185/382 799/1120/308
f 847/1174/353 825/1144/374 848/1172/420
f 847/1174/353 844/1186/392 843/1164/386
f 811/1126/410 831/1187/423 830/1151/378
f 802/1119/407 849/1188/424 848/1172/420
f 856/1189/306 858/1190/307 855/1191/308
f 859/1192/309 861/1193/396 862/1194/311
f 862/1194/311 864/1195/434 865/1196/313
f 867/1197/314 869/1198/315 866/1199/366
f 870/1200/317 872/1201/318 873/1202/319
f 870/1200/317 875/1203/320 876/1204/321
f 856/1189/306 860/1205/322 859/1206/309
f 874/1207/323 873/1208/319 878/1209/370
f 871/1210/325 880/1211/326 872/1212/318
f 882/1213/327 884/1214/435 881/1215/329
f 863/1216/330 861/1217/396 885/1218/436
f 879/1219/332 885/1220/436 880/1221/326
f 886/1222/333 883/1223/334 882/1213/327
f 875/1203/320 889/1224/335 876/1204/321
f 890/1225/336 856/1189/306 859/1206/309
f 890/1225/336 892/1226/337 857/1227/338
f 879/1219/332 894/1228/339 893/1229/340
f 856/1189/306 895/1230/341 877/1231/342
f 869/1198/315 896/1232/343 897/1233/344
f 874/1207/323 898/1234/437 866/1199/366
f 899/1235/346 896/1236/343 868/1237/347
f 859/1192/309 865/1196/313 890/1238/336
f 864/1195/434 901/1239/348 902/1240/349
f 869/1198/315 888/1241/438 875/1203/320
f 874/1207/323 869/1198/315 875/1203/320
f 904/1242/351 906/1243/352 903/1244/353
f 863/1216/330 893/1229/340 864/1195/434
f 865/1196/313 902/1245/349 907/1246/354
f 899/1235/346 882/1213/327 903/1244/353
f 866/1199/366 908/1247/355 867/1197/314
f 857/1227/338 909/1248/439 858/1190/307
f 871/1210/325 876/1204/321 894/1228/339
f 893/1229/340 910/1249/357 901/1250/348
f 886/1222/333 868/1237/347 867/1197/314
f 894/1228/339 889/1251/335 910/1252/357
f 855/1191/308 904/1242/351 881/1215/329
f 890/1238/336 907/1253/354 891/1254/358
f 881/1215/329 895/1255/341 855/1191/308
f 903/1244/353 881/1215/329 904/1242/351
f 903/1244/353 900/1256/359 899/1235/346
f 867/1197/314 887/1257/360 886/1222/333
f 858/1190/307 905/1258/440 904/1242/351
f 912/1259/306 914/1260/407 911/1261/441
f 915/1262/309 917/1263/442 918/1264/443
f 918/1264/443 920/1265/444 921/1266/409
f 923/1267/410 925/1268/315 922/1269/366
f 926/1270/412 928/1271/413 929/1272/445
f 926/1270/412 931/1273/320 932/1274/321
f 912/1259/306 916/1275/322 915/1276/309
f 930/1277/323 929/1278/445 934/1279/370
f 927/1280/371 936/1281/326 928/1282/413
f 938/1283/372 940/1284/328 937/1285/329
f 919/1286/330 917/1287/442 941/1288/331
f 935/1289/377 941/1290/331 936/1291/326
f 942/1292/378 939/1293/334 938/1283/372
f 931/1273/320 945/1294/379 932/1274/321
f 946/1295/336 912/1259/306 915/1276/309
f 946/1295/336 948/1296/337 913/1297/338
f 935/1289/377 950/1298/380 949/1299/446
f 912/1259/306 951/1300/447 933/1301/342
f 925/1268/315 952/1302/383 953/1303/344
f 930/1277/323 954/1304/345 922/1269/366
f 955/1305/386 952/1306/383 924/1307/347
f 915/1262/309 921/1266/409 946/1308/336
f 920/1265/444 957/1309/448 958/1310/449
f 925/1268/315 944/1311/438 931/1273/320
f 930/1277/323 925/1268/315 931/1273/320
f 960/1312/450 962/1313/421 959/1314/451
f 919/1286/330 949/1299/446 920/1265/444
f 921/1266/409 958/1315/449 963/1316/354
f 955/1305/386 938/1283/372 959/1314/451
f 922/1269/366 964/1317/452 923/1267/410
f 913/1297/338 965/1318/390 914/1260/407
f 927/1280/371 932/1274/321 950/1298/380
f 949/1299/446 966/1319/453 957/1320/448
f 942/1292/378 924/1307/347 923/1267/410
f 950/1298/380 945/1321/379 966/1322/453
f 911/1261/441 960/1312/450 937/1285/329
f 946/1308/336 963/1323/354 947/1324/358
f 937/1285/329 951/1325/447 911/1261/441
f 959/1314/451 937/1285/329 960/1312/450
f 959/1314/451 956/1326/454 955/1305/386
f 923/1267/410 943/1327/423 942/1292/378
f 914/1260/407 961/1328/455 960/1312/450
f 968/1329/306 970/1330/362 967/1331/308
f 971/1332/309 973/1333/363 974/1334/311
f 974/1334/311 976/1335/408 977/1336/409
f 979/1337/410 981/1338/315 978/1339/431
f 982/1340/412 984/1341/413 985/1342/319
f 982/1340/412 987/1343/320 988/1344/321
f 968/1329/306 972/1345/322 971/1346/309
f 986/1347/432 985/1348/319 990/1349/324
f 983/1350/371 992/1351/326 984/1352/413
f 994/1353/372 996/1354/373 993/1355/374
f 975/1356/375 973/1357/363 997/1358/376
f 991/1359/377 997/1360/376 992/1361/326
f 998/1362/378 995/1363/334 994/1353/372
f 987/1343/320 1001/1364/335 988/1344/321
f 1002/1365/336 968/1329/306 971/1346/309
f 1002/1365/336 1004/1366/337 969/1367/338
f 991/1359/377 1006/1368/380 1005/1369/340
f 968/1329/306 1007/1370/382 989/1371/342
f 981/1338/315 1008/1372/343 1009/1373/344
f 986/1347/432 1010/1374/385 978/1339/431
f 1011/1375/386 1008/1376/343 980/1377/347
f 971/1332/309 977/1336/409 1002/1378/336
f 976/1335/408 1013/1379/418 1014/1380/419
f 981/1338/315 1000/1381/350 987/1343/320
f 986/1347/432 981/1338/315 987/1343/320
f 1016/1382/420 1018/1383/421 1015/1384/353
f 975/1356/375 1005/1369/340 976/1335/408
f 977/1336/409 1014/1385/419 1019/1386/354
f 1011/1375/386 994/1353/372 1015/1384/353
f 978/1339/431 1020/1387/456 979/1337/410
f 969/1367/338 1021/1388/390 970/1330/362
f 983/1350/371 988/1344/321 1006/1368/380
f 1005/1369/340 1022/1389/391 1013/1390/418
f 998/1362/378 980/1377/347 979/1337/410
f 1006/1368/380 1001/1391/335 1022/1392/391
f 967/1331/308 1016/1382/420 993/1355/374
f 1002/1378/336 1019/1393/354 1003/1394/358
f 993/1355/374 1007/1395/382 967/1331/308
f 1015/1384/353 993/1355/374 1016/1382/420
f 1015/1384/353 1012/1396/392 1011/1375/386
f 979/1337/410 999/1397/423 998/1362/378
f 970/1330/362 1017/1398/424 1016/1382/420
f 1024/1399/306 1026/1400/362 1023/1401/441
f 1027/1402/309 1029/1403/442 1030/1404/443
f 1030/1404/443 1032/1405/444 1033/1406/364
f 1035/1407/410 1037/1408/315 1034/1409/366
f 1038/1410/412 1040/1411/413 1041/1412/457
f 1038/1410/412 1043/1413/320 1044/1414/321
f 1024/1399/306 1028/1415/322 1027/1416/309
f 1042/1417/398 1041/1418/457 1046/1419/458
f 1039/1420/371 1048/1421/326 1040/1422/413
f 1050/1423/372 1052/1424/459 1049/1425/460
f 1031/1426/330 1029/1427/442 1053/1428/331
f 1047/1429/377 1053/1430/331 1048/1431/326
f 1054/1432/378 1051/1433/334 1050/1423/372
f 1043/1413/320 1057/1434/379 1044/1414/321
f 1058/1435/336 1024/1399/306 1027/1416/309
f 1058/1435/336 1060/1436/337 1025/1437/338
f 1047/1429/377 1062/1438/380 1061/1439/461
f 1024/1399/306 1063/1440/447 1045/1441/342
f 1037/1408/315 1064/1442/383 1065/1443/344
f 1042/1417/398 1066/1444/345 1034/1409/366
f 1067/1445/386 1064/1446/383 1036/1447/347
f 1027/1402/309 1033/1406/364 1058/1448/336
f 1032/1405/444 1069/1449/448 1070/1450/449
f 1037/1408/315 1056/1451/350 1043/1413/320
f 1042/1417/398 1037/1408/315 1043/1413/320
f 1072/1452/450 1074/1453/462 1071/1454/451
f 1031/1426/330 1061/1439/461 1032/1405/444
f 1033/1406/364 1070/1455/449 1075/1456/463
f 1067/1445/386 1050/1423/372 1071/1454/451
f 1034/1409/366 1076/1457/464 1035/1407/410
f 1025/1437/338 1077/1458/390 1026/1400/362
f 1039/1420/371 1044/1414/321 1062/1438/380
f 1061/1439/461 1078/1459/453 1069/1460/448
f 1054/1432/378 1036/1447/347 1035/1407/410
f 1062/1438/380 1057/1461/379 1078/1462/453
f 1023/1401/441 1072/1452/450 1049/1425/460
f 1058/1448/336 1075/1463/463 1059/1464/358
f 1049/1425/460 1063/1465/447 1023/1401/441
f 1071/1454/451 1049/1425/460 1072/1452/450
f 1071/1454/451 1068/1466/454 1067/1445/386
f 1035/1407/410 1055/1467/423 1054/1432/378
f 1026/1400/362 1073/1468/455 1072/1452/450
f 1080/1469/306 1082/1470/407 1079/1471/308
f 1083/1472/309 1085/1473/363 1086/1474/311
f 1086/1474/311 1088/1475/408 1089/1476/409
f 1091/1477/410 1093/1478/315 1090/1479/431
f 1094/1480/465 1096/1481/413 1097/1482/319
f 1094/1480/465 1099/1483/320 1100/1484/321
f 1080/1469/306 1084/1485/322 1083/1486/309
f 1098/1487/432 1097/1488/319 1102/1489/370
f 1095/1490/371 1104/1491/326 1096/1492/413
f 1106/1493/372 1108/1494/373 1105/1495/374
f 1087/1496/375 1085/1497/363 1109/1498/376
f 1103/1499/377 1109/1500/376 1104/1501/326
f 1110/1502/378 1107/1503/334 1106/1493/372
f 1099/1483/320 1113/1504/335 1100/1484/321
f 1114/1505/336 1080/1469/306 1083/1486/309
f 1114/1505/336 1116/1506/337 1081/1507/338
f 1103/1499/377 1118/1508/380 1117/1509/340
f 1080/1469/306 1119/1510/382 1101/1511/342
f 1093/1478/315 1120/1512/343 1121/1513/344
f 1098/1487/432 1122/1514/345 1090/1479/431
f 1123/1515/386 1120/1516/343 1092/1517/347
f 1083/1472/309 1089/1476/409 1114/1518/336
f 1088/1475/408 1125/1519/418 1126/1520/419
f 1093/1478/315 1112/1521/350 1099/1483/320
f 1098/1487/432 1093/1478/315 1099/1483/320
f 1128/1522/420 1130/1523/421 1127/1524/353
f 1087/1496/375 1117/1509/340 1088/1475/408
f 1089/1476/409 1126/1525/419 1131/1526/354
f 1123/1515/386 1106/1493/372 1127/1524/353
f 1090/1479/431 1132/1527/456 1091/1477/410
f 1081/1507/338 1133/1528/390 1082/1470/407
f 1095/1490/371 1100/1484/321 1118/1508/380
f 1117/1509/340 1134/1529/391 1125/1530/418
f 1110/1502/378 1092/1517/347 1091/1477/410
f 1118/1508/380 1113/1531/335 1134/1532/391
f 1079/1471/308 1128/1522/420 1105/1495/374
f 1114/1518/336 1131/1533/354 1115/1534/358
f 1105/1495/374 1119/1535/382 1079/1471/308
f 1127/1524/353 1105/1495/374 1128/1522/420
f 1127/1524/353 1124/1536/392 1123/1515/386
f 1091/1477/410 1111/1537/423 1110/1502/378
f 1082/1470/407 1129/1538/424 1128/1522/420
f 1136/1539/466 1138/1540/467 1135/1541/468
f 1140/1542/469 1142/1543/470 1139/1544/471
f 1143/1545/472 1145/1546/473 1146/1547/474
f 1148/1548/55 1150/1549/55 1147/1550/55
f 1154/1551/475 1156/1552/476 1153/1553/477
f 1158/1554/478 1160/1555/479 1157/1556/480
f 1162/1557/481 1164/1558/482 1161/1559/483
f 1140/1542/55 1167/1560/55 1165/1561/55
f 1166/1562/55 1169/1563/55 1167/1560/55
f 1168/1564/55 1171/1565/55 1169/1563/55
f 1170/1566/55 1147/1550/55 1171/1565/55
f 1173/1567/484 1175/1568/485 1172/1569/486
f 1146/1547/487 1177/1570/488 1172/1569/487
f 1176/1571/488 1179/1572/15 1177/1570/488
f 1178/1573/15 1181/1574/489 1179/1572/15
f 1180/1575/489 1182/1576/490 1181/1574/489
f 1184/1577/491 1186/1578/492 1183/1579/493
f 1187/1580/494 1167/1560/495 1188/1581/496
f 1188/1582/496 1169/1563/4 1189/1583/4
f 1169/1563/4 1190/1584/497 1189/1585/4
f 1171/1565/498 1191/1586/499 1190/1587/497
f 1151/1588/500 1193/1589/501 1192/1590/502
f 1184/1591/503 1170/1566/504 1194/1592/505
f 1194/1593/505 1168/1564/8 1195/1594/8
f 1168/1564/8 1196/1595/506 1195/1596/8
f 1166/1562/507 1139/1597/471 1196/1598/506
f 1145/1546/508 1197/1599/509 1198/1600/510
f 1195/1594/511 1200/1601/512 1194/1593/513
f 1158/1554/514 1202/1602/515 1159/1603/516
f 1195/1596/511 1203/1604/517 1199/1605/15
f 1204/1606/518 1206/1607/519 1173/1608/520
f 1196/1598/521 1207/1609/522 1203/1610/517
f 1208/1611/523 1205/1612/524 1204/1613/518
f 1187/1614/525 1212/1615/526 1210/1616/527
f 1208/1617/523 1214/1618/528 1209/1619/55
f 1139/1544/529 1215/1620/530 1207/1621/522
f 1213/1622/531 1217/1623/532 1214/1624/528
f 1173/1567/520 1218/1625/533 1174/1626/534
f 1219/1627/535 1221/1628/536 1222/1629/537
f 1164/1558/538 1224/1630/539 1161/1559/540
f 1163/1631/55 1140/1542/55 1165/1561/55
f 1157/1556/541 1146/1547/487 1172/1569/487
f 1147/1550/542 1226/1632/543 1191/1633/499
f 1183/1579/544 1148/1548/545 1184/1577/503
f 1210/1616/546 1165/1561/547 1187/1614/494
f 1146/1547/474 1227/1634/548 1176/1571/549
f 1176/1571/549 1228/1635/4 1178/1573/4
f 1228/1636/4 1180/1575/550 1178/1573/4
f 1229/1637/551 1135/1541/468 1180/1575/550
f 1135/1541/490 1153/1553/552 1182/1576/490
f 1182/1576/553 1213/1622/554 1181/1574/555
f 1181/1574/555 1208/1617/8 1179/1572/8
f 1208/1611/8 1177/1570/556 1179/1572/8
f 1204/1606/557 1172/1569/486 1177/1570/556
f 1203/1638/558 1206/1639/559 1205/1640/560
f 1199/1641/8 1205/1640/560 1209/1642/8
f 1214/1643/561 1199/1641/8 1209/1642/8
f 1217/1644/562 1200/1645/563 1214/1643/561
f 1197/1646/564 1211/1647/565 1198/1648/566
f 1232/1649/567 1234/1650/568 1231/1651/569
f 1236/1652/4 1231/1651/569 1235/1653/4
f 1237/1654/570 1236/1652/4 1235/1653/4
f 1198/1648/566 1238/1655/571 1237/1654/570
f 1201/1656/572 1223/1657/573 1202/1658/574
f 1239/1659/575 1185/1660/576 1217/1644/562
f 1207/1661/577 1218/1662/578 1206/1639/559
f 1233/1663/579 1241/1664/580 1234/1650/568
f 1194/1592/513 1185/1665/581 1184/1591/491
f 1155/1666/582 1219/1667/583 1222/1668/584
f 1193/1589/585 1220/1669/586 1192/1590/587
f 1216/1670/588 1239/1671/589 1217/1672/532
f 1190/1587/590 1233/1673/591 1232/1674/592
f 1136/1539/593 1241/1675/594 1137/1676/595
f 1189/1585/596 1232/1677/592 1236/1678/15
f 1227/1634/597 1198/1679/510 1237/1680/598
f 1189/1583/596 1238/1681/599 1188/1582/600
f 1228/1635/601 1237/1682/598 1235/1683/55
f 1188/1581/600 1211/1684/602 1187/1580/525
f 1228/1636/601 1231/1685/603 1229/1686/604
f 1191/1633/605 1240/1687/606 1233/1688/591
f 1229/1637/604 1234/1689/607 1136/1690/593
f 1193/1691/501 1149/1692/608 1183/1693/544
f 1157/1556/480 1174/1694/609 1158/1695/478
f 1144/1696/610 1160/1555/479 1159/1697/611
f 1153/1553/477 1137/1698/612 1154/1699/475
f 1161/1700/483 1141/1701/613 1162/1557/481
f 1225/1702/614 1164/1703/482 1163/1631/615
f 1192/1704/502 1152/1705/616 1151/1588/500
f 1142/1706/617 1224/1707/539 1215/1708/530
f 1210/1709/527 1223/1710/618 1164/1703/538
f 1222/1711/584 1242/1712/619 1155/1713/582
f 1226/1714/620 1220/1715/586 1240/1716/606
f 1183/1693/493 1221/1717/621 1193/1691/585
f 1156/1552/476 1242/1712/622 1230/1718/623
f 1222/1629/537 1186/1719/624 1239/1659/575
f 1201/1656/572 1215/1720/625 1224/1721/626
f 1212/1722/627 1202/1723/574 1223/1724/573
f 1219/1627/535 1240/1725/628 1220/1726/629
f 1201/1727/630 1174/1694/534 1218/1728/533
f 1144/1696/631 1202/1729/515 1197/1730/509
f 1219/1731/583 1137/1698/595 1241/1732/594
f 1230/1718/623 1216/1670/632 1182/1576/553
f 1/1/1 2/61/41 3/2/2
f 5/4/4 6/56/4 7/5/4
f 10/7/5 2/60/39 1/8/6
f 11/10/8 12/57/8 13/11/8
f 16/13/9 17/63/44 18/14/10
f 18/16/12 17/64/45 19/17/13
f 25/22/15 26/39/15 27/23/15
f 21/19/15 28/1733/15 29/25/15
f 24/26/16 27/43/16 31/27/16
f 22/29/17 29/51/17 33/30/17
f 28/32/18 21/54/18 35/33/18
f 26/35/19 25/47/19 37/36/19
f 36/37/19 37/36/19 14/12/20
f 39/40/22 34/34/18 35/33/18
f 32/31/17 33/30/17 8/6/24
f 40/41/26 30/28/16 31/27/16
f 41/42/28 31/27/28 27/43/28
f 36/37/29 41/67/29 38/45/29
f 43/46/8 37/36/8 25/47/8
f 32/31/30 44/68/30 23/49/30
f 46/50/4 33/30/4 29/51/4
f 44/53/31 35/33/31 21/54/31
f 6/56/32 47/59/633 10/7/33
f 12/57/35 49/66/53 3/2/36
f 47/59/38 50/1734/634 2/60/39
f 48/58/40 3/2/2 2/61/41
f 48/58/43 50/62/635 17/63/44
f 17/64/45 50/1734/636 47/59/46
f 16/13/47 13/11/54 12/57/48
f 19/17/50 47/59/637 6/56/51
f 30/28/4 46/50/4 45/52/4
f 34/34/8 43/46/8 42/48/8
f 49/66/8 12/57/8 11/10/8
f 51/65/4 6/56/4 5/4/4
f 40/41/4 5/4/4 46/50/4
f 39/40/8 11/10/8 43/46/8
f 51/65/52 40/41/26 20/18/27
f 9/9/25 8/6/24 7/5/34
f 49/66/53 39/40/22 4/3/23
f 15/15/21 14/12/20 13/11/54
f 41/42/28 18/16/12 20/18/14
f 15/15/11 18/14/10 41/67/29
f 43/46/8 11/10/8 14/12/8
f 9/9/7 1/8/6 44/68/30
f 46/50/4 5/4/4 8/6/4
f 44/53/31 1/1/1 4/3/3
f 52/69/15 53/222/15 54/70/15
f 58/74/15 59/142/15 60/75/15
f 58/74/15 63/106/15 64/77/15
f 66/79/55 67/213/55 68/80/55
f 70/82/56 71/1735/15 72/83/15
f 74/85/58 57/73/163 56/72/59
f 75/87/55 76/217/55 77/88/55
f 79/90/55 80/220/55 81/91/55
f 84/93/59 85/1736/77 86/94/61
f 88/96/63 89/218/4 90/97/64
f 91/99/66 92/384/139 93/100/15
f 96/102/67 59/142/80 97/103/8
f 99/105/69 64/77/83 63/106/70
f 101/108/72 102/143/167 103/109/73
f 83/95/62 86/94/61 105/111/75
f 107/113/55 76/217/55 75/87/55
f 82/92/55 81/91/55 108/115/55
f 110/117/76 111/121/78 85/118/77
f 112/120/8 113/144/87 111/121/78
f 115/122/55 107/113/55 106/114/55
f 108/115/55 66/79/55 65/81/55
f 117/124/79 109/116/8 65/81/80
f 78/89/55 77/88/55 118/126/55
f 121/128/82 118/126/70 122/129/83
f 116/131/81 65/81/80 68/80/85
f 124/133/15 62/78/15 125/134/15
f 110/136/15 102/143/15 97/103/15
f 84/138/15 83/140/15 55/71/15
f 126/139/15 58/74/15 62/78/15
f 83/140/15 104/135/15 125/134/15
f 127/141/15 112/137/15 97/103/15
f 84/138/15 54/70/15 102/143/15
f 126/139/15 127/141/15 59/142/15
f 113/144/87 128/185/93 129/145/88
f 131/146/89 132/183/102 133/147/90
f 113/144/87 134/151/94 135/149/92
f 134/151/94 130/148/91 133/152/90
f 104/112/4 105/111/75 131/146/89
f 126/155/96 130/148/91 134/151/94
f 127/156/97 134/151/94 113/144/87
f 124/154/95 131/146/89 130/148/91
f 135/153/92 133/152/90 136/157/98
f 138/159/100 139/1737/106 140/160/101
f 141/162/103 142/170/107 143/163/104
f 138/165/100 141/169/103 144/166/105
f 111/121/78 129/187/88 142/168/107
f 105/111/75 86/94/61 141/169/103
f 86/94/61 85/1736/77 142/170/107
f 105/111/75 138/159/100 132/161/102
f 146/171/4 147/177/4 148/172/95
f 150/174/59 151/1738/59 152/175/62
f 146/171/4 149/176/62 152/175/62
f 150/178/59 153/195/76 154/179/76
f 128/150/93 135/149/92 137/181/99
f 132/183/102 140/1739/101 136/184/98
f 128/185/93 155/1740/108 156/186/109
f 129/187/88 156/1741/109 143/188/104
f 158/189/96 159/194/96 160/190/97
f 157/191/97 160/190/97 162/192/8
f 145/173/95 148/172/95 159/194/96
f 153/195/76 161/193/8 162/192/8
f 155/196/8 161/193/8 153/195/76
f 140/198/95 145/173/95 158/189/96
f 137/200/97 157/191/97 161/193/8
f 136/199/96 158/189/96 157/191/97
f 156/197/76 153/195/76 150/178/59
f 144/202/62 149/176/62 146/171/4
f 143/204/59 150/174/59 149/176/62
f 139/203/4 146/171/4 145/173/95
f 120/205/84 122/129/83 164/206/110
f 166/208/112 61/76/114 60/75/85
f 165/210/113 60/75/85 59/142/80
f 123/212/86 68/80/85 67/213/114
f 167/215/115 67/213/114 119/127/96
f 76/217/55 107/113/55 90/97/55
f 76/217/55 89/218/55 164/206/55
f 107/113/55 115/122/55 169/219/55
f 77/88/55 164/206/55 122/129/55
f 67/213/55 66/79/55 78/89/55
f 81/91/55 106/114/55 75/87/55
f 80/220/55 114/123/55 106/114/55
f 66/79/55 108/115/55 75/87/55
f 54/70/15 57/73/15 103/109/15
f 172/223/117 173/1742/15 174/224/15
f 176/226/119 177/1743/55 178/227/55
f 180/229/121 181/1744/55 182/230/55
f 176/232/119 183/386/125 184/233/55
f 180/235/121 185/385/135 186/236/55
f 187/238/123 62/78/110 64/77/83
f 69/240/57 72/1745/15 189/241/15
f 183/243/125 190/397/144 191/244/55
f 193/246/126 194/1746/15 195/247/15
f 179/249/122 182/1747/55 197/250/55
f 193/252/126 198/398/147 199/253/15
f 201/255/129 202/1748/55 203/256/55
f 204/258/131 205/396/142 206/259/15
f 208/261/132 209/395/143 210/262/55
f 212/264/133 213/392/134 214/265/15
f 171/267/118 174/1749/15 214/268/15
f 185/270/135 216/391/136 217/271/55
f 163/273/111 164/206/110 89/218/4
f 216/275/136 218/390/145 219/276/55
f 196/278/128 197/1750/55 221/279/55
f 222/281/138 192/387/127 195/282/15
f 92/284/139 222/394/138 223/285/15
f 201/287/129 220/393/137 221/288/55
f 175/290/120 178/1751/55 225/291/55
f 212/293/133 215/1752/15 227/294/15
f 205/296/142 226/389/141 227/297/15
f 224/299/140 225/1753/55 210/300/55
f 190/302/144 200/388/130 203/303/55
f 208/305/132 211/1754/55 219/306/55
f 228/308/146 82/92/167 109/116/8
f 188/310/124 189/1755/15 199/311/15
f 70/313/56 204/383/131 207/314/15
f 195/316/148 194/1756/59 202/317/59
f 227/319/149 215/328/96 211/320/96
f 194/322/59 199/344/150 203/323/150
f 71/325/8 207/339/151 178/326/151
f 215/328/96 214/347/152 219/329/152
f 94/330/4 93/341/153 182/331/153
f 173/333/154 94/330/4 181/332/4
f 72/335/155 71/325/8 177/327/8
f 189/337/156 72/335/155 184/336/155
f 207/339/151 206/345/157 225/340/157
f 93/341/153 223/343/158 197/342/158
f 221/318/148 197/342/158 223/343/158
f 191/338/156 203/323/150 199/344/150
f 210/321/149 225/340/157 206/345/157
f 217/346/159 219/329/152 214/347/152
f 174/348/159 173/333/154 186/334/154
f 230/349/160 55/71/64 125/134/4
f 232/351/162 114/123/59 80/220/163
f 98/353/71 63/106/70 170/221/96
f 229/355/161 125/134/4 62/78/110
f 168/357/116 119/127/96 118/126/70
f 234/359/166 79/90/73 82/92/167
f 73/361/60 56/72/59 53/222/168
f 95/363/68 97/103/8 102/143/167
f 236/365/170 115/122/168 114/123/59
f 237/367/171 169/219/173 115/122/168
f 238/369/172 52/69/173 55/71/64
f 235/371/169 53/222/168 52/69/173
f 87/373/65 90/97/64 169/219/173
f 231/375/164 80/220/163 79/90/73
f 233/377/165 170/221/96 61/76/114
f 100/379/74 103/109/73 57/73/163
f 172/381/117 163/273/111 88/274/63
f 117/124/79 116/125/81 204/383/131
f 95/104/68 176/226/119 175/228/120
f 88/96/63 87/98/65 92/384/139
f 229/350/161 180/229/121 179/231/122
f 229/355/161 187/356/123 185/385/135
f 117/309/79 70/82/56 69/84/57
f 95/363/68 101/364/72 183/386/125
f 237/367/171 236/368/170 192/387/127
f 238/372/172 196/278/128 220/280/137
f 234/376/166 188/310/124 198/312/147
f 100/379/74 74/380/58 200/388/130
f 123/212/86 167/214/115 226/389/141
f 165/209/113 224/299/140 209/301/143
f 120/130/84 171/267/118 213/269/134
f 99/105/69 98/107/71 218/390/145
f 187/238/123 99/239/69 216/391/136
f 163/207/111 172/223/117 171/225/118
f 233/354/165 208/305/132 218/307/145
f 168/357/116 121/358/82 213/392/134
f 73/361/60 235/362/169 220/393/137
f 232/366/162 193/246/126 192/248/127
f 230/370/160 179/249/122 196/251/128
f 87/373/65 237/374/171 222/394/138
f 233/377/165 166/378/112 209/395/143
f 168/216/116 212/293/133 226/295/141
f 96/211/67 175/290/120 224/292/140
f 116/131/81 123/132/86 205/396/142
f 101/108/72 100/110/74 190/397/144
f 228/360/146 69/240/57 188/242/124
f 73/86/60 201/255/129 200/257/130
f 232/351/162 231/352/164 198/398/147
f 91/382/66 94/1757/15 173/399/15
f 240/400/174 241/436/206 242/401/175
f 243/403/177 244/420/192 245/404/178
f 248/406/180 249/426/198 250/407/181
f 251/409/183 252/419/191 253/410/184
f 256/412/186 241/436/206 240/400/174
f 258/414/188 259/424/196 260/415/189
f 255/417/187 243/403/177 246/405/179
f 252/419/191 247/408/182 250/407/181
f 244/420/192 258/414/188 257/416/190
f 261/421/193 262/425/197 263/422/194
f 259/424/196 251/409/183 254/411/185
f 262/425/197 261/421/193 249/426/198
f 239/402/176 242/401/175 266/427/199
f 264/423/195 263/422/194 265/428/200
f 268/429/201 239/402/176 265/428/200
f 270/431/203 266/427/199 242/401/175
f 271/433/205 240/400/174 239/402/176
f 269/435/204 242/401/175 241/436/206
f 273/438/208 274/1758/226 243/403/177
f 275/439/209 276/1759/220 256/418/186
f 278/440/210 262/425/197 248/406/180
f 280/442/212 249/426/198 261/421/193
f 277/444/211 248/406/180 247/408/182
f 282/446/215 250/407/181 249/426/198
f 283/448/216 284/1760/221 251/409/183
f 285/449/217 286/1761/223 260/415/189
f 281/450/214 247/408/182 252/419/191
f 288/452/219 253/410/184 250/407/181
f 272/454/207 241/436/206 256/412/186
f 273/456/208 255/413/187 240/400/174
f 284/458/221 287/1762/218 252/419/191
f 288/459/219 285/1763/217 254/411/185
f 289/460/222 283/1764/216 259/424/196
f 286/461/223 290/1765/229 257/416/190
f 267/462/202 265/428/200 263/422/194
f 292/464/225 264/423/195 266/427/199
f 274/466/226 293/1766/228 244/420/192
f 294/467/227 275/1767/209 246/405/179
f 293/468/228 289/1768/222 258/414/188
f 290/469/229 294/1769/227 245/404/178
f 291/470/224 263/422/194 262/425/197
f 279/472/213 261/421/193 264/423/195
f 296/474/174 297/510/206 298/475/175
f 299/477/177 300/494/192 301/478/178
f 304/480/180 305/500/198 306/481/181
f 307/483/183 308/493/191 309/484/184
f 312/486/186 297/510/206 296/474/174
f 314/488/230 315/498/196 316/489/189
f 311/491/187 299/477/177 302/479/179
f 308/493/191 303/482/182 306/481/181
f 300/494/192 314/488/230 313/490/231
f 317/495/193 318/499/197 319/496/194
f 315/498/196 307/483/183 310/485/185
f 318/499/197 317/495/193 305/500/198
f 295/476/176 298/475/175 322/501/199
f 320/497/232 319/496/194 321/502/233
f 324/503/201 295/476/176 321/502/233
f 326/505/203 322/501/199 298/475/175
f 327/507/205 296/474/174 295/476/176
f 325/509/204 298/475/175 297/510/206
f 329/512/208 330/1770/226 299/477/177
f 331/513/209 332/1771/220 312/492/186
f 334/514/210 318/499/197 304/480/180
f 336/516/236 305/500/198 317/495/193
f 333/518/235 304/480/180 303/482/182
f 338/520/215 306/481/181 305/500/198
f 339/522/216 340/1772/221 307/483/183
f 341/523/237 342/1773/223 316/489/189
f 343/524/218 337/1774/214 303/482/182
f 344/525/219 309/484/184 306/481/181
f 328/527/207 297/510/206 312/486/186
f 329/529/208 311/487/187 296/474/174
f 340/531/221 343/1775/218 308/493/191
f 344/532/219 341/1776/237 310/485/185
f 345/533/238 339/1777/216 315/498/196
f 342/534/223 346/1778/241 313/490/231
f 323/535/234 321/502/233 319/496/194
f 348/537/240 320/497/232 322/501/199
f 330/539/226 349/1779/228 300/494/192
f 350/540/227 331/1780/209 302/479/179
f 349/541/228 345/1781/238 314/488/230
f 346/542/241 350/1782/227 301/478/178
f 347/543/239 319/496/194 318/499/197
f 335/545/213 317/495/193 320/497/232
f 352/547/242 353/583/206 354/548/175
f 355/550/244 356/567/192 357/551/178
f 360/553/246 361/573/198 362/554/181
f 363/556/247 364/566/191 365/557/184
f 368/559/186 353/583/206 352/547/242
f 370/561/188 371/571/249 372/562/189
f 367/564/248 355/550/244 358/552/245
f 364/566/191 359/555/182 362/554/181
f 356/567/192 370/561/188 369/563/231
f 373/568/193 374/572/250 375/569/194
f 371/571/249 363/556/247 366/558/185
f 374/572/250 373/568/193 361/573/198
f 351/549/243 354/548/175 378/574/199
f 376/570/232 375/569/194 377/575/233
f 380/576/201 351/549/243 377/575/233
f 382/578/203 378/574/199 354/548/175
f 383/580/251 352/547/242 351/549/243
f 381/582/204 354/548/175 353/583/206
f 385/585/252 386/1783/226 355/550/244
f 387/586/209 388/1784/220 368/565/186
f 390/587/253 374/572/250 360/553/246
f 392/589/236 361/573/198 373/568/193
f 389/591/254 360/553/246 359/555/182
f 394/593/215 362/554/181 361/573/198
f 395/595/256 396/1785/258 363/556/247
f 397/596/217 398/1786/223 372/562/189
f 399/597/257 393/1787/255 359/555/182
f 400/598/219 365/557/184 362/554/181
f 384/600/207 353/583/206 368/559/186
f 385/602/252 367/560/248 352/547/242
f 396/604/258 399/1788/257 364/566/191
f 400/605/219 397/1789/217 366/558/185
f 401/606/259 395/1790/256 371/571/249
f 398/607/223 402/1791/241 369/563/231
f 379/608/234 377/575/233 375/569/194
f 404/610/240 376/570/232 378/574/199
f 386/612/226 405/1792/228 356/567/192
f 406/613/227 387/1793/209 358/552/245
f 405/614/228 401/1794/259 370/561/188
f 402/615/241 406/1795/227 357/551/178
f 403/616/260 375/569/194 374/572/250
f 391/618/213 373/568/193 376/570/232
f 408/620/174 409/656/206 410/621/261
f 411/623/263 412/640/268 413/624/264
f 416/626/246 417/646/198 418/627/181
f 419/629/266 420/639/191 421/630/184
f 424/632/186 409/656/206 408/620/174
f 426/634/267 427/644/249 428/635/189
f 423/637/187 411/623/263 414/625/265
f 420/639/191 415/628/182 418/627/181
f 412/640/268 426/634/267 425/636/231
f 429/641/193 430/645/250 431/642/269
f 427/644/249 419/629/266 422/631/185
f 430/645/250 429/641/193 417/646/198
f 407/622/262 410/621/261 434/647/270
f 432/643/232 431/642/269 433/648/271
f 436/649/272 407/622/262 433/648/271
f 438/651/274 434/647/270 410/621/261
f 439/653/205 408/620/174 407/622/262
f 437/655/204 410/621/261 409/656/206
f 441/658/208 442/1796/282 411/623/263
f 443/659/209 444/1797/220 424/638/186
f 446/660/275 430/645/250 416/626/246
f 448/662/236 417/646/198 429/641/193
f 445/664/254 416/626/246 415/628/182
f 450/666/215 418/627/181 417/646/198
f 451/668/277 452/1798/279 419/629/266
f 453/669/237 454/1799/223 428/635/189
f 449/670/276 415/628/182 420/639/191
f 456/672/219 421/630/184 418/627/181
f 444/674/220 440/1800/207 409/656/206
f 441/675/208 423/633/187 408/620/174
f 452/677/279 455/1801/278 420/639/191
f 456/678/219 453/1802/237 422/631/185
f 457/679/259 451/1803/277 427/644/249
f 454/680/223 458/1804/285 425/636/231
f 435/681/273 433/648/271 431/642/269
f 460/683/281 432/643/232 434/647/270
f 442/685/282 461/1805/284 412/640/268
f 462/686/283 443/1806/209 414/625/265
f 461/687/284 457/1807/259 426/634/267
f 458/688/285 462/1808/283 413/624/264
f 459/689/280 431/642/269 430/645/250
f 447/691/213 429/641/193 432/643/232
f 464/693/174 465/729/294 466/694/286
f 467/696/177 468/713/289 469/697/264
f 472/699/246 473/719/198 474/700/181
f 475/702/266 476/712/191 477/703/184
f 480/705/287 465/729/294 464/693/174
f 482/707/267 483/717/249 484/708/288
f 479/710/187 467/696/177 470/698/265
f 476/712/191 471/701/182 474/700/181
f 468/713/289 482/707/267 481/709/231
f 485/714/290 486/718/250 487/715/269
f 483/717/249 475/702/266 478/704/185
f 486/718/250 485/714/290 473/719/198
f 463/695/176 466/694/286 490/720/270
f 488/716/232 487/715/269 489/721/291
f 492/722/201 463/695/176 489/721/291
f 494/724/293 490/720/270 466/694/286
f 495/726/205 464/693/174 463/695/176
f 493/728/204 466/694/286 465/729/294
f 497/731/208 498/1809/226 467/696/177
f 499/732/209 500/1810/298 480/711/287
f 502/733/296 486/718/250 472/699/246
f 504/735/212 473/719/198 485/714/290
f 501/737/254 472/699/246 471/701/182
f 506/739/215 474/700/181 473/719/198
f 507/741/256 508/1811/299 475/702/266
f 509/742/217 510/1812/300 484/708/288
f 511/743/218 505/1813/214 471/701/182
f 512/744/219 477/703/184 474/700/181
f 496/746/295 465/729/294 480/705/287
f 497/748/208 479/706/187 464/693/174
f 508/750/299 511/1814/218 476/712/191
f 512/751/219 509/1815/217 478/704/185
f 513/752/259 507/1816/256 483/717/249
f 510/753/300 514/1817/305 481/709/231
f 491/754/292 489/721/291 487/715/269
f 516/756/302 488/716/232 490/720/270
f 498/758/226 517/1818/304 468/713/289
f 518/759/303 499/1819/209 470/698/265
f 517/760/304 513/1820/259 482/707/267
f 514/761/305 518/1821/303 469/697/264
f 515/762/301 487/715/269 486/718/250
f 503/764/297 485/714/290 488/716/232
f 520/766/306 521/804/338 522/767/307
f 523/769/309 524/1822/322 525/770/310
f 526/771/311 527/793/330 528/772/312
f 531/774/314 532/814/347 533/775/315
f 534/777/317 535/787/325 536/778/318
f 534/777/317 538/784/323 539/780/320
f 520/766/306 541/1823/342 524/782/322
f 538/784/323 534/777/317 537/785/319
f 535/787/325 543/796/332 544/788/326
f 546/790/327 547/1824/334 548/791/328
f 527/793/330 526/771/311 525/794/310
f 543/796/332 527/793/330 549/797/331
f 550/799/333 551/1825/360 547/800/334
f 539/780/320 552/1826/350 553/801/335
f 554/802/336 521/804/338 520/766/306
f 554/802/336 555/1827/358 556/803/337
f 543/796/332 535/787/325 558/805/339
f 520/766/306 519/768/308 559/807/341
f 533/775/315 532/814/347 560/809/343
f 538/784/323 542/1828/324 562/811/345
f 563/812/346 564/1829/359 560/813/343
f 523/769/309 526/771/311 529/773/313
f 528/772/312 557/806/340 565/816/348
f 533/775/315 561/1830/344 552/818/350
f 538/784/323 530/776/316 533/775/315
f 568/819/351 569/1831/361 570/820/352
f 527/793/330 543/796/332 557/806/340
f 529/773/313 528/772/312 566/822/349
f 563/812/346 550/799/333 546/790/327
f 530/776/316 562/1832/345 572/824/355
f 521/804/338 556/1833/337 573/825/356
f 535/787/325 534/777/317 540/781/321
f 557/806/340 558/805/339 574/826/357
f 550/799/333 563/812/346 532/814/347
f 558/805/339 540/781/321 553/828/335
f 519/768/308 522/767/307 568/819/351
f 554/815/336 529/773/313 571/830/354
f 545/792/329 548/1834/328 559/832/341
f 567/821/353 546/790/327 545/792/329
f 567/821/353 570/1835/352 564/833/359
f 531/774/314 572/1836/355 551/834/360
f 522/767/307 573/1837/356 569/835/361
f 576/836/306 577/874/338 578/837/362
f 579/839/309 580/1838/322 581/840/363
f 582/841/311 583/863/375 584/842/312
f 587/844/365 588/884/347 589/845/315
f 590/847/367 591/857/371 592/848/368
f 590/847/367 594/854/323 595/850/320
f 576/836/306 597/1839/342 580/852/322
f 594/854/323 590/847/367 593/855/369
f 591/857/371 599/866/377 600/858/326
f 602/860/372 603/1840/334 604/861/373
f 583/863/375 582/841/311 581/864/363
f 599/866/377 583/863/375 605/867/376
f 606/869/378 607/1841/393 603/870/334
f 595/850/320 608/1842/388 609/871/379
f 610/872/336 577/874/338 576/836/306
f 610/872/336 611/1843/358 612/873/337
f 599/866/377 591/857/371 614/875/380
f 576/836/306 575/838/308 615/877/382
f 589/845/315 588/884/347 616/879/383
f 594/854/323 598/1844/370 618/881/385
f 619/882/386 620/1845/392 616/883/383
f 579/839/309 582/841/311 585/843/364
f 584/842/312 613/876/381 621/886/348
f 595/850/320 589/845/315 617/888/384
f 594/854/323 586/846/366 589/845/315
f 624/890/351 625/1846/394 626/891/352
f 583/863/375 599/866/377 613/876/381
f 585/843/364 584/842/312 622/893/387
f 619/882/386 606/869/378 602/860/372
f 586/846/366 618/1847/385 628/895/355
f 577/874/338 612/1848/337 629/896/390
f 591/857/371 590/847/367 596/851/321
f 613/876/381 614/875/380 630/897/391
f 606/869/378 619/882/386 588/884/347
f 614/875/380 596/851/321 609/899/379
f 575/838/308 578/837/362 624/890/351
f 610/885/336 585/843/364 627/901/354
f 601/862/374 604/1849/373 615/903/382
f 623/892/389 602/860/372 601/862/374
f 623/892/389 626/1850/352 620/904/392
f 587/844/365 628/1851/355 607/905/393
f 578/837/362 629/1852/390 625/906/394
f 632/907/306 633/945/401 634/908/395
f 635/910/309 636/1853/322 637/911/396
f 638/912/311 639/934/330 640/913/312
f 643/915/314 644/955/347 645/916/315
f 646/918/317 647/928/325 648/919/318
f 646/918/317 650/925/398 651/921/320
f 632/907/306 653/1854/342 636/923/322
f 650/925/398 646/918/317 649/926/319
f 647/928/325 655/937/332 656/929/326
f 658/931/327 659/1855/334 660/932/328
f 639/934/330 638/912/311 637/935/396
f 655/937/332 639/934/330 661/938/331
f 662/940/333 663/1856/360 659/941/334
f 651/921/320 664/1857/350 665/942/335
f 666/943/399 633/945/401 632/907/306
f 666/943/399 667/1858/406 668/944/400
f 655/937/332 647/928/325 670/946/339
f 632/907/306 631/909/308 671/948/402
f 645/916/315 644/955/347 672/950/343
f 650/925/398 654/1859/370 674/952/345
f 675/953/346 676/1860/359 672/954/343
f 635/910/309 638/912/311 641/914/397
f 640/913/312 669/947/340 677/957/348
f 645/916/315 673/1861/344 664/959/350
f 650/925/398 642/917/366 645/916/315
f 680/960/351 681/1862/394 682/961/352
f 639/934/330 655/937/332 669/947/340
f 641/914/397 640/913/312 678/963/387
f 675/953/346 662/940/333 658/931/327
f 642/917/366 674/1863/345 684/965/355
f 633/945/401 668/1864/400 685/966/404
f 647/928/325 646/918/317 652/922/321
f 669/947/340 670/946/339 686/967/405
f 662/940/333 675/953/346 644/955/347
f 670/946/339 652/922/321 665/969/335
f 631/909/308 634/908/395 680/960/351
f 666/956/399 641/914/397 683/971/403
f 657/933/329 660/1865/328 671/973/402
f 679/962/353 658/931/327 657/933/329
f 679/962/353 682/1866/352 676/974/359
f 643/915/314 684/1867/355 663/975/360
f 634/908/395 685/1868/404 681/976/394
f 688/977/306 689/1015/338 690/978/407
f 691/980/309 692/1869/322 693/981/363
f 694/982/311 695/1004/375 696/983/408
f 699/985/410 700/1025/347 701/986/315
f 702/988/412 703/998/371 704/989/413
f 702/988/412 706/995/415 707/991/320
f 688/977/306 709/1870/342 692/993/322
f 706/995/415 702/988/412 705/996/414
f 703/998/371 711/1007/377 712/999/326
f 714/1001/372 715/1871/334 716/1002/373
f 695/1004/375 694/982/311 693/1005/363
f 711/1007/377 695/1004/375 717/1008/376
f 718/1010/378 719/1872/423 715/1011/334
f 707/991/320 720/1873/350 721/1012/379
f 722/1013/336 689/1015/338 688/977/306
f 722/1013/336 723/1874/358 724/1014/337
f 711/1007/377 703/998/371 726/1016/380
f 688/977/306 687/979/308 727/1018/382
f 701/986/315 700/1025/347 728/1020/383
f 706/995/415 710/1875/416 730/1022/417
f 731/1023/386 732/1876/392 728/1024/383
f 691/980/309 694/982/311 697/984/409
f 696/983/408 725/1017/340 733/1027/418
f 701/986/315 729/1877/344 720/1029/350
f 706/995/415 698/987/411 701/986/315
f 736/1030/420 737/1878/424 738/1031/421
f 695/1004/375 711/1007/377 725/1017/340
f 697/984/409 696/983/408 734/1033/419
f 731/1023/386 718/1010/378 714/1001/372
f 698/987/411 730/1879/417 740/1035/422
f 689/1015/338 724/1880/337 741/1036/390
f 703/998/371 702/988/412 708/992/321
f 725/1017/340 726/1016/380 742/1037/391
f 718/1010/378 731/1023/386 700/1025/347
f 726/1016/380 708/992/321 721/1039/379
f 687/979/308 690/978/407 736/1030/420
f 722/1026/336 697/984/409 739/1041/354
f 713/1003/374 716/1881/373 727/1043/382
f 735/1032/353 714/1001/372 713/1003/374
f 735/1032/353 738/1882/421 732/1044/392
f 699/985/410 740/1883/422 719/1045/423
f 690/978/407 741/1884/390 737/1046/424
f 744/1047/306 745/1083/338 746/1048/362
f 747/1050/309 748/1885/322 749/1051/363
f 750/1052/311 751/1074/375 752/1053/312
f 755/1055/365 756/1095/347 757/1056/315
f 758/1058/425 759/1068/371 760/1059/368
f 758/1058/425 762/1065/323 763/1061/320
f 744/1047/306 765/1886/342 748/1063/322
f 762/1065/323 758/1058/425 761/1066/426
f 759/1068/371 767/1077/377 768/1069/326
f 770/1071/372 771/1887/334 772/1072/373
f 751/1074/375 750/1052/311 749/1075/363
f 767/1077/377 751/1074/375 773/1078/376
f 774/1080/378 775/1888/430 771/1081/334
f 763/1061/320 776/1889/350 777/1082/335
f 747/1064/309 778/1084/336 745/1083/338
f 778/1084/336 779/1890/358 780/1085/337
f 767/1077/377 759/1068/371 782/1086/380
f 744/1047/306 743/1049/308 783/1088/382
f 757/1056/315 756/1095/347 784/1090/383
f 762/1065/323 766/1891/324 786/1092/427
f 787/1093/386 788/1892/392 784/1094/383
f 747/1050/309 750/1052/311 753/1054/364
f 752/1053/312 781/1087/381 789/1097/348
f 763/1061/320 757/1056/315 785/1099/344
f 762/1065/323 754/1057/366 757/1056/315
f 792/1101/429 793/1893/394 794/1102/352
f 751/1074/375 767/1077/377 781/1087/381
f 753/1054/364 752/1053/312 790/1104/428
f 787/1093/386 774/1080/378 770/1071/372
f 754/1057/366 786/1894/427 796/1106/355
f 745/1083/338 780/1895/337 797/1107/390
f 759/1068/371 758/1058/425 764/1062/321
f 781/1087/381 782/1086/380 798/1108/391
f 774/1080/378 787/1093/386 756/1095/347
f 782/1086/380 764/1062/321 777/1110/335
f 743/1049/308 746/1048/362 792/1101/429
f 778/1096/336 753/1054/364 795/1112/354
f 769/1073/374 772/1896/373 783/1114/382
f 791/1103/389 770/1071/372 769/1073/374
f 791/1103/389 794/1897/352 788/1115/392
f 755/1055/365 796/1898/355 775/1116/430
f 746/1048/362 797/1899/390 793/1117/394
f 800/1118/306 801/1156/338 802/1119/407
f 803/1121/309 804/1900/322 805/1122/363
f 806/1123/311 807/1145/375 808/1124/408
f 811/1126/410 812/1166/347 813/1127/315
f 814/1129/412 815/1139/371 816/1130/413
f 814/1129/412 818/1136/432 819/1132/320
f 800/1118/306 821/1901/342 804/1134/322
f 818/1136/432 814/1129/412 817/1137/319
f 815/1139/371 823/1148/377 824/1140/326
f 826/1142/372 827/1902/334 828/1143/373
f 807/1145/375 806/1123/311 805/1146/363
f 823/1148/377 807/1145/375 829/1149/376
f 830/1151/378 831/1903/423 827/1152/334
f 819/1132/320 832/1904/350 833/1153/379
f 834/1154/336 801/1156/338 800/1118/306
f 834/1154/336 835/1905/358 836/1155/337
f 823/1148/377 815/1139/371 838/1157/380
f 800/1118/306 799/1120/308 839/1159/382
f 813/1127/315 812/1166/347 840/1161/433
f 818/1136/432 822/1906/370 842/1163/345
f 843/1164/386 844/1907/392 840/1165/433
f 803/1121/309 806/1123/311 809/1125/364
f 808/1124/408 837/1158/340 845/1168/418
f 819/1132/320 813/1127/315 841/1170/344
f 819/1132/320 818/1136/432 810/1128/431
f 848/1172/420 849/1908/424 850/1173/421
f 807/1145/375 823/1148/377 837/1158/340
f 809/1125/364 808/1124/408 846/1175/419
f 843/1164/386 830/1151/378 826/1142/372
f 810/1128/431 842/1909/345 852/1177/355
f 801/1156/338 836/1910/337 853/1178/390
f 815/1139/371 814/1129/412 820/1133/321
f 837/1158/340 838/1157/380 854/1179/391
f 830/1151/378 843/1164/386 812/1166/347
f 838/1157/380 820/1133/321 833/1181/379
f 799/1120/308 802/1119/407 848/1172/420
f 834/1167/336 809/1125/364 851/1183/354
f 825/1144/374 828/1911/373 839/1185/382
f 847/1174/353 826/1142/372 825/1144/374
f 847/1174/353 850/1912/421 844/1186/392
f 811/1126/410 852/1913/355 831/1187/423
f 802/1119/407 853/1914/390 849/1188/424
f 856/1189/306 857/1227/338 858/1190/307
f 859/1192/309 860/1915/322 861/1193/396
f 862/1194/311 863/1216/330 864/1195/434
f 867/1197/314 868/1237/347 869/1198/315
f 870/1200/317 871/1210/325 872/1201/318
f 870/1200/317 874/1207/323 875/1203/320
f 856/1189/306 877/1916/342 860/1205/322
f 874/1207/323 870/1200/317 873/1208/319
f 871/1210/325 879/1219/332 880/1211/326
f 882/1213/327 883/1917/334 884/1214/435
f 863/1216/330 862/1194/311 861/1217/396
f 879/1219/332 863/1216/330 885/1220/436
f 886/1222/333 887/1918/360 883/1223/334
f 875/1203/320 888/1919/438 889/1224/335
f 890/1225/336 857/1227/338 856/1189/306
f 890/1225/336 891/1920/358 892/1226/337
f 879/1219/332 871/1210/325 894/1228/339
f 856/1189/306 855/1191/308 895/1230/341
f 869/1198/315 868/1237/347 896/1232/343
f 874/1207/323 878/1921/370 898/1234/437
f 899/1235/346 900/1922/359 896/1236/343
f 859/1192/309 862/1194/311 865/1196/313
f 864/1195/434 893/1229/340 901/1239/348
f 869/1198/315 897/1923/344 888/1241/438
f 874/1207/323 866/1199/366 869/1198/315
f 904/1242/351 905/1924/440 906/1243/352
f 863/1216/330 879/1219/332 893/1229/340
f 865/1196/313 864/1195/434 902/1245/349
f 899/1235/346 886/1222/333 882/1213/327
f 866/1199/366 898/1925/437 908/1247/355
f 857/1227/338 892/1926/337 909/1248/439
f 871/1210/325 870/1200/317 876/1204/321
f 893/1229/340 894/1228/339 910/1249/357
f 886/1222/333 899/1235/346 868/1237/347
f 894/1228/339 876/1204/321 889/1251/335
f 855/1191/308 858/1190/307 904/1242/351
f 890/1238/336 865/1196/313 907/1253/354
f 881/1215/329 884/1927/435 895/1255/341
f 903/1244/353 882/1213/327 881/1215/329
f 903/1244/353 906/1928/352 900/1256/359
f 867/1197/314 908/1929/355 887/1257/360
f 858/1190/307 909/1930/439 905/1258/440
f 912/1259/306 913/1297/338 914/1260/407
f 915/1262/309 916/1931/322 917/1263/442
f 918/1264/443 919/1286/330 920/1265/444
f 923/1267/410 924/1307/347 925/1268/315
f 926/1270/412 927/1280/371 928/1271/413
f 926/1270/412 930/1277/323 931/1273/320
f 912/1259/306 933/1932/342 916/1275/322
f 930/1277/323 926/1270/412 929/1278/445
f 927/1280/371 935/1289/377 936/1281/326
f 938/1283/372 939/1933/334 940/1284/328
f 919/1286/330 918/1264/443 917/1287/442
f 935/1289/377 919/1286/330 941/1290/331
f 942/1292/378 943/1934/423 939/1293/334
f 931/1273/320 944/1935/438 945/1294/379
f 946/1295/336 913/1297/338 912/1259/306
f 946/1295/336 947/1936/358 948/1296/337
f 935/1289/377 927/1280/371 950/1298/380
f 912/1259/306 911/1261/441 951/1300/447
f 925/1268/315 924/1307/347 952/1302/383
f 930/1277/323 934/1937/370 954/1304/345
f 955/1305/386 956/1938/454 952/1306/383
f 915/1262/309 918/1264/443 921/1266/409
f 920/1265/444 949/1299/446 957/1309/448
f 925/1268/315 953/1939/344 944/1311/438
f 930/1277/323 922/1269/366 925/1268/315
f 960/1312/450 961/1940/455 962/1313/421
f 919/1286/330 935/1289/377 949/1299/446
f 921/1266/409 920/1265/444 958/1315/449
f 955/1305/386 942/1292/378 938/1283/372
f 922/1269/366 954/1941/345 964/1317/452
f 913/1297/338 948/1942/337 965/1318/390
f 927/1280/371 926/1270/412 932/1274/321
f 949/1299/446 950/1298/380 966/1319/453
f 942/1292/378 955/1305/386 924/1307/347
f 950/1298/380 932/1274/321 945/1321/379
f 911/1261/441 914/1260/407 960/1312/450
f 946/1308/336 921/1266/409 963/1323/354
f 937/1285/329 940/1943/328 951/1325/447
f 959/1314/451 938/1283/372 937/1285/329
f 959/1314/451 962/1944/421 956/1326/454
f 923/1267/410 964/1945/452 943/1327/423
f 914/1260/407 965/1946/390 961/1328/455
f 968/1329/306 969/1367/338 970/1330/362
f 971/1332/309 972/1947/322 973/1333/363
f 974/1334/311 975/1356/375 976/1335/408
f 979/1337/410 980/1377/347 981/1338/315
f 982/1340/412 983/1350/371 984/1341/413
f 982/1340/412 986/1347/432 987/1343/320
f 968/1329/306 989/1948/342 972/1345/322
f 986/1347/432 982/1340/412 985/1348/319
f 983/1350/371 991/1359/377 992/1351/326
f 994/1353/372 995/1949/334 996/1354/373
f 975/1356/375 974/1334/311 973/1357/363
f 991/1359/377 975/1356/375 997/1360/376
f 998/1362/378 999/1950/423 995/1363/334
f 987/1343/320 1000/1951/350 1001/1364/335
f 1002/1365/336 969/1367/338 968/1329/306
f 1002/1365/336 1003/1952/358 1004/1366/337
f 991/1359/377 983/1350/371 1006/1368/380
f 968/1329/306 967/1331/308 1007/1370/382
f 981/1338/315 980/1377/347 1008/1372/343
f 986/1347/432 990/1953/324 1010/1374/385
f 1011/1375/386 1012/1954/392 1008/1376/343
f 971/1332/309 974/1334/311 977/1336/409
f 976/1335/408 1005/1369/340 1013/1379/418
f 981/1338/315 1009/1955/344 1000/1381/350
f 986/1347/432 978/1339/431 981/1338/315
f 1016/1382/420 1017/1956/424 1018/1383/421
f 975/1356/375 991/1359/377 1005/1369/340
f 977/1336/409 976/1335/408 1014/1385/419
f 1011/1375/386 998/1362/378 994/1353/372
f 978/1339/431 1010/1957/385 1020/1387/456
f 969/1367/338 1004/1958/337 1021/1388/390
f 983/1350/371 982/1340/412 988/1344/321
f 1005/1369/340 1006/1368/380 1022/1389/391
f 998/1362/378 1011/1375/386 980/1377/347
f 1006/1368/380 988/1344/321 1001/1391/335
f 967/1331/308 970/1330/362 1016/1382/420
f 1002/1378/336 977/1336/409 1019/1393/354
f 993/1355/374 996/1959/373 1007/1395/382
f 1015/1384/353 994/1353/372 993/1355/374
f 1015/1384/353 1018/1960/421 1012/1396/392
f 979/1337/410 1020/1961/456 999/1397/423
f 970/1330/362 1021/1962/390 1017/1398/424
f 1024/1399/306 1025/1437/338 1026/1400/362
f 1027/1402/309 1028/1963/322 1029/1403/442
f 1030/1404/443 1031/1426/330 1032/1405/444
f 1035/1407/410 1036/1447/347 1037/1408/315
f 1038/1410/412 1039/1420/371 1040/1411/413
f 1038/1410/412 1042/1417/398 1043/1413/320
f 1024/1399/306 1045/1964/342 1028/1415/322
f 1042/1417/398 1038/1410/412 1041/1418/457
f 1039/1420/371 1047/1429/377 1048/1421/326
f 1050/1423/372 1051/1965/334 1052/1424/459
f 1031/1426/330 1030/1404/443 1029/1427/442
f 1047/1429/377 1031/1426/330 1053/1430/331
f 1054/1432/378 1055/1966/423 1051/1433/334
f 1043/1413/320 1056/1967/350 1057/1434/379
f 1058/1435/336 1025/1437/338 1024/1399/306
f 1058/1435/336 1059/1968/358 1060/1436/337
f 1047/1429/377 1039/1420/371 1062/1438/380
f 1024/1399/306 1023/1401/441 1063/1440/447
f 1037/1408/315 1036/1447/347 1064/1442/383
f 1042/1417/398 1046/1969/458 1066/1444/345
f 1067/1445/386 1068/1970/454 1064/1446/383
f 1027/1402/309 1030/1404/443 1033/1406/364
f 1032/1405/444 1061/1439/461 1069/1449/448
f 1037/1408/315 1065/1971/344 1056/1451/350
f 1042/1417/398 1034/1409/366 1037/1408/315
f 1072/1452/450 1073/1972/455 1074/1453/462
f 1031/1426/330 1047/1429/377 1061/1439/461
f 1033/1406/364 1032/1405/444 1070/1455/449
f 1067/1445/386 1054/1432/378 1050/1423/372
f 1034/1409/366 1066/1973/345 1076/1457/464
f 1025/1437/338 1060/1974/337 1077/1458/390
f 1039/1420/371 1038/1410/412 1044/1414/321
f 1061/1439/461 1062/1438/380 1078/1459/453
f 1054/1432/378 1067/1445/386 1036/1447/347
f 1062/1438/380 1044/1414/321 1057/1461/379
f 1023/1401/441 1026/1400/362 1072/1452/450
f 1058/1448/336 1033/1406/364 1075/1463/463
f 1049/1425/460 1052/1975/459 1063/1465/447
f 1071/1454/451 1050/1423/372 1049/1425/460
f 1071/1454/451 1074/1976/462 1068/1466/454
f 1035/1407/410 1076/1977/464 1055/1467/423
f 1026/1400/362 1077/1978/390 1073/1468/455
f 1080/1469/306 1081/1507/338 1082/1470/407
f 1083/1472/309 1084/1979/322 1085/1473/363
f 1086/1474/311 1087/1496/375 1088/1475/408
f 1091/1477/410 1092/1517/347 1093/1478/315
f 1094/1480/465 1095/1490/371 1096/1481/413
f 1094/1480/465 1098/1487/432 1099/1483/320
f 1080/1469/306 1101/1980/342 1084/1485/322
f 1098/1487/432 1094/1480/465 1097/1488/319
f 1095/1490/371 1103/1499/377 1104/1491/326
f 1106/1493/372 1107/1981/334 1108/1494/373
f 1087/1496/375 1086/1474/311 1085/1497/363
f 1103/1499/377 1087/1496/375 1109/1500/376
f 1110/1502/378 1111/1982/423 1107/1503/334
f 1099/1483/320 1112/1983/350 1113/1504/335
f 1114/1505/336 1081/1507/338 1080/1469/306
f 1114/1505/336 1115/1984/358 1116/1506/337
f 1103/1499/377 1095/1490/371 1118/1508/380
f 1080/1469/306 1079/1471/308 1119/1510/382
f 1093/1478/315 1092/1517/347 1120/1512/343
f 1098/1487/432 1102/1985/370 1122/1514/345
f 1123/1515/386 1124/1986/392 1120/1516/343
f 1083/1472/309 1086/1474/311 1089/1476/409
f 1088/1475/408 1117/1509/340 1125/1519/418
f 1093/1478/315 1121/1987/344 1112/1521/350
f 1098/1487/432 1090/1479/431 1093/1478/315
f 1128/1522/420 1129/1988/424 1130/1523/421
f 1087/1496/375 1103/1499/377 1117/1509/340
f 1089/1476/409 1088/1475/408 1126/1525/419
f 1123/1515/386 1110/1502/378 1106/1493/372
f 1090/1479/431 1122/1989/345 1132/1527/456
f 1081/1507/338 1116/1990/337 1133/1528/390
f 1095/1490/371 1094/1480/465 1100/1484/321
f 1117/1509/340 1118/1508/380 1134/1529/391
f 1110/1502/378 1123/1515/386 1092/1517/347
f 1118/1508/380 1100/1484/321 1113/1531/335
f 1079/1471/308 1082/1470/407 1128/1522/420
f 1114/1518/336 1089/1476/409 1131/1533/354
f 1105/1495/374 1108/1991/373 1119/1535/382
f 1127/1524/353 1106/1493/372 1105/1495/374
f 1127/1524/353 1130/1992/421 1124/1536/392
f 1091/1477/410 1132/1993/456 1111/1537/423
f 1082/1470/407 1133/1994/390 1129/1538/424
f 1136/1539/466 1137/1676/612 1138/1540/467
f 1140/1542/469 1141/1701/613 1142/1543/470
f 1143/1545/472 1144/1995/610 1145/1546/473
f 1152/1705/55 1147/1550/55 1151/1588/55
f 1148/1548/55 1149/1692/55 1150/1549/55
f 1150/1549/55 1151/1588/55 1147/1550/55
f 1154/1551/475 1155/1666/638 1156/1552/476
f 1158/1554/478 1159/1603/611 1160/1555/479
f 1162/1557/481 1163/1631/615 1164/1558/482
f 1140/1542/55 1166/1562/55 1167/1560/55
f 1166/1562/55 1168/1564/55 1169/1563/55
f 1168/1564/55 1170/1566/55 1171/1565/55
f 1170/1566/55 1148/1548/55 1147/1550/55
f 1173/1567/484 1174/1626/609 1175/1568/485
f 1146/1547/487 1176/1571/488 1177/1570/488
f 1176/1571/488 1178/1573/15 1179/1572/15
f 1178/1573/15 1180/1575/489 1181/1574/489
f 1180/1575/489 1135/1541/490 1182/1576/490
f 1184/1577/491 1185/1996/581 1186/1578/492
f 1187/1580/494 1165/1561/547 1167/1560/495
f 1188/1582/496 1167/1560/495 1169/1563/4
f 1169/1563/4 1171/1565/498 1190/1584/497
f 1171/1565/498 1147/1550/542 1191/1586/499
f 1151/1588/500 1150/1549/639 1193/1589/501
f 1184/1591/503 1148/1548/545 1170/1566/504
f 1194/1593/505 1170/1566/504 1168/1564/8
f 1168/1564/8 1166/1562/507 1196/1595/506
f 1166/1562/507 1140/1542/469 1139/1597/471
f 1145/1546/508 1144/1995/631 1197/1599/509
f 1195/1594/511 1199/1997/15 1200/1601/512
f 1158/1554/514 1201/1998/630 1202/1602/515
f 1195/1596/511 1196/1595/521 1203/1604/517
f 1204/1606/518 1205/1999/524 1206/1607/519
f 1196/1598/521 1139/1597/529 1207/1609/522
f 1208/1611/523 1209/2000/55 1205/1612/524
f 1187/1614/525 1211/2001/602 1212/1615/526
f 1208/1617/523 1213/2002/531 1214/1618/528
f 1139/1544/529 1142/1543/617 1215/1620/530
f 1213/1622/531 1216/2003/588 1217/1623/532
f 1173/1567/520 1206/2004/519 1218/1625/533
f 1219/1627/535 1220/1726/629 1221/1628/536
f 1164/1558/538 1223/2005/618 1224/1630/539
f 1165/1561/55 1225/1702/55 1163/1631/55
f 1163/1631/55 1162/1557/55 1140/1542/55
f 1141/1701/55 1140/1542/55 1162/1557/55
f 1172/1569/487 1175/1568/640 1157/1556/541
f 1157/1556/541 1160/1555/541 1146/1547/487
f 1143/1545/641 1146/1547/487 1160/1555/541
f 1147/1550/542 1152/1705/616 1226/1632/543
f 1183/1579/544 1149/1692/608 1148/1548/545
f 1210/1616/546 1225/1702/614 1165/1561/547
f 1146/1547/474 1145/2006/473 1227/1634/548
f 1176/1571/549 1227/2007/548 1228/1635/4
f 1228/1636/4 1229/1686/551 1180/1575/550
f 1229/1637/551 1136/1690/466 1135/1541/468
f 1230/1718/642 1182/1576/490 1156/1552/552
f 1135/1541/490 1138/1540/643 1153/1553/552
f 1153/1553/552 1156/1552/552 1182/1576/490
f 1182/1576/553 1216/2003/632 1213/1622/554
f 1181/1574/555 1213/2002/554 1208/1617/8
f 1208/1611/8 1204/1613/557 1177/1570/556
f 1204/1606/557 1173/1608/484 1172/1569/486
f 1203/1638/558 1207/1661/577 1206/1639/559
f 1199/1641/8 1203/1638/558 1205/1640/560
f 1214/1643/561 1200/1645/563 1199/1641/8
f 1217/1644/562 1185/1660/576 1200/1645/563
f 1197/1646/564 1212/1722/627 1211/1647/565
f 1232/1649/567 1233/1663/579 1234/1650/568
f 1236/1652/4 1232/1649/567 1231/1651/569
f 1237/1654/570 1238/1655/571 1236/1652/4
f 1198/1648/566 1211/1647/565 1238/1655/571
f 1201/1656/572 1224/1721/626 1223/1657/573
f 1239/1659/575 1186/1719/624 1185/1660/576
f 1207/1661/577 1215/1720/625 1218/1662/578
f 1233/1663/579 1240/1725/628 1241/1664/580
f 1194/1592/513 1200/2008/512 1185/1665/581
f 1155/1666/582 1154/1551/644 1219/1667/583
f 1193/1589/585 1221/2009/621 1220/1669/586
f 1216/1670/588 1242/2010/619 1239/1671/589
f 1190/1587/590 1191/1586/605 1233/1673/591
f 1136/1539/593 1234/2011/607 1241/1675/594
f 1189/1585/596 1190/1584/590 1232/1677/592
f 1227/1634/597 1145/2006/508 1198/1679/510
f 1189/1583/596 1236/2012/15 1238/1681/599
f 1228/1635/601 1227/2007/597 1237/1682/598
f 1188/1581/600 1238/2013/599 1211/1684/602
f 1228/1636/601 1235/2014/55 1231/1685/603
f 1191/1633/605 1226/1632/620 1240/1687/606
f 1229/1637/604 1231/2015/603 1234/1689/607
f 1193/1691/501 1150/1549/639 1149/1692/608
f 1157/1556/480 1175/1568/485 1174/1694/609
f 1144/1696/610 1143/1545/472 1160/1555/479
f 1153/1553/477 1138/1540/467 1137/1698/612
f 1161/1700/483 1142/1706/470 1141/1701/613
f 1225/1702/614 1210/1709/546 1164/1703/482
f 1192/1704/502 1226/1714/543 1152/1705/616
f 1142/1706/617 1161/1700/540 1224/1707/539
f 1210/1709/527 1212/2016/526 1223/1710/618
f 1222/1711/584 1239/2017/589 1242/1712/619
f 1226/1714/620 1192/1704/587 1220/1715/586
f 1183/1693/493 1186/2018/492 1221/1717/621
f 1156/1552/476 1155/1713/638 1242/1712/622
f 1222/1629/537 1221/1628/536 1186/1719/624
f 1201/1656/572 1218/1662/578 1215/1720/625
f 1212/1722/627 1197/1646/564 1202/1723/574
f 1219/1627/535 1241/1664/580 1240/1725/628
f 1201/1727/630 1158/1695/514 1174/1694/534
f 1144/1696/631 1159/1697/516 1202/1729/515
f 1219/1731/583 1154/1699/644 1137/1698/595
f 1230/1718/623 1242/2010/622 1216/1670/632
